hotel_id,destination_id,date,day_of_week,is_weekend,is_holiday,occupancy_pct,avg_price_that_night
h_taj_1,taj_mahal,2025-09-04,3,0,0,64.1,45000
h_taj_1,taj_mahal,2025-09-05,4,0,0,72.3,45000
h_taj_1,taj_mahal,2025-09-06,5,1,0,88.6,54000
h_taj_1,taj_mahal,2025-09-07,6,1,0,85.2,54000
h_taj_1,taj_mahal,2025-09-08,0,0,0,64.2,45000
h_taj_1,taj_mahal,2025-09-09,1,0,0,69.1,45000
h_taj_1,taj_mahal,2025-09-10,2,0,0,66.1,45000
h_taj_1,taj_mahal,2025-09-11,3,0,0,68.3,45000
h_taj_1,taj_mahal,2025-09-12,4,0,0,65.8,45000
h_taj_1,taj_mahal,2025-09-13,5,1,0,80.3,45000
h_taj_1,taj_mahal,2025-09-14,6,1,0,74.2,45000
h_taj_1,taj_mahal,2025-09-15,0,0,0,59.5,45000
h_taj_1,taj_mahal,2025-09-16,1,0,0,73.0,45000
h_taj_1,taj_mahal,2025-09-17,2,0,0,57.1,45000
h_taj_1,taj_mahal,2025-09-18,3,0,0,63.4,45000
h_taj_1,taj_mahal,2025-09-19,4,0,0,62.1,45000
h_taj_1,taj_mahal,2025-09-20,5,1,0,79.3,45000
h_taj_1,taj_mahal,2025-09-21,6,1,0,75.1,45000
h_taj_1,taj_mahal,2025-09-22,0,0,0,72.9,45000
h_taj_1,taj_mahal,2025-09-23,1,0,0,56.9,45000
h_taj_1,taj_mahal,2025-09-24,2,0,0,73.4,45000
h_taj_1,taj_mahal,2025-09-25,3,0,0,71.6,45000
h_taj_1,taj_mahal,2025-09-26,4,0,0,71.1,45000
h_taj_1,taj_mahal,2025-09-27,5,1,0,85.8,54000
h_taj_1,taj_mahal,2025-09-28,6,1,0,71.1,45000
h_taj_1,taj_mahal,2025-09-29,0,0,0,64.9,45000
h_taj_1,taj_mahal,2025-09-30,1,0,0,74.8,45000
h_taj_1,taj_mahal,2025-10-01,2,0,0,61.5,45000
h_taj_1,taj_mahal,2025-10-02,3,0,1,97.5,54000
h_taj_1,taj_mahal,2025-10-03,4,0,0,70.6,45000
h_taj_1,taj_mahal,2025-10-04,5,1,0,82.5,45000
h_taj_1,taj_mahal,2025-10-05,6,1,0,89.7,54000
h_taj_1,taj_mahal,2025-10-06,0,0,0,68.7,45000
h_taj_1,taj_mahal,2025-10-07,1,0,0,70.9,45000
h_taj_1,taj_mahal,2025-10-08,2,0,0,62.4,45000
h_taj_1,taj_mahal,2025-10-09,3,0,0,59.6,45000
h_taj_1,taj_mahal,2025-10-10,4,0,0,70.9,45000
h_taj_1,taj_mahal,2025-10-11,5,1,0,88.1,54000
h_taj_1,taj_mahal,2025-10-12,6,1,0,74.0,45000
h_taj_1,taj_mahal,2025-10-13,0,0,0,70.3,45000
h_taj_1,taj_mahal,2025-10-14,1,0,0,61.6,45000
h_taj_1,taj_mahal,2025-10-15,2,0,0,73.2,45000
h_taj_1,taj_mahal,2025-10-16,3,0,0,71.8,45000
h_taj_1,taj_mahal,2025-10-17,4,0,0,66.6,45000
h_taj_1,taj_mahal,2025-10-18,5,1,0,83.3,45000
h_taj_1,taj_mahal,2025-10-19,6,1,0,79.5,45000
h_taj_1,taj_mahal,2025-10-20,0,0,0,58.7,45000
h_taj_1,taj_mahal,2025-10-21,1,0,0,73.4,45000
h_taj_1,taj_mahal,2025-10-22,2,0,0,71.0,45000
h_taj_1,taj_mahal,2025-10-23,3,0,0,63.2,45000
h_taj_1,taj_mahal,2025-10-24,4,0,1,92.0,54000
h_taj_1,taj_mahal,2025-10-25,5,1,0,83.3,45000
h_taj_1,taj_mahal,2025-10-26,6,1,0,86.5,54000
h_taj_1,taj_mahal,2025-10-27,0,0,0,65.6,45000
h_taj_1,taj_mahal,2025-10-28,1,0,0,74.4,45000
h_taj_1,taj_mahal,2025-10-29,2,0,0,56.1,45000
h_taj_1,taj_mahal,2025-10-30,3,0,0,64.4,45000
h_taj_1,taj_mahal,2025-10-31,4,0,0,70.7,45000
h_taj_1,taj_mahal,2025-11-01,5,1,0,95.7,54000
h_taj_1,taj_mahal,2025-11-02,6,1,0,100.0,54000
h_taj_1,taj_mahal,2025-11-03,0,0,0,77.1,45000
h_taj_1,taj_mahal,2025-11-04,1,0,0,79.9,45000
h_taj_1,taj_mahal,2025-11-05,2,0,0,77.1,45000
h_taj_1,taj_mahal,2025-11-06,3,0,0,92.2,54000
h_taj_1,taj_mahal,2025-11-07,4,0,0,78.5,45000
h_taj_1,taj_mahal,2025-11-08,5,1,0,100.0,54000
h_taj_1,taj_mahal,2025-11-09,6,1,0,94.2,54000
h_taj_1,taj_mahal,2025-11-10,0,0,0,90.2,54000
h_taj_1,taj_mahal,2025-11-11,1,0,0,89.9,54000
h_taj_1,taj_mahal,2025-11-12,2,0,1,100.0,54000
h_taj_1,taj_mahal,2025-11-13,3,0,0,79.5,45000
h_taj_1,taj_mahal,2025-11-14,4,0,0,91.9,54000
h_taj_1,taj_mahal,2025-11-15,5,1,0,100.0,54000
h_taj_1,taj_mahal,2025-11-16,6,1,0,100.0,54000
h_taj_1,taj_mahal,2025-11-17,0,0,0,79.3,45000
h_taj_1,taj_mahal,2025-11-18,1,0,0,84.0,45000
h_taj_1,taj_mahal,2025-11-19,2,0,0,80.4,45000
h_taj_1,taj_mahal,2025-11-20,3,0,0,86.9,54000
h_taj_1,taj_mahal,2025-11-21,4,0,0,78.0,45000
h_taj_1,taj_mahal,2025-11-22,5,1,0,100.0,54000
h_taj_1,taj_mahal,2025-11-23,6,1,0,99.4,54000
h_taj_1,taj_mahal,2025-11-24,0,0,0,75.5,45000
h_taj_1,taj_mahal,2025-11-25,1,0,0,83.1,45000
h_taj_1,taj_mahal,2025-11-26,2,0,0,80.5,45000
h_taj_1,taj_mahal,2025-11-27,3,0,0,76.4,45000
h_taj_1,taj_mahal,2025-11-28,4,0,0,93.6,54000
h_taj_1,taj_mahal,2025-11-29,5,1,0,94.3,54000
h_taj_1,taj_mahal,2025-11-30,6,1,0,98.9,54000
h_taj_1,taj_mahal,2025-12-01,0,0,0,93.1,54000
h_taj_1,taj_mahal,2025-12-02,1,0,0,84.5,45000
h_taj_1,taj_mahal,2025-12-03,2,0,0,90.6,54000
h_taj_1,taj_mahal,2025-12-04,3,0,0,79.7,45000
h_taj_1,taj_mahal,2025-12-05,4,0,0,91.6,54000
h_taj_1,taj_mahal,2025-12-06,5,1,0,95.7,54000
h_taj_1,taj_mahal,2025-12-07,6,1,0,100.0,54000
h_taj_1,taj_mahal,2025-12-08,0,0,0,78.1,45000
h_taj_1,taj_mahal,2025-12-09,1,0,0,82.2,45000
h_taj_1,taj_mahal,2025-12-10,2,0,0,79.2,45000
h_taj_1,taj_mahal,2025-12-11,3,0,0,76.4,45000
h_taj_1,taj_mahal,2025-12-12,4,0,0,80.0,45000
h_taj_1,taj_mahal,2025-12-13,5,1,0,98.3,54000
h_taj_1,taj_mahal,2025-12-14,6,1,0,89.7,54000
h_taj_1,taj_mahal,2025-12-15,0,0,0,91.8,54000
h_taj_1,taj_mahal,2025-12-16,1,0,0,90.9,54000
h_taj_1,taj_mahal,2025-12-17,2,0,0,83.5,45000
h_taj_1,taj_mahal,2025-12-18,3,0,0,94.5,54000
h_taj_1,taj_mahal,2025-12-19,4,0,0,75.8,45000
h_taj_1,taj_mahal,2025-12-20,5,1,0,99.9,54000
h_taj_1,taj_mahal,2025-12-21,6,1,0,89.6,54000
h_taj_1,taj_mahal,2025-12-22,0,0,0,91.8,54000
h_taj_1,taj_mahal,2025-12-23,1,0,0,91.8,54000
h_taj_1,taj_mahal,2025-12-24,2,0,0,87.3,54000
h_taj_1,taj_mahal,2025-12-25,3,0,1,100.0,54000
h_taj_1,taj_mahal,2025-12-26,4,0,0,77.5,45000
h_taj_1,taj_mahal,2025-12-27,5,1,0,100.0,54000
h_taj_1,taj_mahal,2025-12-28,6,1,0,100.0,54000
h_taj_1,taj_mahal,2025-12-29,0,0,0,80.4,45000
h_taj_1,taj_mahal,2025-12-30,1,0,0,81.8,45000
h_taj_1,taj_mahal,2025-12-31,2,0,1,100.0,54000
h_taj_1,taj_mahal,2026-01-01,3,0,1,100.0,54000
h_taj_1,taj_mahal,2026-01-02,4,0,0,87.7,54000
h_taj_1,taj_mahal,2026-01-03,5,1,0,100.0,54000
h_taj_1,taj_mahal,2026-01-04,6,1,0,100.0,54000
h_taj_1,taj_mahal,2026-01-05,0,0,0,81.4,45000
h_taj_1,taj_mahal,2026-01-06,1,0,0,91.8,54000
h_taj_1,taj_mahal,2026-01-07,2,0,0,92.1,54000
h_taj_1,taj_mahal,2026-01-08,3,0,0,75.1,45000
h_taj_1,taj_mahal,2026-01-09,4,0,0,82.3,45000
h_taj_1,taj_mahal,2026-01-10,5,1,0,92.3,54000
h_taj_1,taj_mahal,2026-01-11,6,1,0,91.9,54000
h_taj_1,taj_mahal,2026-01-12,0,0,0,82.2,45000
h_taj_1,taj_mahal,2026-01-13,1,0,0,87.2,54000
h_taj_1,taj_mahal,2026-01-14,2,0,0,88.2,54000
h_taj_1,taj_mahal,2026-01-15,3,0,0,79.6,45000
h_taj_1,taj_mahal,2026-01-16,4,0,0,87.0,54000
h_taj_1,taj_mahal,2026-01-17,5,1,0,100.0,54000
h_taj_1,taj_mahal,2026-01-18,6,1,0,91.2,54000
h_taj_1,taj_mahal,2026-01-19,0,0,0,75.0,45000
h_taj_1,taj_mahal,2026-01-20,1,0,0,93.6,54000
h_taj_1,taj_mahal,2026-01-21,2,0,0,84.0,45000
h_taj_1,taj_mahal,2026-01-22,3,0,0,78.0,45000
h_taj_1,taj_mahal,2026-01-23,4,0,0,91.3,54000
h_taj_1,taj_mahal,2026-01-24,5,1,0,94.3,54000
h_taj_1,taj_mahal,2026-01-25,6,1,0,100.0,54000
h_taj_1,taj_mahal,2026-01-26,0,0,1,100.0,54000
h_taj_1,taj_mahal,2026-01-27,1,0,0,79.2,45000
h_taj_1,taj_mahal,2026-01-28,2,0,0,80.4,45000
h_taj_1,taj_mahal,2026-01-29,3,0,0,92.8,54000
h_taj_1,taj_mahal,2026-01-30,4,0,0,87.5,54000
h_taj_1,taj_mahal,2026-01-31,5,1,0,100.0,54000
h_taj_1,taj_mahal,2026-02-01,6,1,0,92.6,54000
h_taj_1,taj_mahal,2026-02-02,0,0,0,83.1,45000
h_taj_1,taj_mahal,2026-02-03,1,0,0,93.8,54000
h_taj_1,taj_mahal,2026-02-04,2,0,0,85.8,54000
h_taj_1,taj_mahal,2026-02-05,3,0,0,76.8,45000
h_taj_1,taj_mahal,2026-02-06,4,0,0,84.5,45000
h_taj_1,taj_mahal,2026-02-07,5,1,0,99.6,54000
h_taj_1,taj_mahal,2026-02-08,6,1,0,98.2,54000
h_taj_1,taj_mahal,2026-02-09,0,0,0,80.2,45000
h_taj_1,taj_mahal,2026-02-10,1,0,0,83.1,45000
h_taj_1,taj_mahal,2026-02-11,2,0,0,88.5,54000
h_taj_1,taj_mahal,2026-02-12,3,0,0,86.6,54000
h_taj_1,taj_mahal,2026-02-13,4,0,0,75.6,45000
h_taj_1,taj_mahal,2026-02-14,5,1,0,89.7,54000
h_taj_1,taj_mahal,2026-02-15,6,1,0,94.1,54000
h_taj_1,taj_mahal,2026-02-16,0,0,0,87.5,54000
h_taj_1,taj_mahal,2026-02-17,1,0,0,93.8,54000
h_taj_1,taj_mahal,2026-02-18,2,0,0,92.5,54000
h_taj_1,taj_mahal,2026-02-19,3,0,0,90.7,54000
h_taj_1,taj_mahal,2026-02-20,4,0,0,90.5,54000
h_taj_1,taj_mahal,2026-02-21,5,1,0,100.0,54000
h_taj_1,taj_mahal,2026-02-22,6,1,0,100.0,54000
h_taj_1,taj_mahal,2026-02-23,0,0,0,94.3,54000
h_taj_1,taj_mahal,2026-02-24,1,0,0,75.4,45000
h_taj_1,taj_mahal,2026-02-25,2,0,0,89.9,54000
h_taj_1,taj_mahal,2026-02-26,3,0,0,82.8,45000
h_taj_1,taj_mahal,2026-02-27,4,0,0,75.5,45000
h_taj_1,taj_mahal,2026-02-28,5,1,0,94.0,54000
h_taj_1,taj_mahal,2026-03-01,6,1,0,73.6,45000
h_taj_1,taj_mahal,2026-03-02,0,0,0,60.2,45000
h_taj_1,taj_mahal,2026-03-03,1,0,0,71.3,45000
h_taj_1,taj_mahal,2026-03-04,2,0,0,58.5,45000
h_taj_1,taj_mahal,2026-03-05,3,0,0,65.4,45000
h_taj_1,taj_mahal,2026-03-06,4,0,0,58.0,45000
h_taj_1,taj_mahal,2026-03-07,5,1,0,88.6,54000
h_taj_1,taj_mahal,2026-03-08,6,1,1,100.0,54000
h_taj_1,taj_mahal,2026-03-09,0,0,0,65.9,45000
h_taj_1,taj_mahal,2026-03-10,1,0,0,72.5,45000
h_taj_1,taj_mahal,2026-03-11,2,0,0,73.7,45000
h_taj_1,taj_mahal,2026-03-12,3,0,0,67.5,45000
h_taj_1,taj_mahal,2026-03-13,4,0,0,66.4,45000
h_taj_1,taj_mahal,2026-03-14,5,1,0,85.7,54000
h_taj_1,taj_mahal,2026-03-15,6,1,0,76.8,45000
h_taj_1,taj_mahal,2026-03-16,0,0,0,57.6,45000
h_taj_1,taj_mahal,2026-03-17,1,0,0,71.8,45000
h_taj_1,taj_mahal,2026-03-18,2,0,0,66.6,45000
h_taj_1,taj_mahal,2026-03-19,3,0,0,62.9,45000
h_taj_1,taj_mahal,2026-03-20,4,0,0,57.0,45000
h_taj_1,taj_mahal,2026-03-21,5,1,0,75.8,45000
h_taj_1,taj_mahal,2026-03-22,6,1,0,77.5,45000
h_taj_1,taj_mahal,2026-03-23,0,0,0,62.4,45000
h_taj_1,taj_mahal,2026-03-24,1,0,0,73.8,45000
h_taj_1,taj_mahal,2026-03-25,2,0,0,70.8,45000
h_taj_1,taj_mahal,2026-03-26,3,0,0,55.3,45000
h_taj_1,taj_mahal,2026-03-27,4,0,0,56.4,45000
h_taj_1,taj_mahal,2026-03-28,5,1,0,71.7,45000
h_taj_1,taj_mahal,2026-03-29,6,1,0,73.4,45000
h_taj_1,taj_mahal,2026-03-30,0,0,0,56.1,45000
h_taj_1,taj_mahal,2026-03-31,1,0,0,74.2,45000
h_taj_1,taj_mahal,2026-04-01,2,0,0,59.7,45000
h_taj_1,taj_mahal,2026-04-02,3,0,0,59.4,45000
h_taj_1,taj_mahal,2026-04-03,4,0,0,47.3,45000
h_taj_1,taj_mahal,2026-04-04,5,1,0,65.5,45000
h_taj_1,taj_mahal,2026-04-05,6,1,0,74.8,45000
h_taj_1,taj_mahal,2026-04-06,0,0,0,56.8,45000
h_taj_1,taj_mahal,2026-04-07,1,0,0,49.9,45000
h_taj_1,taj_mahal,2026-04-08,2,0,0,44.6,45000
h_taj_1,taj_mahal,2026-04-09,3,0,0,46.1,45000
h_taj_1,taj_mahal,2026-04-10,4,0,0,59.7,45000
h_taj_1,taj_mahal,2026-04-11,5,1,0,72.2,45000
h_taj_1,taj_mahal,2026-04-12,6,1,0,74.0,45000
h_taj_1,taj_mahal,2026-04-13,0,0,0,51.4,45000
h_taj_1,taj_mahal,2026-04-14,1,0,0,48.0,45000
h_taj_1,taj_mahal,2026-04-15,2,0,0,56.3,45000
h_taj_1,taj_mahal,2026-04-16,3,0,0,43.3,45000
h_taj_1,taj_mahal,2026-04-17,4,0,0,49.4,45000
h_taj_1,taj_mahal,2026-04-18,5,1,0,62.8,45000
h_taj_1,taj_mahal,2026-04-19,6,1,0,63.1,45000
h_taj_1,taj_mahal,2026-04-20,0,0,0,46.8,45000
h_taj_1,taj_mahal,2026-04-21,1,0,0,61.1,45000
h_taj_1,taj_mahal,2026-04-22,2,0,0,60.7,45000
h_taj_1,taj_mahal,2026-04-23,3,0,0,48.9,45000
h_taj_1,taj_mahal,2026-04-24,4,0,0,51.9,45000
h_taj_1,taj_mahal,2026-04-25,5,1,0,77.0,45000
h_taj_1,taj_mahal,2026-04-26,6,1,0,59.2,45000
h_taj_1,taj_mahal,2026-04-27,0,0,0,59.1,45000
h_taj_1,taj_mahal,2026-04-28,1,0,0,42.5,45000
h_taj_1,taj_mahal,2026-04-29,2,0,0,52.7,45000
h_taj_1,taj_mahal,2026-04-30,3,0,0,46.8,45000
h_taj_1,taj_mahal,2026-05-01,4,0,0,60.1,45000
h_taj_1,taj_mahal,2026-05-02,5,1,0,66.4,45000
h_taj_1,taj_mahal,2026-05-03,6,1,0,62.3,45000
h_taj_1,taj_mahal,2026-05-04,0,0,0,53.6,45000
h_taj_1,taj_mahal,2026-05-05,1,0,0,47.2,45000
h_taj_1,taj_mahal,2026-05-06,2,0,0,57.1,45000
h_taj_1,taj_mahal,2026-05-07,3,0,0,48.7,45000
h_taj_1,taj_mahal,2026-05-08,4,0,0,49.3,45000
h_taj_1,taj_mahal,2026-05-09,5,1,0,58.9,45000
h_taj_1,taj_mahal,2026-05-10,6,1,0,63.2,45000
h_taj_1,taj_mahal,2026-05-11,0,0,0,61.5,45000
h_taj_1,taj_mahal,2026-05-12,1,0,0,61.7,45000
h_taj_1,taj_mahal,2026-05-13,2,0,0,48.7,45000
h_taj_1,taj_mahal,2026-05-14,3,0,0,55.2,45000
h_taj_1,taj_mahal,2026-05-15,4,0,0,49.6,45000
h_taj_1,taj_mahal,2026-05-16,5,1,0,65.1,45000
h_taj_1,taj_mahal,2026-05-17,6,1,0,68.1,45000
h_taj_1,taj_mahal,2026-05-18,0,0,0,49.5,45000
h_taj_1,taj_mahal,2026-05-19,1,0,0,58.8,45000
h_taj_1,taj_mahal,2026-05-20,2,0,0,46.5,45000
h_taj_1,taj_mahal,2026-05-21,3,0,0,49.4,45000
h_taj_1,taj_mahal,2026-05-22,4,0,0,58.9,45000
h_taj_1,taj_mahal,2026-05-23,5,1,0,76.4,45000
h_taj_1,taj_mahal,2026-05-24,6,1,0,68.3,45000
h_taj_1,taj_mahal,2026-05-25,0,0,0,53.1,45000
h_taj_1,taj_mahal,2026-05-26,1,0,0,58.9,45000
h_taj_1,taj_mahal,2026-05-27,2,0,0,45.6,45000
h_taj_1,taj_mahal,2026-05-28,3,0,0,55.9,45000
h_taj_1,taj_mahal,2026-05-29,4,0,0,58.5,45000
h_taj_1,taj_mahal,2026-05-30,5,1,0,65.6,45000
h_taj_1,taj_mahal,2026-05-31,6,1,0,74.9,45000
h_taj_1,taj_mahal,2026-06-01,0,0,0,52.2,45000
h_taj_1,taj_mahal,2026-06-02,1,0,0,46.6,45000
h_taj_1,taj_mahal,2026-06-03,2,0,0,44.2,45000
h_taj_1,taj_mahal,2026-06-04,3,0,0,61.6,45000
h_taj_1,taj_mahal,2026-06-05,4,0,0,53.2,45000
h_taj_1,taj_mahal,2026-06-06,5,1,0,73.4,45000
h_taj_1,taj_mahal,2026-06-07,6,1,0,67.7,45000
h_taj_1,taj_mahal,2026-06-08,0,0,0,55.1,45000
h_taj_1,taj_mahal,2026-06-09,1,0,0,48.0,45000
h_taj_1,taj_mahal,2026-06-10,2,0,0,56.9,45000
h_taj_1,taj_mahal,2026-06-11,3,0,0,59.1,45000
h_taj_1,taj_mahal,2026-06-12,4,0,0,56.3,45000
h_taj_1,taj_mahal,2026-06-13,5,1,0,74.7,45000
h_taj_1,taj_mahal,2026-06-14,6,1,0,64.3,45000
h_taj_1,taj_mahal,2026-06-15,0,0,0,47.1,45000
h_taj_1,taj_mahal,2026-06-16,1,0,0,58.7,45000
h_taj_1,taj_mahal,2026-06-17,2,0,0,47.2,45000
h_taj_1,taj_mahal,2026-06-18,3,0,0,46.4,45000
h_taj_1,taj_mahal,2026-06-19,4,0,0,47.7,45000
h_taj_1,taj_mahal,2026-06-20,5,1,0,58.1,45000
h_taj_1,taj_mahal,2026-06-21,6,1,0,61.6,45000
h_taj_1,taj_mahal,2026-06-22,0,0,0,46.7,45000
h_taj_1,taj_mahal,2026-06-23,1,0,0,59.1,45000
h_taj_1,taj_mahal,2026-06-24,2,0,0,44.1,45000
h_taj_1,taj_mahal,2026-06-25,3,0,0,57.4,45000
h_taj_1,taj_mahal,2026-06-26,4,0,0,53.1,45000
h_taj_1,taj_mahal,2026-06-27,5,1,0,70.0,45000
h_taj_1,taj_mahal,2026-06-28,6,1,0,68.7,45000
h_taj_1,taj_mahal,2026-06-29,0,0,0,60.3,45000
h_taj_1,taj_mahal,2026-06-30,1,0,0,48.7,45000
h_taj_1,taj_mahal,2026-07-01,2,0,0,43.1,45000
h_taj_1,taj_mahal,2026-07-02,3,0,0,47.1,45000
h_taj_1,taj_mahal,2026-07-03,4,0,0,52.3,45000
h_taj_1,taj_mahal,2026-07-04,5,1,0,72.6,45000
h_taj_1,taj_mahal,2026-07-05,6,1,0,71.0,45000
h_taj_1,taj_mahal,2026-07-06,0,0,0,44.5,45000
h_taj_1,taj_mahal,2026-07-07,1,0,0,42.1,45000
h_taj_1,taj_mahal,2026-07-08,2,0,0,55.7,45000
h_taj_1,taj_mahal,2026-07-09,3,0,0,45.0,45000
h_taj_1,taj_mahal,2026-07-10,4,0,0,51.0,45000
h_taj_1,taj_mahal,2026-07-11,5,1,0,66.8,45000
h_taj_1,taj_mahal,2026-07-12,6,1,0,75.4,45000
h_taj_1,taj_mahal,2026-07-13,0,0,0,54.5,45000
h_taj_1,taj_mahal,2026-07-14,1,0,0,47.0,45000
h_taj_1,taj_mahal,2026-07-15,2,0,0,46.7,45000
h_taj_1,taj_mahal,2026-07-16,3,0,0,53.1,45000
h_taj_1,taj_mahal,2026-07-17,4,0,0,45.5,45000
h_taj_1,taj_mahal,2026-07-18,5,1,0,67.3,45000
h_taj_1,taj_mahal,2026-07-19,6,1,0,61.1,45000
h_taj_1,taj_mahal,2026-07-20,0,0,0,61.3,45000
h_taj_1,taj_mahal,2026-07-21,1,0,0,50.5,45000
h_taj_1,taj_mahal,2026-07-22,2,0,0,44.3,45000
h_taj_1,taj_mahal,2026-07-23,3,0,0,53.7,45000
h_taj_1,taj_mahal,2026-07-24,4,0,0,56.8,45000
h_taj_1,taj_mahal,2026-07-25,5,1,0,62.9,45000
h_taj_1,taj_mahal,2026-07-26,6,1,0,67.9,45000
h_taj_1,taj_mahal,2026-07-27,0,0,0,48.4,45000
h_taj_1,taj_mahal,2026-07-28,1,0,0,61.2,45000
h_taj_1,taj_mahal,2026-07-29,2,0,0,54.5,45000
h_taj_1,taj_mahal,2026-07-30,3,0,0,54.0,45000
h_taj_1,taj_mahal,2026-07-31,4,0,0,48.3,45000
h_taj_1,taj_mahal,2026-08-01,5,1,0,84.0,45000
h_taj_1,taj_mahal,2026-08-02,6,1,0,89.3,54000
h_taj_1,taj_mahal,2026-08-03,0,0,0,58.2,45000
h_taj_1,taj_mahal,2026-08-04,1,0,0,56.1,45000
h_taj_1,taj_mahal,2026-08-05,2,0,0,74.2,45000
h_taj_1,taj_mahal,2026-08-06,3,0,0,66.4,45000
h_taj_1,taj_mahal,2026-08-07,4,0,0,64.2,45000
h_taj_1,taj_mahal,2026-08-08,5,1,0,79.9,45000
h_taj_1,taj_mahal,2026-08-09,6,1,0,78.5,45000
h_taj_1,taj_mahal,2026-08-10,0,0,0,60.7,45000
h_taj_1,taj_mahal,2026-08-11,1,0,0,55.3,45000
h_taj_1,taj_mahal,2026-08-12,2,0,0,63.3,45000
h_taj_1,taj_mahal,2026-08-13,3,0,0,70.9,45000
h_taj_1,taj_mahal,2026-08-14,4,0,0,58.8,45000
h_taj_1,taj_mahal,2026-08-15,5,1,1,100.0,54000
h_taj_1,taj_mahal,2026-08-16,6,1,0,89.1,54000
h_taj_1,taj_mahal,2026-08-17,0,0,0,71.7,45000
h_taj_1,taj_mahal,2026-08-18,1,0,0,71.9,45000
h_taj_1,taj_mahal,2026-08-19,2,0,0,63.5,45000
h_taj_1,taj_mahal,2026-08-20,3,0,0,66.0,45000
h_taj_1,taj_mahal,2026-08-21,4,0,0,68.4,45000
h_taj_1,taj_mahal,2026-08-22,5,1,0,71.3,45000
h_taj_1,taj_mahal,2026-08-23,6,1,0,75.8,45000
h_taj_1,taj_mahal,2026-08-24,0,0,0,58.9,45000
h_taj_1,taj_mahal,2026-08-25,1,0,0,60.0,45000
h_taj_1,taj_mahal,2026-08-26,2,0,0,62.2,45000
h_taj_1,taj_mahal,2026-08-27,3,0,0,73.0,45000
h_taj_1,taj_mahal,2026-08-28,4,0,0,57.1,45000
h_taj_1,taj_mahal,2026-08-29,5,1,0,81.7,45000
h_taj_1,taj_mahal,2026-08-30,6,1,0,78.5,45000
h_taj_1,taj_mahal,2026-08-31,0,0,0,57.7,45000
h_taj_1,taj_mahal,2026-09-01,1,0,0,58.9,45000
h_taj_1,taj_mahal,2026-09-02,2,0,0,73.9,45000
h_taj_1,taj_mahal,2026-09-03,3,0,0,69.7,45000
h_taj_2,taj_mahal,2025-09-04,3,0,0,60.4,12000
h_taj_2,taj_mahal,2025-09-05,4,0,0,69.9,12000
h_taj_2,taj_mahal,2025-09-06,5,1,0,75.3,12000
h_taj_2,taj_mahal,2025-09-07,6,1,0,80.7,12000
h_taj_2,taj_mahal,2025-09-08,0,0,0,56.4,12000
h_taj_2,taj_mahal,2025-09-09,1,0,0,72.8,12000
h_taj_2,taj_mahal,2025-09-10,2,0,0,71.6,12000
h_taj_2,taj_mahal,2025-09-11,3,0,0,68.8,12000
h_taj_2,taj_mahal,2025-09-12,4,0,0,65.8,12000
h_taj_2,taj_mahal,2025-09-13,5,1,0,82.4,12000
h_taj_2,taj_mahal,2025-09-14,6,1,0,73.8,12000
h_taj_2,taj_mahal,2025-09-15,0,0,0,67.6,12000
h_taj_2,taj_mahal,2025-09-16,1,0,0,56.5,12000
h_taj_2,taj_mahal,2025-09-17,2,0,0,74.5,12000
h_taj_2,taj_mahal,2025-09-18,3,0,0,57.4,12000
h_taj_2,taj_mahal,2025-09-19,4,0,0,56.8,12000
h_taj_2,taj_mahal,2025-09-20,5,1,0,75.6,12000
h_taj_2,taj_mahal,2025-09-21,6,1,0,78.8,12000
h_taj_2,taj_mahal,2025-09-22,0,0,0,72.4,12000
h_taj_2,taj_mahal,2025-09-23,1,0,0,61.2,12000
h_taj_2,taj_mahal,2025-09-24,2,0,0,61.1,12000
h_taj_2,taj_mahal,2025-09-25,3,0,0,64.2,12000
h_taj_2,taj_mahal,2025-09-26,4,0,0,59.0,12000
h_taj_2,taj_mahal,2025-09-27,5,1,0,82.3,12000
h_taj_2,taj_mahal,2025-09-28,6,1,0,79.1,12000
h_taj_2,taj_mahal,2025-09-29,0,0,0,68.7,12000
h_taj_2,taj_mahal,2025-09-30,1,0,0,68.1,12000
h_taj_2,taj_mahal,2025-10-01,2,0,0,74.8,12000
h_taj_2,taj_mahal,2025-10-02,3,0,1,82.0,12000
h_taj_2,taj_mahal,2025-10-03,4,0,0,62.2,12000
h_taj_2,taj_mahal,2025-10-04,5,1,0,77.8,12000
h_taj_2,taj_mahal,2025-10-05,6,1,0,76.3,12000
h_taj_2,taj_mahal,2025-10-06,0,0,0,59.4,12000
h_taj_2,taj_mahal,2025-10-07,1,0,0,70.8,12000
h_taj_2,taj_mahal,2025-10-08,2,0,0,72.4,12000
h_taj_2,taj_mahal,2025-10-09,3,0,0,69.2,12000
h_taj_2,taj_mahal,2025-10-10,4,0,0,73.6,12000
h_taj_2,taj_mahal,2025-10-11,5,1,0,80.3,12000
h_taj_2,taj_mahal,2025-10-12,6,1,0,80.9,12000
h_taj_2,taj_mahal,2025-10-13,0,0,0,67.0,12000
h_taj_2,taj_mahal,2025-10-14,1,0,0,72.8,12000
h_taj_2,taj_mahal,2025-10-15,2,0,0,63.7,12000
h_taj_2,taj_mahal,2025-10-16,3,0,0,57.7,12000
h_taj_2,taj_mahal,2025-10-17,4,0,0,68.6,12000
h_taj_2,taj_mahal,2025-10-18,5,1,0,79.4,12000
h_taj_2,taj_mahal,2025-10-19,6,1,0,74.4,12000
h_taj_2,taj_mahal,2025-10-20,0,0,0,58.5,12000
h_taj_2,taj_mahal,2025-10-21,1,0,0,69.9,12000
h_taj_2,taj_mahal,2025-10-22,2,0,0,61.6,12000
h_taj_2,taj_mahal,2025-10-23,3,0,0,65.4,12000
h_taj_2,taj_mahal,2025-10-24,4,0,1,96.2,14400
h_taj_2,taj_mahal,2025-10-25,5,1,0,73.9,12000
h_taj_2,taj_mahal,2025-10-26,6,1,0,82.6,12000
h_taj_2,taj_mahal,2025-10-27,0,0,0,59.9,12000
h_taj_2,taj_mahal,2025-10-28,1,0,0,61.1,12000
h_taj_2,taj_mahal,2025-10-29,2,0,0,63.1,12000
h_taj_2,taj_mahal,2025-10-30,3,0,0,68.9,12000
h_taj_2,taj_mahal,2025-10-31,4,0,0,61.4,12000
h_taj_2,taj_mahal,2025-11-01,5,1,0,100.0,14400
h_taj_2,taj_mahal,2025-11-02,6,1,0,97.0,14400
h_taj_2,taj_mahal,2025-11-03,0,0,0,92.7,14400
h_taj_2,taj_mahal,2025-11-04,1,0,0,74.6,12000
h_taj_2,taj_mahal,2025-11-05,2,0,0,79.7,12000
h_taj_2,taj_mahal,2025-11-06,3,0,0,77.8,12000
h_taj_2,taj_mahal,2025-11-07,4,0,0,83.5,12000
h_taj_2,taj_mahal,2025-11-08,5,1,0,100.0,14400
h_taj_2,taj_mahal,2025-11-09,6,1,0,100.0,14400
h_taj_2,taj_mahal,2025-11-10,0,0,0,84.6,12000
h_taj_2,taj_mahal,2025-11-11,1,0,0,90.7,14400
h_taj_2,taj_mahal,2025-11-12,2,0,1,100.0,14400
h_taj_2,taj_mahal,2025-11-13,3,0,0,86.1,14400
h_taj_2,taj_mahal,2025-11-14,4,0,0,85.8,14400
h_taj_2,taj_mahal,2025-11-15,5,1,0,100.0,14400
h_taj_2,taj_mahal,2025-11-16,6,1,0,100.0,14400
h_taj_2,taj_mahal,2025-11-17,0,0,0,82.2,12000
h_taj_2,taj_mahal,2025-11-18,1,0,0,81.0,12000
h_taj_2,taj_mahal,2025-11-19,2,0,0,79.9,12000
h_taj_2,taj_mahal,2025-11-20,3,0,0,90.6,14400
h_taj_2,taj_mahal,2025-11-21,4,0,0,94.5,14400
h_taj_2,taj_mahal,2025-11-22,5,1,0,100.0,14400
h_taj_2,taj_mahal,2025-11-23,6,1,0,100.0,14400
h_taj_2,taj_mahal,2025-11-24,0,0,0,78.8,12000
h_taj_2,taj_mahal,2025-11-25,1,0,0,86.2,14400
h_taj_2,taj_mahal,2025-11-26,2,0,0,87.0,14400
h_taj_2,taj_mahal,2025-11-27,3,0,0,93.3,14400
h_taj_2,taj_mahal,2025-11-28,4,0,0,87.7,14400
h_taj_2,taj_mahal,2025-11-29,5,1,0,98.9,14400
h_taj_2,taj_mahal,2025-11-30,6,1,0,100.0,14400
h_taj_2,taj_mahal,2025-12-01,0,0,0,94.2,14400
h_taj_2,taj_mahal,2025-12-02,1,0,0,92.0,14400
h_taj_2,taj_mahal,2025-12-03,2,0,0,83.8,12000
h_taj_2,taj_mahal,2025-12-04,3,0,0,83.6,12000
h_taj_2,taj_mahal,2025-12-05,4,0,0,79.7,12000
h_taj_2,taj_mahal,2025-12-06,5,1,0,100.0,14400
h_taj_2,taj_mahal,2025-12-07,6,1,0,91.1,14400
h_taj_2,taj_mahal,2025-12-08,0,0,0,78.1,12000
h_taj_2,taj_mahal,2025-12-09,1,0,0,79.6,12000
h_taj_2,taj_mahal,2025-12-10,2,0,0,78.8,12000
h_taj_2,taj_mahal,2025-12-11,3,0,0,84.4,12000
h_taj_2,taj_mahal,2025-12-12,4,0,0,93.1,14400
h_taj_2,taj_mahal,2025-12-13,5,1,0,100.0,14400
h_taj_2,taj_mahal,2025-12-14,6,1,0,100.0,14400
h_taj_2,taj_mahal,2025-12-15,0,0,0,87.5,14400
h_taj_2,taj_mahal,2025-12-16,1,0,0,84.9,12000
h_taj_2,taj_mahal,2025-12-17,2,0,0,89.7,14400
h_taj_2,taj_mahal,2025-12-18,3,0,0,86.8,14400
h_taj_2,taj_mahal,2025-12-19,4,0,0,87.2,14400
h_taj_2,taj_mahal,2025-12-20,5,1,0,100.0,14400
h_taj_2,taj_mahal,2025-12-21,6,1,0,100.0,14400
h_taj_2,taj_mahal,2025-12-22,0,0,0,75.8,12000
h_taj_2,taj_mahal,2025-12-23,1,0,0,76.9,12000
h_taj_2,taj_mahal,2025-12-24,2,0,0,74.8,12000
h_taj_2,taj_mahal,2025-12-25,3,0,1,100.0,14400
h_taj_2,taj_mahal,2025-12-26,4,0,0,83.9,12000
h_taj_2,taj_mahal,2025-12-27,5,1,0,92.1,14400
h_taj_2,taj_mahal,2025-12-28,6,1,0,100.0,14400
h_taj_2,taj_mahal,2025-12-29,0,0,0,83.5,12000
h_taj_2,taj_mahal,2025-12-30,1,0,0,85.0,14400
h_taj_2,taj_mahal,2025-12-31,2,0,1,100.0,14400
h_taj_2,taj_mahal,2026-01-01,3,0,1,100.0,14400
h_taj_2,taj_mahal,2026-01-02,4,0,0,76.7,12000
h_taj_2,taj_mahal,2026-01-03,5,1,0,90.5,14400
h_taj_2,taj_mahal,2026-01-04,6,1,0,97.1,14400
h_taj_2,taj_mahal,2026-01-05,0,0,0,83.9,12000
h_taj_2,taj_mahal,2026-01-06,1,0,0,84.0,12000
h_taj_2,taj_mahal,2026-01-07,2,0,0,87.6,14400
h_taj_2,taj_mahal,2026-01-08,3,0,0,77.6,12000
h_taj_2,taj_mahal,2026-01-09,4,0,0,88.4,14400
h_taj_2,taj_mahal,2026-01-10,5,1,0,96.1,14400
h_taj_2,taj_mahal,2026-01-11,6,1,0,99.1,14400
h_taj_2,taj_mahal,2026-01-12,0,0,0,76.6,12000
h_taj_2,taj_mahal,2026-01-13,1,0,0,93.5,14400
h_taj_2,taj_mahal,2026-01-14,2,0,0,89.3,14400
h_taj_2,taj_mahal,2026-01-15,3,0,0,83.0,12000
h_taj_2,taj_mahal,2026-01-16,4,0,0,78.0,12000
h_taj_2,taj_mahal,2026-01-17,5,1,0,100.0,14400
h_taj_2,taj_mahal,2026-01-18,6,1,0,89.7,14400
h_taj_2,taj_mahal,2026-01-19,0,0,0,91.0,14400
h_taj_2,taj_mahal,2026-01-20,1,0,0,83.1,12000
h_taj_2,taj_mahal,2026-01-21,2,0,0,86.7,14400
h_taj_2,taj_mahal,2026-01-22,3,0,0,83.5,12000
h_taj_2,taj_mahal,2026-01-23,4,0,0,81.6,12000
h_taj_2,taj_mahal,2026-01-24,5,1,0,91.7,14400
h_taj_2,taj_mahal,2026-01-25,6,1,0,95.4,14400
h_taj_2,taj_mahal,2026-01-26,0,0,1,100.0,14400
h_taj_2,taj_mahal,2026-01-27,1,0,0,88.0,14400
h_taj_2,taj_mahal,2026-01-28,2,0,0,87.8,14400
h_taj_2,taj_mahal,2026-01-29,3,0,0,86.2,14400
h_taj_2,taj_mahal,2026-01-30,4,0,0,79.5,12000
h_taj_2,taj_mahal,2026-01-31,5,1,0,100.0,14400
h_taj_2,taj_mahal,2026-02-01,6,1,0,100.0,14400
h_taj_2,taj_mahal,2026-02-02,0,0,0,91.3,14400
h_taj_2,taj_mahal,2026-02-03,1,0,0,79.1,12000
h_taj_2,taj_mahal,2026-02-04,2,0,0,76.0,12000
h_taj_2,taj_mahal,2026-02-05,3,0,0,82.9,12000
h_taj_2,taj_mahal,2026-02-06,4,0,0,77.0,12000
h_taj_2,taj_mahal,2026-02-07,5,1,0,100.0,14400
h_taj_2,taj_mahal,2026-02-08,6,1,0,99.7,14400
h_taj_2,taj_mahal,2026-02-09,0,0,0,74.7,12000
h_taj_2,taj_mahal,2026-02-10,1,0,0,85.4,14400
h_taj_2,taj_mahal,2026-02-11,2,0,0,76.8,12000
h_taj_2,taj_mahal,2026-02-12,3,0,0,81.7,12000
h_taj_2,taj_mahal,2026-02-13,4,0,0,76.9,12000
h_taj_2,taj_mahal,2026-02-14,5,1,0,98.9,14400
h_taj_2,taj_mahal,2026-02-15,6,1,0,98.2,14400
h_taj_2,taj_mahal,2026-02-16,0,0,0,84.2,12000
h_taj_2,taj_mahal,2026-02-17,1,0,0,77.5,12000
h_taj_2,taj_mahal,2026-02-18,2,0,0,92.6,14400
h_taj_2,taj_mahal,2026-02-19,3,0,0,85.9,14400
h_taj_2,taj_mahal,2026-02-20,4,0,0,78.6,12000
h_taj_2,taj_mahal,2026-02-21,5,1,0,93.8,14400
h_taj_2,taj_mahal,2026-02-22,6,1,0,96.9,14400
h_taj_2,taj_mahal,2026-02-23,0,0,0,81.2,12000
h_taj_2,taj_mahal,2026-02-24,1,0,0,75.1,12000
h_taj_2,taj_mahal,2026-02-25,2,0,0,77.5,12000
h_taj_2,taj_mahal,2026-02-26,3,0,0,93.0,14400
h_taj_2,taj_mahal,2026-02-27,4,0,0,80.0,12000
h_taj_2,taj_mahal,2026-02-28,5,1,0,94.4,14400
h_taj_2,taj_mahal,2026-03-01,6,1,0,74.6,12000
h_taj_2,taj_mahal,2026-03-02,0,0,0,70.8,12000
h_taj_2,taj_mahal,2026-03-03,1,0,0,55.1,12000
h_taj_2,taj_mahal,2026-03-04,2,0,0,55.1,12000
h_taj_2,taj_mahal,2026-03-05,3,0,0,74.6,12000
h_taj_2,taj_mahal,2026-03-06,4,0,0,57.2,12000
h_taj_2,taj_mahal,2026-03-07,5,1,0,70.3,12000
h_taj_2,taj_mahal,2026-03-08,6,1,1,100.0,14400
h_taj_2,taj_mahal,2026-03-09,0,0,0,58.0,12000
h_taj_2,taj_mahal,2026-03-10,1,0,0,73.1,12000
h_taj_2,taj_mahal,2026-03-11,2,0,0,70.3,12000
h_taj_2,taj_mahal,2026-03-12,3,0,0,59.6,12000
h_taj_2,taj_mahal,2026-03-13,4,0,0,62.6,12000
h_taj_2,taj_mahal,2026-03-14,5,1,0,88.7,14400
h_taj_2,taj_mahal,2026-03-15,6,1,0,77.1,12000
h_taj_2,taj_mahal,2026-03-16,0,0,0,70.1,12000
h_taj_2,taj_mahal,2026-03-17,1,0,0,69.6,12000
h_taj_2,taj_mahal,2026-03-18,2,0,0,66.6,12000
h_taj_2,taj_mahal,2026-03-19,3,0,0,66.8,12000
h_taj_2,taj_mahal,2026-03-20,4,0,0,65.1,12000
h_taj_2,taj_mahal,2026-03-21,5,1,0,78.5,12000
h_taj_2,taj_mahal,2026-03-22,6,1,0,89.8,14400
h_taj_2,taj_mahal,2026-03-23,0,0,0,58.0,12000
h_taj_2,taj_mahal,2026-03-24,1,0,0,70.5,12000
h_taj_2,taj_mahal,2026-03-25,2,0,0,68.8,12000
h_taj_2,taj_mahal,2026-03-26,3,0,0,63.0,12000
h_taj_2,taj_mahal,2026-03-27,4,0,0,72.7,12000
h_taj_2,taj_mahal,2026-03-28,5,1,0,74.9,12000
h_taj_2,taj_mahal,2026-03-29,6,1,0,90.0,14400
h_taj_2,taj_mahal,2026-03-30,0,0,0,67.7,12000
h_taj_2,taj_mahal,2026-03-31,1,0,0,69.0,12000
h_taj_2,taj_mahal,2026-04-01,2,0,0,52.4,12000
h_taj_2,taj_mahal,2026-04-02,3,0,0,42.2,12000
h_taj_2,taj_mahal,2026-04-03,4,0,0,43.9,12000
h_taj_2,taj_mahal,2026-04-04,5,1,0,73.3,12000
h_taj_2,taj_mahal,2026-04-05,6,1,0,73.7,12000
h_taj_2,taj_mahal,2026-04-06,0,0,0,57.1,12000
h_taj_2,taj_mahal,2026-04-07,1,0,0,62.0,12000
h_taj_2,taj_mahal,2026-04-08,2,0,0,50.6,12000
h_taj_2,taj_mahal,2026-04-09,3,0,0,42.7,12000
h_taj_2,taj_mahal,2026-04-10,4,0,0,42.3,12000
h_taj_2,taj_mahal,2026-04-11,5,1,0,70.6,12000
h_taj_2,taj_mahal,2026-04-12,6,1,0,73.6,12000
h_taj_2,taj_mahal,2026-04-13,0,0,0,50.8,12000
h_taj_2,taj_mahal,2026-04-14,1,0,0,50.7,12000
h_taj_2,taj_mahal,2026-04-15,2,0,0,57.5,12000
h_taj_2,taj_mahal,2026-04-16,3,0,0,51.8,12000
h_taj_2,taj_mahal,2026-04-17,4,0,0,53.5,12000
h_taj_2,taj_mahal,2026-04-18,5,1,0,72.3,12000
h_taj_2,taj_mahal,2026-04-19,6,1,0,61.4,12000
h_taj_2,taj_mahal,2026-04-20,0,0,0,61.3,12000
h_taj_2,taj_mahal,2026-04-21,1,0,0,49.9,12000
h_taj_2,taj_mahal,2026-04-22,2,0,0,50.3,12000
h_taj_2,taj_mahal,2026-04-23,3,0,0,43.6,12000
h_taj_2,taj_mahal,2026-04-24,4,0,0,50.4,12000
h_taj_2,taj_mahal,2026-04-25,5,1,0,73.2,12000
h_taj_2,taj_mahal,2026-04-26,6,1,0,61.7,12000
h_taj_2,taj_mahal,2026-04-27,0,0,0,54.6,12000
h_taj_2,taj_mahal,2026-04-28,1,0,0,44.4,12000
h_taj_2,taj_mahal,2026-04-29,2,0,0,42.5,12000
h_taj_2,taj_mahal,2026-04-30,3,0,0,43.0,12000
h_taj_2,taj_mahal,2026-05-01,4,0,0,44.1,12000
h_taj_2,taj_mahal,2026-05-02,5,1,0,64.2,12000
h_taj_2,taj_mahal,2026-05-03,6,1,0,74.8,12000
h_taj_2,taj_mahal,2026-05-04,0,0,0,44.2,12000
h_taj_2,taj_mahal,2026-05-05,1,0,0,53.4,12000
h_taj_2,taj_mahal,2026-05-06,2,0,0,46.8,12000
h_taj_2,taj_mahal,2026-05-07,3,0,0,55.4,12000
h_taj_2,taj_mahal,2026-05-08,4,0,0,58.1,12000
h_taj_2,taj_mahal,2026-05-09,5,1,0,61.8,12000
h_taj_2,taj_mahal,2026-05-10,6,1,0,74.3,12000
h_taj_2,taj_mahal,2026-05-11,0,0,0,54.6,12000
h_taj_2,taj_mahal,2026-05-12,1,0,0,53.6,12000
h_taj_2,taj_mahal,2026-05-13,2,0,0,48.8,12000
h_taj_2,taj_mahal,2026-05-14,3,0,0,44.6,12000
h_taj_2,taj_mahal,2026-05-15,4,0,0,59.8,12000
h_taj_2,taj_mahal,2026-05-16,5,1,0,77.0,12000
h_taj_2,taj_mahal,2026-05-17,6,1,0,64.5,12000
h_taj_2,taj_mahal,2026-05-18,0,0,0,42.1,12000
h_taj_2,taj_mahal,2026-05-19,1,0,0,45.1,12000
h_taj_2,taj_mahal,2026-05-20,2,0,0,49.4,12000
h_taj_2,taj_mahal,2026-05-21,3,0,0,52.6,12000
h_taj_2,taj_mahal,2026-05-22,4,0,0,46.3,12000
h_taj_2,taj_mahal,2026-05-23,5,1,0,65.8,12000
h_taj_2,taj_mahal,2026-05-24,6,1,0,61.9,12000
h_taj_2,taj_mahal,2026-05-25,0,0,0,55.5,12000
h_taj_2,taj_mahal,2026-05-26,1,0,0,53.9,12000
h_taj_2,taj_mahal,2026-05-27,2,0,0,60.4,12000
h_taj_2,taj_mahal,2026-05-28,3,0,0,54.9,12000
h_taj_2,taj_mahal,2026-05-29,4,0,0,43.5,12000
h_taj_2,taj_mahal,2026-05-30,5,1,0,69.7,12000
h_taj_2,taj_mahal,2026-05-31,6,1,0,60.2,12000
h_taj_2,taj_mahal,2026-06-01,0,0,0,50.9,12000
h_taj_2,taj_mahal,2026-06-02,1,0,0,61.1,12000
h_taj_2,taj_mahal,2026-06-03,2,0,0,44.1,12000
h_taj_2,taj_mahal,2026-06-04,3,0,0,45.1,12000
h_taj_2,taj_mahal,2026-06-05,4,0,0,56.4,12000
h_taj_2,taj_mahal,2026-06-06,5,1,0,67.0,12000
h_taj_2,taj_mahal,2026-06-07,6,1,0,59.2,12000
h_taj_2,taj_mahal,2026-06-08,0,0,0,49.6,12000
h_taj_2,taj_mahal,2026-06-09,1,0,0,60.3,12000
h_taj_2,taj_mahal,2026-06-10,2,0,0,44.1,12000
h_taj_2,taj_mahal,2026-06-11,3,0,0,57.4,12000
h_taj_2,taj_mahal,2026-06-12,4,0,0,47.2,12000
h_taj_2,taj_mahal,2026-06-13,5,1,0,64.9,12000
h_taj_2,taj_mahal,2026-06-14,6,1,0,65.6,12000
h_taj_2,taj_mahal,2026-06-15,0,0,0,53.9,12000
h_taj_2,taj_mahal,2026-06-16,1,0,0,57.5,12000
h_taj_2,taj_mahal,2026-06-17,2,0,0,61.1,12000
h_taj_2,taj_mahal,2026-06-18,3,0,0,49.2,12000
h_taj_2,taj_mahal,2026-06-19,4,0,0,47.5,12000
h_taj_2,taj_mahal,2026-06-20,5,1,0,60.2,12000
h_taj_2,taj_mahal,2026-06-21,6,1,0,65.4,12000
h_taj_2,taj_mahal,2026-06-22,0,0,0,50.1,12000
h_taj_2,taj_mahal,2026-06-23,1,0,0,44.3,12000
h_taj_2,taj_mahal,2026-06-24,2,0,0,46.1,12000
h_taj_2,taj_mahal,2026-06-25,3,0,0,46.5,12000
h_taj_2,taj_mahal,2026-06-26,4,0,0,47.0,12000
h_taj_2,taj_mahal,2026-06-27,5,1,0,62.2,12000
h_taj_2,taj_mahal,2026-06-28,6,1,0,67.8,12000
h_taj_2,taj_mahal,2026-06-29,0,0,0,47.9,12000
h_taj_2,taj_mahal,2026-06-30,1,0,0,49.8,12000
h_taj_2,taj_mahal,2026-07-01,2,0,0,58.9,12000
h_taj_2,taj_mahal,2026-07-02,3,0,0,54.2,12000
h_taj_2,taj_mahal,2026-07-03,4,0,0,48.5,12000
h_taj_2,taj_mahal,2026-07-04,5,1,0,63.9,12000
h_taj_2,taj_mahal,2026-07-05,6,1,0,57.4,12000
h_taj_2,taj_mahal,2026-07-06,0,0,0,61.7,12000
h_taj_2,taj_mahal,2026-07-07,1,0,0,43.3,12000
h_taj_2,taj_mahal,2026-07-08,2,0,0,42.5,12000
h_taj_2,taj_mahal,2026-07-09,3,0,0,61.3,12000
h_taj_2,taj_mahal,2026-07-10,4,0,0,44.0,12000
h_taj_2,taj_mahal,2026-07-11,5,1,0,65.4,12000
h_taj_2,taj_mahal,2026-07-12,6,1,0,58.4,12000
h_taj_2,taj_mahal,2026-07-13,0,0,0,58.2,12000
h_taj_2,taj_mahal,2026-07-14,1,0,0,51.3,12000
h_taj_2,taj_mahal,2026-07-15,2,0,0,53.1,12000
h_taj_2,taj_mahal,2026-07-16,3,0,0,56.7,12000
h_taj_2,taj_mahal,2026-07-17,4,0,0,51.2,12000
h_taj_2,taj_mahal,2026-07-18,5,1,0,66.7,12000
h_taj_2,taj_mahal,2026-07-19,6,1,0,57.5,12000
h_taj_2,taj_mahal,2026-07-20,0,0,0,55.7,12000
h_taj_2,taj_mahal,2026-07-21,1,0,0,57.4,12000
h_taj_2,taj_mahal,2026-07-22,2,0,0,44.0,12000
h_taj_2,taj_mahal,2026-07-23,3,0,0,52.9,12000
h_taj_2,taj_mahal,2026-07-24,4,0,0,59.2,12000
h_taj_2,taj_mahal,2026-07-25,5,1,0,61.2,12000
h_taj_2,taj_mahal,2026-07-26,6,1,0,64.8,12000
h_taj_2,taj_mahal,2026-07-27,0,0,0,47.1,12000
h_taj_2,taj_mahal,2026-07-28,1,0,0,58.0,12000
h_taj_2,taj_mahal,2026-07-29,2,0,0,54.5,12000
h_taj_2,taj_mahal,2026-07-30,3,0,0,52.4,12000
h_taj_2,taj_mahal,2026-07-31,4,0,0,51.2,12000
h_taj_2,taj_mahal,2026-08-01,5,1,0,84.2,12000
h_taj_2,taj_mahal,2026-08-02,6,1,0,85.9,14400
h_taj_2,taj_mahal,2026-08-03,0,0,0,56.9,12000
h_taj_2,taj_mahal,2026-08-04,1,0,0,64.9,12000
h_taj_2,taj_mahal,2026-08-05,2,0,0,72.5,12000
h_taj_2,taj_mahal,2026-08-06,3,0,0,58.0,12000
h_taj_2,taj_mahal,2026-08-07,4,0,0,72.8,12000
h_taj_2,taj_mahal,2026-08-08,5,1,0,72.4,12000
h_taj_2,taj_mahal,2026-08-09,6,1,0,89.7,14400
h_taj_2,taj_mahal,2026-08-10,0,0,0,73.8,12000
h_taj_2,taj_mahal,2026-08-11,1,0,0,63.9,12000
h_taj_2,taj_mahal,2026-08-12,2,0,0,70.5,12000
h_taj_2,taj_mahal,2026-08-13,3,0,0,70.9,12000
h_taj_2,taj_mahal,2026-08-14,4,0,0,60.2,12000
h_taj_2,taj_mahal,2026-08-15,5,1,1,100.0,14400
h_taj_2,taj_mahal,2026-08-16,6,1,0,82.7,12000
h_taj_2,taj_mahal,2026-08-17,0,0,0,67.0,12000
h_taj_2,taj_mahal,2026-08-18,1,0,0,57.7,12000
h_taj_2,taj_mahal,2026-08-19,2,0,0,56.5,12000
h_taj_2,taj_mahal,2026-08-20,3,0,0,69.5,12000
h_taj_2,taj_mahal,2026-08-21,4,0,0,74.3,12000
h_taj_2,taj_mahal,2026-08-22,5,1,0,85.5,14400
h_taj_2,taj_mahal,2026-08-23,6,1,0,81.6,12000
h_taj_2,taj_mahal,2026-08-24,0,0,0,66.9,12000
h_taj_2,taj_mahal,2026-08-25,1,0,0,62.8,12000
h_taj_2,taj_mahal,2026-08-26,2,0,0,72.1,12000
h_taj_2,taj_mahal,2026-08-27,3,0,0,62.9,12000
h_taj_2,taj_mahal,2026-08-28,4,0,0,62.3,12000
h_taj_2,taj_mahal,2026-08-29,5,1,0,85.6,14400
h_taj_2,taj_mahal,2026-08-30,6,1,0,78.4,12000
h_taj_2,taj_mahal,2026-08-31,0,0,0,63.9,12000
h_taj_2,taj_mahal,2026-09-01,1,0,0,63.3,12000
h_taj_2,taj_mahal,2026-09-02,2,0,0,71.2,12000
h_taj_2,taj_mahal,2026-09-03,3,0,0,56.2,12000
h_taj_3,taj_mahal,2025-09-04,3,0,0,58.6,800
h_taj_3,taj_mahal,2025-09-05,4,0,0,63.8,800
h_taj_3,taj_mahal,2025-09-06,5,1,0,64.2,800
h_taj_3,taj_mahal,2025-09-07,6,1,0,70.4,800
h_taj_3,taj_mahal,2025-09-08,0,0,0,52.9,800
h_taj_3,taj_mahal,2025-09-09,1,0,0,47.0,800
h_taj_3,taj_mahal,2025-09-10,2,0,0,63.6,800
h_taj_3,taj_mahal,2025-09-11,3,0,0,46.6,800
h_taj_3,taj_mahal,2025-09-12,4,0,0,53.5,800
h_taj_3,taj_mahal,2025-09-13,5,1,0,69.8,800
h_taj_3,taj_mahal,2025-09-14,6,1,0,76.1,800
h_taj_3,taj_mahal,2025-09-15,0,0,0,56.1,800
h_taj_3,taj_mahal,2025-09-16,1,0,0,62.3,800
h_taj_3,taj_mahal,2025-09-17,2,0,0,63.7,800
h_taj_3,taj_mahal,2025-09-18,3,0,0,64.6,800
h_taj_3,taj_mahal,2025-09-19,4,0,0,56.9,800
h_taj_3,taj_mahal,2025-09-20,5,1,0,75.2,800
h_taj_3,taj_mahal,2025-09-21,6,1,0,75.4,800
h_taj_3,taj_mahal,2025-09-22,0,0,0,49.9,800
h_taj_3,taj_mahal,2025-09-23,1,0,0,54.8,800
h_taj_3,taj_mahal,2025-09-24,2,0,0,57.0,800
h_taj_3,taj_mahal,2025-09-25,3,0,0,48.4,800
h_taj_3,taj_mahal,2025-09-26,4,0,0,54.9,800
h_taj_3,taj_mahal,2025-09-27,5,1,0,68.1,800
h_taj_3,taj_mahal,2025-09-28,6,1,0,65.4,800
h_taj_3,taj_mahal,2025-09-29,0,0,0,56.6,800
h_taj_3,taj_mahal,2025-09-30,1,0,0,46.3,800
h_taj_3,taj_mahal,2025-10-01,2,0,0,55.0,800
h_taj_3,taj_mahal,2025-10-02,3,0,1,74.6,800
h_taj_3,taj_mahal,2025-10-03,4,0,0,52.7,800
h_taj_3,taj_mahal,2025-10-04,5,1,0,65.6,800
h_taj_3,taj_mahal,2025-10-05,6,1,0,68.3,800
h_taj_3,taj_mahal,2025-10-06,0,0,0,61.2,800
h_taj_3,taj_mahal,2025-10-07,1,0,0,49.0,800
h_taj_3,taj_mahal,2025-10-08,2,0,0,55.6,800
h_taj_3,taj_mahal,2025-10-09,3,0,0,48.6,800
h_taj_3,taj_mahal,2025-10-10,4,0,0,63.7,800
h_taj_3,taj_mahal,2025-10-11,5,1,0,77.1,800
h_taj_3,taj_mahal,2025-10-12,6,1,0,67.6,800
h_taj_3,taj_mahal,2025-10-13,0,0,0,46.0,800
h_taj_3,taj_mahal,2025-10-14,1,0,0,58.4,800
h_taj_3,taj_mahal,2025-10-15,2,0,0,64.7,800
h_taj_3,taj_mahal,2025-10-16,3,0,0,50.7,800
h_taj_3,taj_mahal,2025-10-17,4,0,0,54.7,800
h_taj_3,taj_mahal,2025-10-18,5,1,0,63.2,800
h_taj_3,taj_mahal,2025-10-19,6,1,0,77.6,800
h_taj_3,taj_mahal,2025-10-20,0,0,0,49.5,800
h_taj_3,taj_mahal,2025-10-21,1,0,0,56.6,800
h_taj_3,taj_mahal,2025-10-22,2,0,0,50.2,800
h_taj_3,taj_mahal,2025-10-23,3,0,0,46.5,800
h_taj_3,taj_mahal,2025-10-24,4,0,1,76.8,800
h_taj_3,taj_mahal,2025-10-25,5,1,0,76.8,800
h_taj_3,taj_mahal,2025-10-26,6,1,0,79.6,800
h_taj_3,taj_mahal,2025-10-27,0,0,0,56.0,800
h_taj_3,taj_mahal,2025-10-28,1,0,0,62.8,800
h_taj_3,taj_mahal,2025-10-29,2,0,0,62.2,800
h_taj_3,taj_mahal,2025-10-30,3,0,0,48.8,800
h_taj_3,taj_mahal,2025-10-31,4,0,0,51.9,800
h_taj_3,taj_mahal,2025-11-01,5,1,0,85.9,960
h_taj_3,taj_mahal,2025-11-02,6,1,0,77.7,800
h_taj_3,taj_mahal,2025-11-03,0,0,0,81.5,800
h_taj_3,taj_mahal,2025-11-04,1,0,0,80.9,800
h_taj_3,taj_mahal,2025-11-05,2,0,0,76.8,800
h_taj_3,taj_mahal,2025-11-06,3,0,0,63.0,800
h_taj_3,taj_mahal,2025-11-07,4,0,0,79.8,800
h_taj_3,taj_mahal,2025-11-08,5,1,0,95.5,960
h_taj_3,taj_mahal,2025-11-09,6,1,0,83.6,800
h_taj_3,taj_mahal,2025-11-10,0,0,0,73.0,800
h_taj_3,taj_mahal,2025-11-11,1,0,0,78.5,800
h_taj_3,taj_mahal,2025-11-12,2,0,1,100.0,960
h_taj_3,taj_mahal,2025-11-13,3,0,0,72.1,800
h_taj_3,taj_mahal,2025-11-14,4,0,0,80.6,800
h_taj_3,taj_mahal,2025-11-15,5,1,0,81.4,800
h_taj_3,taj_mahal,2025-11-16,6,1,0,93.9,960
h_taj_3,taj_mahal,2025-11-17,0,0,0,71.0,800
h_taj_3,taj_mahal,2025-11-18,1,0,0,61.5,800
h_taj_3,taj_mahal,2025-11-19,2,0,0,73.8,800
h_taj_3,taj_mahal,2025-11-20,3,0,0,78.7,800
h_taj_3,taj_mahal,2025-11-21,4,0,0,80.5,800
h_taj_3,taj_mahal,2025-11-22,5,1,0,90.1,960
h_taj_3,taj_mahal,2025-11-23,6,1,0,89.5,960
h_taj_3,taj_mahal,2025-11-24,0,0,0,78.3,800
h_taj_3,taj_mahal,2025-11-25,1,0,0,74.5,800
h_taj_3,taj_mahal,2025-11-26,2,0,0,70.4,800
h_taj_3,taj_mahal,2025-11-27,3,0,0,69.5,800
h_taj_3,taj_mahal,2025-11-28,4,0,0,65.6,800
h_taj_3,taj_mahal,2025-11-29,5,1,0,90.6,960
h_taj_3,taj_mahal,2025-11-30,6,1,0,83.9,800
h_taj_3,taj_mahal,2025-12-01,0,0,0,62.2,800
h_taj_3,taj_mahal,2025-12-02,1,0,0,81.4,800
h_taj_3,taj_mahal,2025-12-03,2,0,0,79.1,800
h_taj_3,taj_mahal,2025-12-04,3,0,0,62.2,800
h_taj_3,taj_mahal,2025-12-05,4,0,0,75.7,800
h_taj_3,taj_mahal,2025-12-06,5,1,0,82.1,800
h_taj_3,taj_mahal,2025-12-07,6,1,0,94.7,960
h_taj_3,taj_mahal,2025-12-08,0,0,0,62.3,800
h_taj_3,taj_mahal,2025-12-09,1,0,0,78.7,800
h_taj_3,taj_mahal,2025-12-10,2,0,0,68.6,800
h_taj_3,taj_mahal,2025-12-11,3,0,0,70.0,800
h_taj_3,taj_mahal,2025-12-12,4,0,0,62.6,800
h_taj_3,taj_mahal,2025-12-13,5,1,0,90.4,960
h_taj_3,taj_mahal,2025-12-14,6,1,0,87.7,960
h_taj_3,taj_mahal,2025-12-15,0,0,0,74.7,800
h_taj_3,taj_mahal,2025-12-16,1,0,0,77.9,800
h_taj_3,taj_mahal,2025-12-17,2,0,0,72.4,800
h_taj_3,taj_mahal,2025-12-18,3,0,0,76.6,800
h_taj_3,taj_mahal,2025-12-19,4,0,0,64.7,800
h_taj_3,taj_mahal,2025-12-20,5,1,0,82.3,800
h_taj_3,taj_mahal,2025-12-21,6,1,0,96.1,960
h_taj_3,taj_mahal,2025-12-22,0,0,0,65.7,800
h_taj_3,taj_mahal,2025-12-23,1,0,0,62.2,800
h_taj_3,taj_mahal,2025-12-24,2,0,0,77.8,800
h_taj_3,taj_mahal,2025-12-25,3,0,1,98.2,960
h_taj_3,taj_mahal,2025-12-26,4,0,0,65.2,800
h_taj_3,taj_mahal,2025-12-27,5,1,0,77.2,800
h_taj_3,taj_mahal,2025-12-28,6,1,0,86.3,960
h_taj_3,taj_mahal,2025-12-29,0,0,0,66.5,800
h_taj_3,taj_mahal,2025-12-30,1,0,0,73.6,800
h_taj_3,taj_mahal,2025-12-31,2,0,1,100.0,960
h_taj_3,taj_mahal,2026-01-01,3,0,1,100.0,960
h_taj_3,taj_mahal,2026-01-02,4,0,0,71.3,800
h_taj_3,taj_mahal,2026-01-03,5,1,0,77.1,800
h_taj_3,taj_mahal,2026-01-04,6,1,0,88.8,960
h_taj_3,taj_mahal,2026-01-05,0,0,0,64.0,800
h_taj_3,taj_mahal,2026-01-06,1,0,0,78.1,800
h_taj_3,taj_mahal,2026-01-07,2,0,0,74.0,800
h_taj_3,taj_mahal,2026-01-08,3,0,0,73.8,800
h_taj_3,taj_mahal,2026-01-09,4,0,0,65.1,800
h_taj_3,taj_mahal,2026-01-10,5,1,0,93.0,960
h_taj_3,taj_mahal,2026-01-11,6,1,0,81.2,800
h_taj_3,taj_mahal,2026-01-12,0,0,0,62.3,800
h_taj_3,taj_mahal,2026-01-13,1,0,0,79.5,800
h_taj_3,taj_mahal,2026-01-14,2,0,0,78.9,800
h_taj_3,taj_mahal,2026-01-15,3,0,0,65.4,800
h_taj_3,taj_mahal,2026-01-16,4,0,0,70.0,800
h_taj_3,taj_mahal,2026-01-17,5,1,0,85.5,960
h_taj_3,taj_mahal,2026-01-18,6,1,0,78.9,800
h_taj_3,taj_mahal,2026-01-19,0,0,0,73.3,800
h_taj_3,taj_mahal,2026-01-20,1,0,0,71.1,800
h_taj_3,taj_mahal,2026-01-21,2,0,0,63.4,800
h_taj_3,taj_mahal,2026-01-22,3,0,0,63.4,800
h_taj_3,taj_mahal,2026-01-23,4,0,0,74.9,800
h_taj_3,taj_mahal,2026-01-24,5,1,0,89.3,960
h_taj_3,taj_mahal,2026-01-25,6,1,0,91.5,960
h_taj_3,taj_mahal,2026-01-26,0,0,1,94.9,960
h_taj_3,taj_mahal,2026-01-27,1,0,0,74.0,800
h_taj_3,taj_mahal,2026-01-28,2,0,0,70.5,800
h_taj_3,taj_mahal,2026-01-29,3,0,0,74.7,800
h_taj_3,taj_mahal,2026-01-30,4,0,0,79.9,800
h_taj_3,taj_mahal,2026-01-31,5,1,0,88.2,960
h_taj_3,taj_mahal,2026-02-01,6,1,0,94.6,960
h_taj_3,taj_mahal,2026-02-02,0,0,0,78.5,800
h_taj_3,taj_mahal,2026-02-03,1,0,0,71.7,800
h_taj_3,taj_mahal,2026-02-04,2,0,0,65.9,800
h_taj_3,taj_mahal,2026-02-05,3,0,0,70.3,800
h_taj_3,taj_mahal,2026-02-06,4,0,0,68.8,800
h_taj_3,taj_mahal,2026-02-07,5,1,0,88.4,960
h_taj_3,taj_mahal,2026-02-08,6,1,0,91.8,960
h_taj_3,taj_mahal,2026-02-09,0,0,0,65.7,800
h_taj_3,taj_mahal,2026-02-10,1,0,0,68.3,800
h_taj_3,taj_mahal,2026-02-11,2,0,0,74.9,800
h_taj_3,taj_mahal,2026-02-12,3,0,0,69.7,800
h_taj_3,taj_mahal,2026-02-13,4,0,0,73.6,800
h_taj_3,taj_mahal,2026-02-14,5,1,0,90.0,960
h_taj_3,taj_mahal,2026-02-15,6,1,0,86.0,960
h_taj_3,taj_mahal,2026-02-16,0,0,0,77.9,800
h_taj_3,taj_mahal,2026-02-17,1,0,0,79.4,800
h_taj_3,taj_mahal,2026-02-18,2,0,0,79.8,800
h_taj_3,taj_mahal,2026-02-19,3,0,0,67.2,800
h_taj_3,taj_mahal,2026-02-20,4,0,0,73.7,800
h_taj_3,taj_mahal,2026-02-21,5,1,0,91.8,960
h_taj_3,taj_mahal,2026-02-22,6,1,0,86.6,960
h_taj_3,taj_mahal,2026-02-23,0,0,0,72.2,800
h_taj_3,taj_mahal,2026-02-24,1,0,0,71.3,800
h_taj_3,taj_mahal,2026-02-25,2,0,0,77.5,800
h_taj_3,taj_mahal,2026-02-26,3,0,0,70.3,800
h_taj_3,taj_mahal,2026-02-27,4,0,0,78.1,800
h_taj_3,taj_mahal,2026-02-28,5,1,0,87.1,960
h_taj_3,taj_mahal,2026-03-01,6,1,0,69.4,800
h_taj_3,taj_mahal,2026-03-02,0,0,0,51.6,800
h_taj_3,taj_mahal,2026-03-03,1,0,0,58.5,800
h_taj_3,taj_mahal,2026-03-04,2,0,0,61.1,800
h_taj_3,taj_mahal,2026-03-05,3,0,0,63.7,800
h_taj_3,taj_mahal,2026-03-06,4,0,0,54.9,800
h_taj_3,taj_mahal,2026-03-07,5,1,0,76.9,800
h_taj_3,taj_mahal,2026-03-08,6,1,1,96.1,960
h_taj_3,taj_mahal,2026-03-09,0,0,0,48.8,800
h_taj_3,taj_mahal,2026-03-10,1,0,0,56.1,800
h_taj_3,taj_mahal,2026-03-11,2,0,0,52.4,800
h_taj_3,taj_mahal,2026-03-12,3,0,0,60.8,800
h_taj_3,taj_mahal,2026-03-13,4,0,0,48.4,800
h_taj_3,taj_mahal,2026-03-14,5,1,0,68.7,800
h_taj_3,taj_mahal,2026-03-15,6,1,0,77.1,800
h_taj_3,taj_mahal,2026-03-16,0,0,0,46.3,800
h_taj_3,taj_mahal,2026-03-17,1,0,0,47.0,800
h_taj_3,taj_mahal,2026-03-18,2,0,0,60.2,800
h_taj_3,taj_mahal,2026-03-19,3,0,0,51.2,800
h_taj_3,taj_mahal,2026-03-20,4,0,0,47.5,800
h_taj_3,taj_mahal,2026-03-21,5,1,0,69.9,800
h_taj_3,taj_mahal,2026-03-22,6,1,0,78.7,800
h_taj_3,taj_mahal,2026-03-23,0,0,0,51.1,800
h_taj_3,taj_mahal,2026-03-24,1,0,0,54.4,800
h_taj_3,taj_mahal,2026-03-25,2,0,0,45.6,800
h_taj_3,taj_mahal,2026-03-26,3,0,0,45.4,800
h_taj_3,taj_mahal,2026-03-27,4,0,0,47.2,800
h_taj_3,taj_mahal,2026-03-28,5,1,0,79.4,800
h_taj_3,taj_mahal,2026-03-29,6,1,0,73.9,800
h_taj_3,taj_mahal,2026-03-30,0,0,0,53.6,800
h_taj_3,taj_mahal,2026-03-31,1,0,0,49.7,800
h_taj_3,taj_mahal,2026-04-01,2,0,0,42.3,800
h_taj_3,taj_mahal,2026-04-02,3,0,0,50.2,800
h_taj_3,taj_mahal,2026-04-03,4,0,0,35.1,640
h_taj_3,taj_mahal,2026-04-04,5,1,0,68.7,800
h_taj_3,taj_mahal,2026-04-05,6,1,0,67.4,800
h_taj_3,taj_mahal,2026-04-06,0,0,0,40.9,800
h_taj_3,taj_mahal,2026-04-07,1,0,0,46.7,800
h_taj_3,taj_mahal,2026-04-08,2,0,0,37.2,640
h_taj_3,taj_mahal,2026-04-09,3,0,0,38.2,640
h_taj_3,taj_mahal,2026-04-10,4,0,0,48.5,800
h_taj_3,taj_mahal,2026-04-11,5,1,0,50.3,800
h_taj_3,taj_mahal,2026-04-12,6,1,0,61.3,800
h_taj_3,taj_mahal,2026-04-13,0,0,0,45.1,800
h_taj_3,taj_mahal,2026-04-14,1,0,0,39.9,640
h_taj_3,taj_mahal,2026-04-15,2,0,0,53.9,800
h_taj_3,taj_mahal,2026-04-16,3,0,0,43.4,800
h_taj_3,taj_mahal,2026-04-17,4,0,0,46.5,800
h_taj_3,taj_mahal,2026-04-18,5,1,0,58.1,800
h_taj_3,taj_mahal,2026-04-19,6,1,0,52.2,800
h_taj_3,taj_mahal,2026-04-20,0,0,0,39.2,640
h_taj_3,taj_mahal,2026-04-21,1,0,0,42.5,800
h_taj_3,taj_mahal,2026-04-22,2,0,0,35.6,640
h_taj_3,taj_mahal,2026-04-23,3,0,0,44.9,800
h_taj_3,taj_mahal,2026-04-24,4,0,0,42.3,800
h_taj_3,taj_mahal,2026-04-25,5,1,0,67.3,800
h_taj_3,taj_mahal,2026-04-26,6,1,0,62.6,800
h_taj_3,taj_mahal,2026-04-27,0,0,0,39.4,640
h_taj_3,taj_mahal,2026-04-28,1,0,0,44.4,800
h_taj_3,taj_mahal,2026-04-29,2,0,0,50.1,800
h_taj_3,taj_mahal,2026-04-30,3,0,0,42.0,800
h_taj_3,taj_mahal,2026-05-01,4,0,0,50.9,800
h_taj_3,taj_mahal,2026-05-02,5,1,0,53.1,800
h_taj_3,taj_mahal,2026-05-03,6,1,0,51.1,800
h_taj_3,taj_mahal,2026-05-04,0,0,0,39.8,640
h_taj_3,taj_mahal,2026-05-05,1,0,0,48.7,800
h_taj_3,taj_mahal,2026-05-06,2,0,0,35.0,640
h_taj_3,taj_mahal,2026-05-07,3,0,0,35.8,640
h_taj_3,taj_mahal,2026-05-08,4,0,0,35.3,640
h_taj_3,taj_mahal,2026-05-09,5,1,0,49.3,800
h_taj_3,taj_mahal,2026-05-10,6,1,0,66.7,800
h_taj_3,taj_mahal,2026-05-11,0,0,0,43.1,800
h_taj_3,taj_mahal,2026-05-12,1,0,0,46.9,800
h_taj_3,taj_mahal,2026-05-13,2,0,0,47.6,800
h_taj_3,taj_mahal,2026-05-14,3,0,0,51.4,800
h_taj_3,taj_mahal,2026-05-15,4,0,0,50.5,800
h_taj_3,taj_mahal,2026-05-16,5,1,0,61.2,800
h_taj_3,taj_mahal,2026-05-17,6,1,0,55.7,800
h_taj_3,taj_mahal,2026-05-18,0,0,0,49.1,800
h_taj_3,taj_mahal,2026-05-19,1,0,0,37.6,640
h_taj_3,taj_mahal,2026-05-20,2,0,0,36.2,640
h_taj_3,taj_mahal,2026-05-21,3,0,0,46.5,800
h_taj_3,taj_mahal,2026-05-22,4,0,0,50.8,800
h_taj_3,taj_mahal,2026-05-23,5,1,0,49.5,800
h_taj_3,taj_mahal,2026-05-24,6,1,0,58.8,800
h_taj_3,taj_mahal,2026-05-25,0,0,0,35.8,640
h_taj_3,taj_mahal,2026-05-26,1,0,0,36.3,640
h_taj_3,taj_mahal,2026-05-27,2,0,0,51.6,800
h_taj_3,taj_mahal,2026-05-28,3,0,0,45.0,800
h_taj_3,taj_mahal,2026-05-29,4,0,0,49.9,800
h_taj_3,taj_mahal,2026-05-30,5,1,0,68.8,800
h_taj_3,taj_mahal,2026-05-31,6,1,0,60.8,800
h_taj_3,taj_mahal,2026-06-01,0,0,0,50.6,800
h_taj_3,taj_mahal,2026-06-02,1,0,0,52.9,800
h_taj_3,taj_mahal,2026-06-03,2,0,0,52.4,800
h_taj_3,taj_mahal,2026-06-04,3,0,0,40.5,800
h_taj_3,taj_mahal,2026-06-05,4,0,0,40.6,800
h_taj_3,taj_mahal,2026-06-06,5,1,0,68.5,800
h_taj_3,taj_mahal,2026-06-07,6,1,0,58.1,800
h_taj_3,taj_mahal,2026-06-08,0,0,0,42.3,800
h_taj_3,taj_mahal,2026-06-09,1,0,0,44.5,800
h_taj_3,taj_mahal,2026-06-10,2,0,0,35.1,640
h_taj_3,taj_mahal,2026-06-11,3,0,0,48.0,800
h_taj_3,taj_mahal,2026-06-12,4,0,0,46.4,800
h_taj_3,taj_mahal,2026-06-13,5,1,0,65.2,800
h_taj_3,taj_mahal,2026-06-14,6,1,0,61.7,800
h_taj_3,taj_mahal,2026-06-15,0,0,0,40.3,800
h_taj_3,taj_mahal,2026-06-16,1,0,0,51.4,800
h_taj_3,taj_mahal,2026-06-17,2,0,0,50.0,800
h_taj_3,taj_mahal,2026-06-18,3,0,0,39.4,640
h_taj_3,taj_mahal,2026-06-19,4,0,0,52.0,800
h_taj_3,taj_mahal,2026-06-20,5,1,0,67.8,800
h_taj_3,taj_mahal,2026-06-21,6,1,0,65.5,800
h_taj_3,taj_mahal,2026-06-22,0,0,0,49.7,800
h_taj_3,taj_mahal,2026-06-23,1,0,0,48.1,800
h_taj_3,taj_mahal,2026-06-24,2,0,0,37.6,640
h_taj_3,taj_mahal,2026-06-25,3,0,0,46.3,800
h_taj_3,taj_mahal,2026-06-26,4,0,0,53.3,800
h_taj_3,taj_mahal,2026-06-27,5,1,0,53.4,800
h_taj_3,taj_mahal,2026-06-28,6,1,0,67.4,800
h_taj_3,taj_mahal,2026-06-29,0,0,0,48.5,800
h_taj_3,taj_mahal,2026-06-30,1,0,0,37.9,640
h_taj_3,taj_mahal,2026-07-01,2,0,0,51.9,800
h_taj_3,taj_mahal,2026-07-02,3,0,0,38.1,640
h_taj_3,taj_mahal,2026-07-03,4,0,0,52.5,800
h_taj_3,taj_mahal,2026-07-04,5,1,0,66.1,800
h_taj_3,taj_mahal,2026-07-05,6,1,0,49.8,800
h_taj_3,taj_mahal,2026-07-06,0,0,0,43.7,800
h_taj_3,taj_mahal,2026-07-07,1,0,0,40.1,800
h_taj_3,taj_mahal,2026-07-08,2,0,0,43.1,800
h_taj_3,taj_mahal,2026-07-09,3,0,0,47.4,800
h_taj_3,taj_mahal,2026-07-10,4,0,0,34.3,640
h_taj_3,taj_mahal,2026-07-11,5,1,0,52.5,800
h_taj_3,taj_mahal,2026-07-12,6,1,0,68.0,800
h_taj_3,taj_mahal,2026-07-13,0,0,0,37.8,640
h_taj_3,taj_mahal,2026-07-14,1,0,0,49.3,800
h_taj_3,taj_mahal,2026-07-15,2,0,0,45.6,800
h_taj_3,taj_mahal,2026-07-16,3,0,0,36.9,640
h_taj_3,taj_mahal,2026-07-17,4,0,0,50.9,800
h_taj_3,taj_mahal,2026-07-18,5,1,0,51.1,800
h_taj_3,taj_mahal,2026-07-19,6,1,0,60.2,800
h_taj_3,taj_mahal,2026-07-20,0,0,0,40.1,800
h_taj_3,taj_mahal,2026-07-21,1,0,0,38.4,640
h_taj_3,taj_mahal,2026-07-22,2,0,0,35.9,640
h_taj_3,taj_mahal,2026-07-23,3,0,0,38.6,640
h_taj_3,taj_mahal,2026-07-24,4,0,0,44.5,800
h_taj_3,taj_mahal,2026-07-25,5,1,0,61.0,800
h_taj_3,taj_mahal,2026-07-26,6,1,0,66.7,800
h_taj_3,taj_mahal,2026-07-27,0,0,0,49.8,800
h_taj_3,taj_mahal,2026-07-28,1,0,0,42.0,800
h_taj_3,taj_mahal,2026-07-29,2,0,0,39.6,640
h_taj_3,taj_mahal,2026-07-30,3,0,0,40.5,800
h_taj_3,taj_mahal,2026-07-31,4,0,0,35.5,640
h_taj_3,taj_mahal,2026-08-01,5,1,0,62.2,800
h_taj_3,taj_mahal,2026-08-02,6,1,0,62.4,800
h_taj_3,taj_mahal,2026-08-03,0,0,0,48.3,800
h_taj_3,taj_mahal,2026-08-04,1,0,0,61.9,800
h_taj_3,taj_mahal,2026-08-05,2,0,0,45.2,800
h_taj_3,taj_mahal,2026-08-06,3,0,0,57.3,800
h_taj_3,taj_mahal,2026-08-07,4,0,0,54.1,800
h_taj_3,taj_mahal,2026-08-08,5,1,0,61.4,800
h_taj_3,taj_mahal,2026-08-09,6,1,0,60.6,800
h_taj_3,taj_mahal,2026-08-10,0,0,0,52.8,800
h_taj_3,taj_mahal,2026-08-11,1,0,0,53.5,800
h_taj_3,taj_mahal,2026-08-12,2,0,0,49.3,800
h_taj_3,taj_mahal,2026-08-13,3,0,0,51.7,800
h_taj_3,taj_mahal,2026-08-14,4,0,0,64.3,800
h_taj_3,taj_mahal,2026-08-15,5,1,1,90.5,960
h_taj_3,taj_mahal,2026-08-16,6,1,0,65.3,800
h_taj_3,taj_mahal,2026-08-17,0,0,0,47.5,800
h_taj_3,taj_mahal,2026-08-18,1,0,0,62.8,800
h_taj_3,taj_mahal,2026-08-19,2,0,0,57.1,800
h_taj_3,taj_mahal,2026-08-20,3,0,0,64.5,800
h_taj_3,taj_mahal,2026-08-21,4,0,0,60.4,800
h_taj_3,taj_mahal,2026-08-22,5,1,0,75.5,800
h_taj_3,taj_mahal,2026-08-23,6,1,0,68.0,800
h_taj_3,taj_mahal,2026-08-24,0,0,0,60.2,800
h_taj_3,taj_mahal,2026-08-25,1,0,0,54.1,800
h_taj_3,taj_mahal,2026-08-26,2,0,0,58.8,800
h_taj_3,taj_mahal,2026-08-27,3,0,0,49.7,800
h_taj_3,taj_mahal,2026-08-28,4,0,0,63.1,800
h_taj_3,taj_mahal,2026-08-29,5,1,0,63.8,800
h_taj_3,taj_mahal,2026-08-30,6,1,0,68.5,800
h_taj_3,taj_mahal,2026-08-31,0,0,0,59.6,800
h_taj_3,taj_mahal,2026-09-01,1,0,0,56.9,800
h_taj_3,taj_mahal,2026-09-02,2,0,0,54.5,800
h_taj_3,taj_mahal,2026-09-03,3,0,0,55.4,800
h_jai_1,jaipur_city_palace,2025-09-04,3,0,0,62.9,55000
h_jai_1,jaipur_city_palace,2025-09-05,4,0,0,58.5,55000
h_jai_1,jaipur_city_palace,2025-09-06,5,1,0,83.3,55000
h_jai_1,jaipur_city_palace,2025-09-07,6,1,0,70.5,55000
h_jai_1,jaipur_city_palace,2025-09-08,0,0,0,61.1,55000
h_jai_1,jaipur_city_palace,2025-09-09,1,0,0,62.7,55000
h_jai_1,jaipur_city_palace,2025-09-10,2,0,0,55.8,55000
h_jai_1,jaipur_city_palace,2025-09-11,3,0,0,57.6,55000
h_jai_1,jaipur_city_palace,2025-09-12,4,0,0,74.2,55000
h_jai_1,jaipur_city_palace,2025-09-13,5,1,0,72.3,55000
h_jai_1,jaipur_city_palace,2025-09-14,6,1,0,89.4,66000
h_jai_1,jaipur_city_palace,2025-09-15,0,0,0,57.8,55000
h_jai_1,jaipur_city_palace,2025-09-16,1,0,0,65.1,55000
h_jai_1,jaipur_city_palace,2025-09-17,2,0,0,55.0,55000
h_jai_1,jaipur_city_palace,2025-09-18,3,0,0,69.6,55000
h_jai_1,jaipur_city_palace,2025-09-19,4,0,0,74.7,55000
h_jai_1,jaipur_city_palace,2025-09-20,5,1,0,76.6,55000
h_jai_1,jaipur_city_palace,2025-09-21,6,1,0,89.3,66000
h_jai_1,jaipur_city_palace,2025-09-22,0,0,0,68.5,55000
h_jai_1,jaipur_city_palace,2025-09-23,1,0,0,68.8,55000
h_jai_1,jaipur_city_palace,2025-09-24,2,0,0,58.3,55000
h_jai_1,jaipur_city_palace,2025-09-25,3,0,0,64.3,55000
h_jai_1,jaipur_city_palace,2025-09-26,4,0,0,71.1,55000
h_jai_1,jaipur_city_palace,2025-09-27,5,1,0,89.3,66000
h_jai_1,jaipur_city_palace,2025-09-28,6,1,0,89.7,66000
h_jai_1,jaipur_city_palace,2025-09-29,0,0,0,66.0,55000
h_jai_1,jaipur_city_palace,2025-09-30,1,0,0,73.0,55000
h_jai_1,jaipur_city_palace,2025-10-01,2,0,0,72.8,55000
h_jai_1,jaipur_city_palace,2025-10-02,3,0,1,83.1,55000
h_jai_1,jaipur_city_palace,2025-10-03,4,0,0,60.1,55000
h_jai_1,jaipur_city_palace,2025-10-04,5,1,0,78.3,55000
h_jai_1,jaipur_city_palace,2025-10-05,6,1,0,81.9,55000
h_jai_1,jaipur_city_palace,2025-10-06,0,0,0,71.4,55000
h_jai_1,jaipur_city_palace,2025-10-07,1,0,0,62.3,55000
h_jai_1,jaipur_city_palace,2025-10-08,2,0,0,61.5,55000
h_jai_1,jaipur_city_palace,2025-10-09,3,0,0,59.4,55000
h_jai_1,jaipur_city_palace,2025-10-10,4,0,0,73.4,55000
h_jai_1,jaipur_city_palace,2025-10-11,5,1,0,73.0,55000
h_jai_1,jaipur_city_palace,2025-10-12,6,1,0,80.8,55000
h_jai_1,jaipur_city_palace,2025-10-13,0,0,0,66.7,55000
h_jai_1,jaipur_city_palace,2025-10-14,1,0,0,58.4,55000
h_jai_1,jaipur_city_palace,2025-10-15,2,0,0,64.6,55000
h_jai_1,jaipur_city_palace,2025-10-16,3,0,0,71.1,55000
h_jai_1,jaipur_city_palace,2025-10-17,4,0,0,61.3,55000
h_jai_1,jaipur_city_palace,2025-10-18,5,1,0,87.2,66000
h_jai_1,jaipur_city_palace,2025-10-19,6,1,0,80.8,55000
h_jai_1,jaipur_city_palace,2025-10-20,0,0,0,56.8,55000
h_jai_1,jaipur_city_palace,2025-10-21,1,0,0,63.0,55000
h_jai_1,jaipur_city_palace,2025-10-22,2,0,0,62.8,55000
h_jai_1,jaipur_city_palace,2025-10-23,3,0,0,74.8,55000
h_jai_1,jaipur_city_palace,2025-10-24,4,0,1,96.8,66000
h_jai_1,jaipur_city_palace,2025-10-25,5,1,0,81.2,55000
h_jai_1,jaipur_city_palace,2025-10-26,6,1,0,72.8,55000
h_jai_1,jaipur_city_palace,2025-10-27,0,0,0,66.3,55000
h_jai_1,jaipur_city_palace,2025-10-28,1,0,0,61.2,55000
h_jai_1,jaipur_city_palace,2025-10-29,2,0,0,64.7,55000
h_jai_1,jaipur_city_palace,2025-10-30,3,0,0,57.1,55000
h_jai_1,jaipur_city_palace,2025-10-31,4,0,0,67.0,55000
h_jai_1,jaipur_city_palace,2025-11-01,5,1,0,100.0,66000
h_jai_1,jaipur_city_palace,2025-11-02,6,1,0,91.8,66000
h_jai_1,jaipur_city_palace,2025-11-03,0,0,0,77.7,55000
h_jai_1,jaipur_city_palace,2025-11-04,1,0,0,77.4,55000
h_jai_1,jaipur_city_palace,2025-11-05,2,0,0,82.4,55000
h_jai_1,jaipur_city_palace,2025-11-06,3,0,0,85.2,66000
h_jai_1,jaipur_city_palace,2025-11-07,4,0,0,81.3,55000
h_jai_1,jaipur_city_palace,2025-11-08,5,1,0,92.4,66000
h_jai_1,jaipur_city_palace,2025-11-09,6,1,0,100.0,66000
h_jai_1,jaipur_city_palace,2025-11-10,0,0,0,82.2,55000
h_jai_1,jaipur_city_palace,2025-11-11,1,0,0,91.4,66000
h_jai_1,jaipur_city_palace,2025-11-12,2,0,1,100.0,66000
h_jai_1,jaipur_city_palace,2025-11-13,3,0,0,78.0,55000
h_jai_1,jaipur_city_palace,2025-11-14,4,0,0,75.6,55000
h_jai_1,jaipur_city_palace,2025-11-15,5,1,0,100.0,66000
h_jai_1,jaipur_city_palace,2025-11-16,6,1,0,100.0,66000
h_jai_1,jaipur_city_palace,2025-11-17,0,0,0,87.9,66000
h_jai_1,jaipur_city_palace,2025-11-18,1,0,0,79.1,55000
h_jai_1,jaipur_city_palace,2025-11-19,2,0,0,86.3,66000
h_jai_1,jaipur_city_palace,2025-11-20,3,0,0,92.3,66000
h_jai_1,jaipur_city_palace,2025-11-21,4,0,0,92.5,66000
h_jai_1,jaipur_city_palace,2025-11-22,5,1,0,100.0,66000
h_jai_1,jaipur_city_palace,2025-11-23,6,1,0,100.0,66000
h_jai_1,jaipur_city_palace,2025-11-24,0,0,0,80.0,55000
h_jai_1,jaipur_city_palace,2025-11-25,1,0,0,89.0,66000
h_jai_1,jaipur_city_palace,2025-11-26,2,0,0,89.9,66000
h_jai_1,jaipur_city_palace,2025-11-27,3,0,0,91.9,66000
h_jai_1,jaipur_city_palace,2025-11-28,4,0,0,76.6,55000
h_jai_1,jaipur_city_palace,2025-11-29,5,1,0,100.0,66000
h_jai_1,jaipur_city_palace,2025-11-30,6,1,0,100.0,66000
h_jai_1,jaipur_city_palace,2025-12-01,0,0,0,81.3,55000
h_jai_1,jaipur_city_palace,2025-12-02,1,0,0,83.1,55000
h_jai_1,jaipur_city_palace,2025-12-03,2,0,0,75.4,55000
h_jai_1,jaipur_city_palace,2025-12-04,3,0,0,89.0,66000
h_jai_1,jaipur_city_palace,2025-12-05,4,0,0,77.6,55000
h_jai_1,jaipur_city_palace,2025-12-06,5,1,0,95.9,66000
h_jai_1,jaipur_city_palace,2025-12-07,6,1,0,98.8,66000
h_jai_1,jaipur_city_palace,2025-12-08,0,0,0,76.2,55000
h_jai_1,jaipur_city_palace,2025-12-09,1,0,0,88.8,66000
h_jai_1,jaipur_city_palace,2025-12-10,2,0,0,90.5,66000
h_jai_1,jaipur_city_palace,2025-12-11,3,0,0,74.7,55000
h_jai_1,jaipur_city_palace,2025-12-12,4,0,0,85.2,66000
h_jai_1,jaipur_city_palace,2025-12-13,5,1,0,93.0,66000
h_jai_1,jaipur_city_palace,2025-12-14,6,1,0,98.9,66000
h_jai_1,jaipur_city_palace,2025-12-15,0,0,0,79.5,55000
h_jai_1,jaipur_city_palace,2025-12-16,1,0,0,85.9,66000
h_jai_1,jaipur_city_palace,2025-12-17,2,0,0,84.1,55000
h_jai_1,jaipur_city_palace,2025-12-18,3,0,0,79.4,55000
h_jai_1,jaipur_city_palace,2025-12-19,4,0,0,89.0,66000
h_jai_1,jaipur_city_palace,2025-12-20,5,1,0,90.3,66000
h_jai_1,jaipur_city_palace,2025-12-21,6,1,0,100.0,66000
h_jai_1,jaipur_city_palace,2025-12-22,0,0,0,84.9,55000
h_jai_1,jaipur_city_palace,2025-12-23,1,0,0,85.4,66000
h_jai_1,jaipur_city_palace,2025-12-24,2,0,0,82.6,55000
h_jai_1,jaipur_city_palace,2025-12-25,3,0,1,100.0,66000
h_jai_1,jaipur_city_palace,2025-12-26,4,0,0,77.8,55000
h_jai_1,jaipur_city_palace,2025-12-27,5,1,0,95.0,66000
h_jai_1,jaipur_city_palace,2025-12-28,6,1,0,92.1,66000
h_jai_1,jaipur_city_palace,2025-12-29,0,0,0,86.0,66000
h_jai_1,jaipur_city_palace,2025-12-30,1,0,0,85.3,66000
h_jai_1,jaipur_city_palace,2025-12-31,2,0,1,100.0,66000
h_jai_1,jaipur_city_palace,2026-01-01,3,0,1,100.0,66000
h_jai_1,jaipur_city_palace,2026-01-02,4,0,0,78.2,55000
h_jai_1,jaipur_city_palace,2026-01-03,5,1,0,100.0,66000
h_jai_1,jaipur_city_palace,2026-01-04,6,1,0,94.1,66000
h_jai_1,jaipur_city_palace,2026-01-05,0,0,0,78.2,55000
h_jai_1,jaipur_city_palace,2026-01-06,1,0,0,78.4,55000
h_jai_1,jaipur_city_palace,2026-01-07,2,0,0,78.6,55000
h_jai_1,jaipur_city_palace,2026-01-08,3,0,0,81.0,55000
h_jai_1,jaipur_city_palace,2026-01-09,4,0,0,91.6,66000
h_jai_1,jaipur_city_palace,2026-01-10,5,1,0,100.0,66000
h_jai_1,jaipur_city_palace,2026-01-11,6,1,0,95.5,66000
h_jai_1,jaipur_city_palace,2026-01-12,0,0,0,80.1,55000
h_jai_1,jaipur_city_palace,2026-01-13,1,0,0,84.5,55000
h_jai_1,jaipur_city_palace,2026-01-14,2,0,0,86.7,66000
h_jai_1,jaipur_city_palace,2026-01-15,3,0,0,89.1,66000
h_jai_1,jaipur_city_palace,2026-01-16,4,0,0,84.7,55000
h_jai_1,jaipur_city_palace,2026-01-17,5,1,0,97.4,66000
h_jai_1,jaipur_city_palace,2026-01-18,6,1,0,100.0,66000
h_jai_1,jaipur_city_palace,2026-01-19,0,0,0,90.3,66000
h_jai_1,jaipur_city_palace,2026-01-20,1,0,0,87.8,66000
h_jai_1,jaipur_city_palace,2026-01-21,2,0,0,84.3,55000
h_jai_1,jaipur_city_palace,2026-01-22,3,0,0,87.3,66000
h_jai_1,jaipur_city_palace,2026-01-23,4,0,0,77.5,55000
h_jai_1,jaipur_city_palace,2026-01-24,5,1,0,96.5,66000
h_jai_1,jaipur_city_palace,2026-01-25,6,1,0,91.3,66000
h_jai_1,jaipur_city_palace,2026-01-26,0,0,1,100.0,66000
h_jai_1,jaipur_city_palace,2026-01-27,1,0,0,81.7,55000
h_jai_1,jaipur_city_palace,2026-01-28,2,0,0,89.6,66000
h_jai_1,jaipur_city_palace,2026-01-29,3,0,0,80.5,55000
h_jai_1,jaipur_city_palace,2026-01-30,4,0,0,80.8,55000
h_jai_1,jaipur_city_palace,2026-01-31,5,1,0,100.0,66000
h_jai_1,jaipur_city_palace,2026-02-01,6,1,0,97.3,66000
h_jai_1,jaipur_city_palace,2026-02-02,0,0,0,79.2,55000
h_jai_1,jaipur_city_palace,2026-02-03,1,0,0,88.1,66000
h_jai_1,jaipur_city_palace,2026-02-04,2,0,0,88.9,66000
h_jai_1,jaipur_city_palace,2026-02-05,3,0,0,80.8,55000
h_jai_1,jaipur_city_palace,2026-02-06,4,0,0,79.3,55000
h_jai_1,jaipur_city_palace,2026-02-07,5,1,0,91.4,66000
h_jai_1,jaipur_city_palace,2026-02-08,6,1,0,100.0,66000
h_jai_1,jaipur_city_palace,2026-02-09,0,0,0,85.4,66000
h_jai_1,jaipur_city_palace,2026-02-10,1,0,0,79.1,55000
h_jai_1,jaipur_city_palace,2026-02-11,2,0,0,81.1,55000
h_jai_1,jaipur_city_palace,2026-02-12,3,0,0,90.5,66000
h_jai_1,jaipur_city_palace,2026-02-13,4,0,0,81.4,55000
h_jai_1,jaipur_city_palace,2026-02-14,5,1,0,97.3,66000
h_jai_1,jaipur_city_palace,2026-02-15,6,1,0,91.2,66000
h_jai_1,jaipur_city_palace,2026-02-16,0,0,0,92.0,66000
h_jai_1,jaipur_city_palace,2026-02-17,1,0,0,87.8,66000
h_jai_1,jaipur_city_palace,2026-02-18,2,0,0,76.6,55000
h_jai_1,jaipur_city_palace,2026-02-19,3,0,0,85.9,66000
h_jai_1,jaipur_city_palace,2026-02-20,4,0,0,74.9,55000
h_jai_1,jaipur_city_palace,2026-02-21,5,1,0,100.0,66000
h_jai_1,jaipur_city_palace,2026-02-22,6,1,0,94.4,66000
h_jai_1,jaipur_city_palace,2026-02-23,0,0,0,87.7,66000
h_jai_1,jaipur_city_palace,2026-02-24,1,0,0,88.0,66000
h_jai_1,jaipur_city_palace,2026-02-25,2,0,0,83.0,55000
h_jai_1,jaipur_city_palace,2026-02-26,3,0,0,75.5,55000
h_jai_1,jaipur_city_palace,2026-02-27,4,0,0,87.3,66000
h_jai_1,jaipur_city_palace,2026-02-28,5,1,0,100.0,66000
h_jai_1,jaipur_city_palace,2026-03-01,6,1,0,79.8,55000
h_jai_1,jaipur_city_palace,2026-03-02,0,0,0,66.5,55000
h_jai_1,jaipur_city_palace,2026-03-03,1,0,0,58.3,55000
h_jai_1,jaipur_city_palace,2026-03-04,2,0,0,65.6,55000
h_jai_1,jaipur_city_palace,2026-03-05,3,0,0,61.4,55000
h_jai_1,jaipur_city_palace,2026-03-06,4,0,0,74.4,55000
h_jai_1,jaipur_city_palace,2026-03-07,5,1,0,79.1,55000
h_jai_1,jaipur_city_palace,2026-03-08,6,1,1,100.0,66000
h_jai_1,jaipur_city_palace,2026-03-09,0,0,0,74.2,55000
h_jai_1,jaipur_city_palace,2026-03-10,1,0,0,63.7,55000
h_jai_1,jaipur_city_palace,2026-03-11,2,0,0,65.0,55000
h_jai_1,jaipur_city_palace,2026-03-12,3,0,0,73.2,55000
h_jai_1,jaipur_city_palace,2026-03-13,4,0,0,65.4,55000
h_jai_1,jaipur_city_palace,2026-03-14,5,1,0,83.2,55000
h_jai_1,jaipur_city_palace,2026-03-15,6,1,0,74.6,55000
h_jai_1,jaipur_city_palace,2026-03-16,0,0,0,70.3,55000
h_jai_1,jaipur_city_palace,2026-03-17,1,0,0,69.1,55000
h_jai_1,jaipur_city_palace,2026-03-18,2,0,0,71.7,55000
h_jai_1,jaipur_city_palace,2026-03-19,3,0,0,69.2,55000
h_jai_1,jaipur_city_palace,2026-03-20,4,0,0,72.9,55000
h_jai_1,jaipur_city_palace,2026-03-21,5,1,0,83.5,55000
h_jai_1,jaipur_city_palace,2026-03-22,6,1,0,89.5,66000
h_jai_1,jaipur_city_palace,2026-03-23,0,0,0,58.4,55000
h_jai_1,jaipur_city_palace,2026-03-24,1,0,0,73.4,55000
h_jai_1,jaipur_city_palace,2026-03-25,2,0,0,57.6,55000
h_jai_1,jaipur_city_palace,2026-03-26,3,0,0,71.8,55000
h_jai_1,jaipur_city_palace,2026-03-27,4,0,0,57.7,55000
h_jai_1,jaipur_city_palace,2026-03-28,5,1,0,83.7,55000
h_jai_1,jaipur_city_palace,2026-03-29,6,1,0,85.8,66000
h_jai_1,jaipur_city_palace,2026-03-30,0,0,0,60.0,55000
h_jai_1,jaipur_city_palace,2026-03-31,1,0,0,73.7,55000
h_jai_1,jaipur_city_palace,2026-04-01,2,0,0,44.1,55000
h_jai_1,jaipur_city_palace,2026-04-02,3,0,0,55.7,55000
h_jai_1,jaipur_city_palace,2026-04-03,4,0,0,56.0,55000
h_jai_1,jaipur_city_palace,2026-04-04,5,1,0,76.6,55000
h_jai_1,jaipur_city_palace,2026-04-05,6,1,0,69.5,55000
h_jai_1,jaipur_city_palace,2026-04-06,0,0,0,44.3,55000
h_jai_1,jaipur_city_palace,2026-04-07,1,0,0,59.0,55000
h_jai_1,jaipur_city_palace,2026-04-08,2,0,0,51.5,55000
h_jai_1,jaipur_city_palace,2026-04-09,3,0,0,59.0,55000
h_jai_1,jaipur_city_palace,2026-04-10,4,0,0,43.6,55000
h_jai_1,jaipur_city_palace,2026-04-11,5,1,0,68.3,55000
h_jai_1,jaipur_city_palace,2026-04-12,6,1,0,58.4,55000
h_jai_1,jaipur_city_palace,2026-04-13,0,0,0,55.0,55000
h_jai_1,jaipur_city_palace,2026-04-14,1,0,0,43.3,55000
h_jai_1,jaipur_city_palace,2026-04-15,2,0,0,44.9,55000
h_jai_1,jaipur_city_palace,2026-04-16,3,0,0,57.9,55000
h_jai_1,jaipur_city_palace,2026-04-17,4,0,0,42.1,55000
h_jai_1,jaipur_city_palace,2026-04-18,5,1,0,66.4,55000
h_jai_1,jaipur_city_palace,2026-04-19,6,1,0,76.1,55000
h_jai_1,jaipur_city_palace,2026-04-20,0,0,0,50.5,55000
h_jai_1,jaipur_city_palace,2026-04-21,1,0,0,51.6,55000
h_jai_1,jaipur_city_palace,2026-04-22,2,0,0,42.2,55000
h_jai_1,jaipur_city_palace,2026-04-23,3,0,0,47.5,55000
h_jai_1,jaipur_city_palace,2026-04-24,4,0,0,43.2,55000
h_jai_1,jaipur_city_palace,2026-04-25,5,1,0,76.2,55000
h_jai_1,jaipur_city_palace,2026-04-26,6,1,0,65.0,55000
h_jai_1,jaipur_city_palace,2026-04-27,0,0,0,56.4,55000
h_jai_1,jaipur_city_palace,2026-04-28,1,0,0,48.2,55000
h_jai_1,jaipur_city_palace,2026-04-29,2,0,0,42.2,55000
h_jai_1,jaipur_city_palace,2026-04-30,3,0,0,46.7,55000
h_jai_1,jaipur_city_palace,2026-05-01,4,0,0,43.8,55000
h_jai_1,jaipur_city_palace,2026-05-02,5,1,0,67.7,55000
h_jai_1,jaipur_city_palace,2026-05-03,6,1,0,70.2,55000
h_jai_1,jaipur_city_palace,2026-05-04,0,0,0,51.0,55000
h_jai_1,jaipur_city_palace,2026-05-05,1,0,0,45.0,55000
h_jai_1,jaipur_city_palace,2026-05-06,2,0,0,59.8,55000
h_jai_1,jaipur_city_palace,2026-05-07,3,0,0,43.2,55000
h_jai_1,jaipur_city_palace,2026-05-08,4,0,0,48.1,55000
h_jai_1,jaipur_city_palace,2026-05-09,5,1,0,71.7,55000
h_jai_1,jaipur_city_palace,2026-05-10,6,1,0,73.8,55000
h_jai_1,jaipur_city_palace,2026-05-11,0,0,0,57.3,55000
h_jai_1,jaipur_city_palace,2026-05-12,1,0,0,43.9,55000
h_jai_1,jaipur_city_palace,2026-05-13,2,0,0,42.4,55000
h_jai_1,jaipur_city_palace,2026-05-14,3,0,0,47.3,55000
h_jai_1,jaipur_city_palace,2026-05-15,4,0,0,45.1,55000
h_jai_1,jaipur_city_palace,2026-05-16,5,1,0,73.6,55000
h_jai_1,jaipur_city_palace,2026-05-17,6,1,0,71.8,55000
h_jai_1,jaipur_city_palace,2026-05-18,0,0,0,51.0,55000
h_jai_1,jaipur_city_palace,2026-05-19,1,0,0,43.8,55000
h_jai_1,jaipur_city_palace,2026-05-20,2,0,0,51.5,55000
h_jai_1,jaipur_city_palace,2026-05-21,3,0,0,57.9,55000
h_jai_1,jaipur_city_palace,2026-05-22,4,0,0,44.5,55000
h_jai_1,jaipur_city_palace,2026-05-23,5,1,0,66.1,55000
h_jai_1,jaipur_city_palace,2026-05-24,6,1,0,64.6,55000
h_jai_1,jaipur_city_palace,2026-05-25,0,0,0,52.5,55000
h_jai_1,jaipur_city_palace,2026-05-26,1,0,0,53.0,55000
h_jai_1,jaipur_city_palace,2026-05-27,2,0,0,50.0,55000
h_jai_1,jaipur_city_palace,2026-05-28,3,0,0,52.1,55000
h_jai_1,jaipur_city_palace,2026-05-29,4,0,0,58.0,55000
h_jai_1,jaipur_city_palace,2026-05-30,5,1,0,65.9,55000
h_jai_1,jaipur_city_palace,2026-05-31,6,1,0,64.5,55000
h_jai_1,jaipur_city_palace,2026-06-01,0,0,0,48.1,55000
h_jai_1,jaipur_city_palace,2026-06-02,1,0,0,43.7,55000
h_jai_1,jaipur_city_palace,2026-06-03,2,0,0,61.6,55000
h_jai_1,jaipur_city_palace,2026-06-04,3,0,0,45.3,55000
h_jai_1,jaipur_city_palace,2026-06-05,4,0,0,43.0,55000
h_jai_1,jaipur_city_palace,2026-06-06,5,1,0,75.8,55000
h_jai_1,jaipur_city_palace,2026-06-07,6,1,0,74.6,55000
h_jai_1,jaipur_city_palace,2026-06-08,0,0,0,52.4,55000
h_jai_1,jaipur_city_palace,2026-06-09,1,0,0,56.0,55000
h_jai_1,jaipur_city_palace,2026-06-10,2,0,0,49.9,55000
h_jai_1,jaipur_city_palace,2026-06-11,3,0,0,43.9,55000
h_jai_1,jaipur_city_palace,2026-06-12,4,0,0,45.5,55000
h_jai_1,jaipur_city_palace,2026-06-13,5,1,0,73.9,55000
h_jai_1,jaipur_city_palace,2026-06-14,6,1,0,76.1,55000
h_jai_1,jaipur_city_palace,2026-06-15,0,0,0,46.0,55000
h_jai_1,jaipur_city_palace,2026-06-16,1,0,0,49.2,55000
h_jai_1,jaipur_city_palace,2026-06-17,2,0,0,52.2,55000
h_jai_1,jaipur_city_palace,2026-06-18,3,0,0,48.0,55000
h_jai_1,jaipur_city_palace,2026-06-19,4,0,0,49.1,55000
h_jai_1,jaipur_city_palace,2026-06-20,5,1,0,64.0,55000
h_jai_1,jaipur_city_palace,2026-06-21,6,1,0,70.3,55000
h_jai_1,jaipur_city_palace,2026-06-22,0,0,0,54.1,55000
h_jai_1,jaipur_city_palace,2026-06-23,1,0,0,49.8,55000
h_jai_1,jaipur_city_palace,2026-06-24,2,0,0,46.1,55000
h_jai_1,jaipur_city_palace,2026-06-25,3,0,0,50.1,55000
h_jai_1,jaipur_city_palace,2026-06-26,4,0,0,59.5,55000
h_jai_1,jaipur_city_palace,2026-06-27,5,1,0,70.8,55000
h_jai_1,jaipur_city_palace,2026-06-28,6,1,0,58.1,55000
h_jai_1,jaipur_city_palace,2026-06-29,0,0,0,43.3,55000
h_jai_1,jaipur_city_palace,2026-06-30,1,0,0,56.0,55000
h_jai_1,jaipur_city_palace,2026-07-01,2,0,0,49.8,55000
h_jai_1,jaipur_city_palace,2026-07-02,3,0,0,54.8,55000
h_jai_1,jaipur_city_palace,2026-07-03,4,0,0,42.2,55000
h_jai_1,jaipur_city_palace,2026-07-04,5,1,0,67.0,55000
h_jai_1,jaipur_city_palace,2026-07-05,6,1,0,58.9,55000
h_jai_1,jaipur_city_palace,2026-07-06,0,0,0,48.6,55000
h_jai_1,jaipur_city_palace,2026-07-07,1,0,0,50.2,55000
h_jai_1,jaipur_city_palace,2026-07-08,2,0,0,58.6,55000
h_jai_1,jaipur_city_palace,2026-07-09,3,0,0,49.6,55000
h_jai_1,jaipur_city_palace,2026-07-10,4,0,0,50.5,55000
h_jai_1,jaipur_city_palace,2026-07-11,5,1,0,70.1,55000
h_jai_1,jaipur_city_palace,2026-07-12,6,1,0,61.1,55000
h_jai_1,jaipur_city_palace,2026-07-13,0,0,0,51.3,55000
h_jai_1,jaipur_city_palace,2026-07-14,1,0,0,43.7,55000
h_jai_1,jaipur_city_palace,2026-07-15,2,0,0,50.1,55000
h_jai_1,jaipur_city_palace,2026-07-16,3,0,0,49.7,55000
h_jai_1,jaipur_city_palace,2026-07-17,4,0,0,48.3,55000
h_jai_1,jaipur_city_palace,2026-07-18,5,1,0,65.7,55000
h_jai_1,jaipur_city_palace,2026-07-19,6,1,0,63.2,55000
h_jai_1,jaipur_city_palace,2026-07-20,0,0,0,49.1,55000
h_jai_1,jaipur_city_palace,2026-07-21,1,0,0,47.4,55000
h_jai_1,jaipur_city_palace,2026-07-22,2,0,0,48.4,55000
h_jai_1,jaipur_city_palace,2026-07-23,3,0,0,49.5,55000
h_jai_1,jaipur_city_palace,2026-07-24,4,0,0,45.4,55000
h_jai_1,jaipur_city_palace,2026-07-25,5,1,0,71.3,55000
h_jai_1,jaipur_city_palace,2026-07-26,6,1,0,73.5,55000
h_jai_1,jaipur_city_palace,2026-07-27,0,0,0,44.9,55000
h_jai_1,jaipur_city_palace,2026-07-28,1,0,0,50.2,55000
h_jai_1,jaipur_city_palace,2026-07-29,2,0,0,44.9,55000
h_jai_1,jaipur_city_palace,2026-07-30,3,0,0,59.9,55000
h_jai_1,jaipur_city_palace,2026-07-31,4,0,0,48.1,55000
h_jai_1,jaipur_city_palace,2026-08-01,5,1,0,71.8,55000
h_jai_1,jaipur_city_palace,2026-08-02,6,1,0,89.3,66000
h_jai_1,jaipur_city_palace,2026-08-03,0,0,0,69.2,55000
h_jai_1,jaipur_city_palace,2026-08-04,1,0,0,56.1,55000
h_jai_1,jaipur_city_palace,2026-08-05,2,0,0,71.1,55000
h_jai_1,jaipur_city_palace,2026-08-06,3,0,0,59.8,55000
h_jai_1,jaipur_city_palace,2026-08-07,4,0,0,68.9,55000
h_jai_1,jaipur_city_palace,2026-08-08,5,1,0,83.8,55000
h_jai_1,jaipur_city_palace,2026-08-09,6,1,0,85.6,66000
h_jai_1,jaipur_city_palace,2026-08-10,0,0,0,61.2,55000
h_jai_1,jaipur_city_palace,2026-08-11,1,0,0,70.1,55000
h_jai_1,jaipur_city_palace,2026-08-12,2,0,0,61.7,55000
h_jai_1,jaipur_city_palace,2026-08-13,3,0,0,62.0,55000
h_jai_1,jaipur_city_palace,2026-08-14,4,0,0,66.2,55000
h_jai_1,jaipur_city_palace,2026-08-15,5,1,1,100.0,66000
h_jai_1,jaipur_city_palace,2026-08-16,6,1,0,74.3,55000
h_jai_1,jaipur_city_palace,2026-08-17,0,0,0,56.7,55000
h_jai_1,jaipur_city_palace,2026-08-18,1,0,0,57.0,55000
h_jai_1,jaipur_city_palace,2026-08-19,2,0,0,60.1,55000
h_jai_1,jaipur_city_palace,2026-08-20,3,0,0,75.0,55000
h_jai_1,jaipur_city_palace,2026-08-21,4,0,0,69.4,55000
h_jai_1,jaipur_city_palace,2026-08-22,5,1,0,81.3,55000
h_jai_1,jaipur_city_palace,2026-08-23,6,1,0,70.7,55000
h_jai_1,jaipur_city_palace,2026-08-24,0,0,0,59.3,55000
h_jai_1,jaipur_city_palace,2026-08-25,1,0,0,62.6,55000
h_jai_1,jaipur_city_palace,2026-08-26,2,0,0,56.0,55000
h_jai_1,jaipur_city_palace,2026-08-27,3,0,0,65.5,55000
h_jai_1,jaipur_city_palace,2026-08-28,4,0,0,58.4,55000
h_jai_1,jaipur_city_palace,2026-08-29,5,1,0,74.6,55000
h_jai_1,jaipur_city_palace,2026-08-30,6,1,0,79.4,55000
h_jai_1,jaipur_city_palace,2026-08-31,0,0,0,67.9,55000
h_jai_1,jaipur_city_palace,2026-09-01,1,0,0,67.5,55000
h_jai_1,jaipur_city_palace,2026-09-02,2,0,0,58.1,55000
h_jai_1,jaipur_city_palace,2026-09-03,3,0,0,63.2,55000
h_jai_2,jaipur_city_palace,2025-09-04,3,0,0,53.8,1100
h_jai_2,jaipur_city_palace,2025-09-05,4,0,0,66.6,1100
h_jai_2,jaipur_city_palace,2025-09-06,5,1,0,68.1,1100
h_jai_2,jaipur_city_palace,2025-09-07,6,1,0,70.5,1100
h_jai_2,jaipur_city_palace,2025-09-08,0,0,0,60.1,1100
h_jai_2,jaipur_city_palace,2025-09-09,1,0,0,53.5,1100
h_jai_2,jaipur_city_palace,2025-09-10,2,0,0,66.1,1100
h_jai_2,jaipur_city_palace,2025-09-11,3,0,0,57.0,1100
h_jai_2,jaipur_city_palace,2025-09-12,4,0,0,59.9,1100
h_jai_2,jaipur_city_palace,2025-09-13,5,1,0,71.7,1100
h_jai_2,jaipur_city_palace,2025-09-14,6,1,0,77.7,1100
h_jai_2,jaipur_city_palace,2025-09-15,0,0,0,53.1,1100
h_jai_2,jaipur_city_palace,2025-09-16,1,0,0,66.5,1100
h_jai_2,jaipur_city_palace,2025-09-17,2,0,0,53.2,1100
h_jai_2,jaipur_city_palace,2025-09-18,3,0,0,65.9,1100
h_jai_2,jaipur_city_palace,2025-09-19,4,0,0,52.3,1100
h_jai_2,jaipur_city_palace,2025-09-20,5,1,0,67.8,1100
h_jai_2,jaipur_city_palace,2025-09-21,6,1,0,76.5,1100
h_jai_2,jaipur_city_palace,2025-09-22,0,0,0,60.8,1100
h_jai_2,jaipur_city_palace,2025-09-23,1,0,0,49.8,1100
h_jai_2,jaipur_city_palace,2025-09-24,2,0,0,49.3,1100
h_jai_2,jaipur_city_palace,2025-09-25,3,0,0,52.2,1100
h_jai_2,jaipur_city_palace,2025-09-26,4,0,0,65.6,1100
h_jai_2,jaipur_city_palace,2025-09-27,5,1,0,67.7,1100
h_jai_2,jaipur_city_palace,2025-09-28,6,1,0,72.8,1100
h_jai_2,jaipur_city_palace,2025-09-29,0,0,0,58.1,1100
h_jai_2,jaipur_city_palace,2025-09-30,1,0,0,62.0,1100
h_jai_2,jaipur_city_palace,2025-10-01,2,0,0,55.2,1100
h_jai_2,jaipur_city_palace,2025-10-02,3,0,1,75.0,1100
h_jai_2,jaipur_city_palace,2025-10-03,4,0,0,56.2,1100
h_jai_2,jaipur_city_palace,2025-10-04,5,1,0,81.2,1100
h_jai_2,jaipur_city_palace,2025-10-05,6,1,0,67.1,1100
h_jai_2,jaipur_city_palace,2025-10-06,0,0,0,58.9,1100
h_jai_2,jaipur_city_palace,2025-10-07,1,0,0,47.6,1100
h_jai_2,jaipur_city_palace,2025-10-08,2,0,0,52.7,1100
h_jai_2,jaipur_city_palace,2025-10-09,3,0,0,63.9,1100
h_jai_2,jaipur_city_palace,2025-10-10,4,0,0,51.1,1100
h_jai_2,jaipur_city_palace,2025-10-11,5,1,0,64.8,1100
h_jai_2,jaipur_city_palace,2025-10-12,6,1,0,82.3,1100
h_jai_2,jaipur_city_palace,2025-10-13,0,0,0,64.7,1100
h_jai_2,jaipur_city_palace,2025-10-14,1,0,0,61.1,1100
h_jai_2,jaipur_city_palace,2025-10-15,2,0,0,55.5,1100
h_jai_2,jaipur_city_palace,2025-10-16,3,0,0,63.8,1100
h_jai_2,jaipur_city_palace,2025-10-17,4,0,0,66.7,1100
h_jai_2,jaipur_city_palace,2025-10-18,5,1,0,70.4,1100
h_jai_2,jaipur_city_palace,2025-10-19,6,1,0,79.2,1100
h_jai_2,jaipur_city_palace,2025-10-20,0,0,0,63.9,1100
h_jai_2,jaipur_city_palace,2025-10-21,1,0,0,65.7,1100
h_jai_2,jaipur_city_palace,2025-10-22,2,0,0,61.5,1100
h_jai_2,jaipur_city_palace,2025-10-23,3,0,0,66.4,1100
h_jai_2,jaipur_city_palace,2025-10-24,4,0,1,76.7,1100
h_jai_2,jaipur_city_palace,2025-10-25,5,1,0,72.8,1100
h_jai_2,jaipur_city_palace,2025-10-26,6,1,0,69.5,1100
h_jai_2,jaipur_city_palace,2025-10-27,0,0,0,48.2,1100
h_jai_2,jaipur_city_palace,2025-10-28,1,0,0,56.0,1100
h_jai_2,jaipur_city_palace,2025-10-29,2,0,0,60.3,1100
h_jai_2,jaipur_city_palace,2025-10-30,3,0,0,60.6,1100
h_jai_2,jaipur_city_palace,2025-10-31,4,0,0,61.5,1100
h_jai_2,jaipur_city_palace,2025-11-01,5,1,0,98.3,1320
h_jai_2,jaipur_city_palace,2025-11-02,6,1,0,97.6,1320
h_jai_2,jaipur_city_palace,2025-11-03,0,0,0,74.1,1100
h_jai_2,jaipur_city_palace,2025-11-04,1,0,0,74.3,1100
h_jai_2,jaipur_city_palace,2025-11-05,2,0,0,71.6,1100
h_jai_2,jaipur_city_palace,2025-11-06,3,0,0,70.9,1100
h_jai_2,jaipur_city_palace,2025-11-07,4,0,0,84.4,1100
h_jai_2,jaipur_city_palace,2025-11-08,5,1,0,79.8,1100
h_jai_2,jaipur_city_palace,2025-11-09,6,1,0,91.5,1320
h_jai_2,jaipur_city_palace,2025-11-10,0,0,0,81.2,1100
h_jai_2,jaipur_city_palace,2025-11-11,1,0,0,79.7,1100
h_jai_2,jaipur_city_palace,2025-11-12,2,0,1,100.0,1320
h_jai_2,jaipur_city_palace,2025-11-13,3,0,0,66.0,1100
h_jai_2,jaipur_city_palace,2025-11-14,4,0,0,69.8,1100
h_jai_2,jaipur_city_palace,2025-11-15,5,1,0,84.6,1100
h_jai_2,jaipur_city_palace,2025-11-16,6,1,0,85.5,1320
h_jai_2,jaipur_city_palace,2025-11-17,0,0,0,66.4,1100
h_jai_2,jaipur_city_palace,2025-11-18,1,0,0,75.4,1100
h_jai_2,jaipur_city_palace,2025-11-19,2,0,0,82.3,1100
h_jai_2,jaipur_city_palace,2025-11-20,3,0,0,77.6,1100
h_jai_2,jaipur_city_palace,2025-11-21,4,0,0,72.0,1100
h_jai_2,jaipur_city_palace,2025-11-22,5,1,0,85.8,1320
h_jai_2,jaipur_city_palace,2025-11-23,6,1,0,98.5,1320
h_jai_2,jaipur_city_palace,2025-11-24,0,0,0,78.4,1100
h_jai_2,jaipur_city_palace,2025-11-25,1,0,0,82.5,1100
h_jai_2,jaipur_city_palace,2025-11-26,2,0,0,72.2,1100
h_jai_2,jaipur_city_palace,2025-11-27,3,0,0,67.3,1100
h_jai_2,jaipur_city_palace,2025-11-28,4,0,0,68.8,1100
h_jai_2,jaipur_city_palace,2025-11-29,5,1,0,94.7,1320
h_jai_2,jaipur_city_palace,2025-11-30,6,1,0,89.8,1320
h_jai_2,jaipur_city_palace,2025-12-01,0,0,0,76.9,1100
h_jai_2,jaipur_city_palace,2025-12-02,1,0,0,72.2,1100
h_jai_2,jaipur_city_palace,2025-12-03,2,0,0,77.7,1100
h_jai_2,jaipur_city_palace,2025-12-04,3,0,0,67.6,1100
h_jai_2,jaipur_city_palace,2025-12-05,4,0,0,64.9,1100
h_jai_2,jaipur_city_palace,2025-12-06,5,1,0,90.8,1320
h_jai_2,jaipur_city_palace,2025-12-07,6,1,0,97.5,1320
h_jai_2,jaipur_city_palace,2025-12-08,0,0,0,67.3,1100
h_jai_2,jaipur_city_palace,2025-12-09,1,0,0,72.6,1100
h_jai_2,jaipur_city_palace,2025-12-10,2,0,0,81.4,1100
h_jai_2,jaipur_city_palace,2025-12-11,3,0,0,69.1,1100
h_jai_2,jaipur_city_palace,2025-12-12,4,0,0,73.9,1100
h_jai_2,jaipur_city_palace,2025-12-13,5,1,0,85.5,1320
h_jai_2,jaipur_city_palace,2025-12-14,6,1,0,82.4,1100
h_jai_2,jaipur_city_palace,2025-12-15,0,0,0,79.0,1100
h_jai_2,jaipur_city_palace,2025-12-16,1,0,0,79.7,1100
h_jai_2,jaipur_city_palace,2025-12-17,2,0,0,65.7,1100
h_jai_2,jaipur_city_palace,2025-12-18,3,0,0,74.2,1100
h_jai_2,jaipur_city_palace,2025-12-19,4,0,0,66.1,1100
h_jai_2,jaipur_city_palace,2025-12-20,5,1,0,95.3,1320
h_jai_2,jaipur_city_palace,2025-12-21,6,1,0,81.4,1100
h_jai_2,jaipur_city_palace,2025-12-22,0,0,0,73.3,1100
h_jai_2,jaipur_city_palace,2025-12-23,1,0,0,84.1,1100
h_jai_2,jaipur_city_palace,2025-12-24,2,0,0,70.7,1100
h_jai_2,jaipur_city_palace,2025-12-25,3,0,1,100.0,1320
h_jai_2,jaipur_city_palace,2025-12-26,4,0,0,70.9,1100
h_jai_2,jaipur_city_palace,2025-12-27,5,1,0,83.9,1100
h_jai_2,jaipur_city_palace,2025-12-28,6,1,0,94.8,1320
h_jai_2,jaipur_city_palace,2025-12-29,0,0,0,82.3,1100
h_jai_2,jaipur_city_palace,2025-12-30,1,0,0,81.1,1100
h_jai_2,jaipur_city_palace,2025-12-31,2,0,1,90.8,1320
h_jai_2,jaipur_city_palace,2026-01-01,3,0,1,100.0,1320
h_jai_2,jaipur_city_palace,2026-01-02,4,0,0,67.8,1100
h_jai_2,jaipur_city_palace,2026-01-03,5,1,0,90.1,1320
h_jai_2,jaipur_city_palace,2026-01-04,6,1,0,99.0,1320
h_jai_2,jaipur_city_palace,2026-01-05,0,0,0,82.9,1100
h_jai_2,jaipur_city_palace,2026-01-06,1,0,0,79.9,1100
h_jai_2,jaipur_city_palace,2026-01-07,2,0,0,65.6,1100
h_jai_2,jaipur_city_palace,2026-01-08,3,0,0,79.0,1100
h_jai_2,jaipur_city_palace,2026-01-09,4,0,0,79.2,1100
h_jai_2,jaipur_city_palace,2026-01-10,5,1,0,87.3,1320
h_jai_2,jaipur_city_palace,2026-01-11,6,1,0,83.5,1100
h_jai_2,jaipur_city_palace,2026-01-12,0,0,0,82.7,1100
h_jai_2,jaipur_city_palace,2026-01-13,1,0,0,72.7,1100
h_jai_2,jaipur_city_palace,2026-01-14,2,0,0,68.0,1100
h_jai_2,jaipur_city_palace,2026-01-15,3,0,0,74.8,1100
h_jai_2,jaipur_city_palace,2026-01-16,4,0,0,71.1,1100
h_jai_2,jaipur_city_palace,2026-01-17,5,1,0,80.3,1100
h_jai_2,jaipur_city_palace,2026-01-18,6,1,0,97.2,1320
h_jai_2,jaipur_city_palace,2026-01-19,0,0,0,70.4,1100
h_jai_2,jaipur_city_palace,2026-01-20,1,0,0,84.5,1100
h_jai_2,jaipur_city_palace,2026-01-21,2,0,0,67.1,1100
h_jai_2,jaipur_city_palace,2026-01-22,3,0,0,72.0,1100
h_jai_2,jaipur_city_palace,2026-01-23,4,0,0,77.1,1100
h_jai_2,jaipur_city_palace,2026-01-24,5,1,0,93.3,1320
h_jai_2,jaipur_city_palace,2026-01-25,6,1,0,92.1,1320
h_jai_2,jaipur_city_palace,2026-01-26,0,0,1,92.1,1320
h_jai_2,jaipur_city_palace,2026-01-27,1,0,0,81.6,1100
h_jai_2,jaipur_city_palace,2026-01-28,2,0,0,81.5,1100
h_jai_2,jaipur_city_palace,2026-01-29,3,0,0,71.3,1100
h_jai_2,jaipur_city_palace,2026-01-30,4,0,0,74.0,1100
h_jai_2,jaipur_city_palace,2026-01-31,5,1,0,84.0,1100
h_jai_2,jaipur_city_palace,2026-02-01,6,1,0,89.0,1320
h_jai_2,jaipur_city_palace,2026-02-02,0,0,0,67.2,1100
h_jai_2,jaipur_city_palace,2026-02-03,1,0,0,75.0,1100
h_jai_2,jaipur_city_palace,2026-02-04,2,0,0,71.8,1100
h_jai_2,jaipur_city_palace,2026-02-05,3,0,0,76.9,1100
h_jai_2,jaipur_city_palace,2026-02-06,4,0,0,77.4,1100
h_jai_2,jaipur_city_palace,2026-02-07,5,1,0,79.8,1100
h_jai_2,jaipur_city_palace,2026-02-08,6,1,0,83.6,1100
h_jai_2,jaipur_city_palace,2026-02-09,0,0,0,71.6,1100
h_jai_2,jaipur_city_palace,2026-02-10,1,0,0,83.1,1100
h_jai_2,jaipur_city_palace,2026-02-11,2,0,0,73.7,1100
h_jai_2,jaipur_city_palace,2026-02-12,3,0,0,82.0,1100
h_jai_2,jaipur_city_palace,2026-02-13,4,0,0,75.2,1100
h_jai_2,jaipur_city_palace,2026-02-14,5,1,0,87.3,1320
h_jai_2,jaipur_city_palace,2026-02-15,6,1,0,89.2,1320
h_jai_2,jaipur_city_palace,2026-02-16,0,0,0,76.8,1100
h_jai_2,jaipur_city_palace,2026-02-17,1,0,0,70.4,1100
h_jai_2,jaipur_city_palace,2026-02-18,2,0,0,65.2,1100
h_jai_2,jaipur_city_palace,2026-02-19,3,0,0,74.4,1100
h_jai_2,jaipur_city_palace,2026-02-20,4,0,0,73.0,1100
h_jai_2,jaipur_city_palace,2026-02-21,5,1,0,94.9,1320
h_jai_2,jaipur_city_palace,2026-02-22,6,1,0,88.7,1320
h_jai_2,jaipur_city_palace,2026-02-23,0,0,0,68.9,1100
h_jai_2,jaipur_city_palace,2026-02-24,1,0,0,80.8,1100
h_jai_2,jaipur_city_palace,2026-02-25,2,0,0,75.6,1100
h_jai_2,jaipur_city_palace,2026-02-26,3,0,0,71.7,1100
h_jai_2,jaipur_city_palace,2026-02-27,4,0,0,78.3,1100
h_jai_2,jaipur_city_palace,2026-02-28,5,1,0,82.7,1100
h_jai_2,jaipur_city_palace,2026-03-01,6,1,0,66.6,1100
h_jai_2,jaipur_city_palace,2026-03-02,0,0,0,51.2,1100
h_jai_2,jaipur_city_palace,2026-03-03,1,0,0,49.9,1100
h_jai_2,jaipur_city_palace,2026-03-04,2,0,0,66.6,1100
h_jai_2,jaipur_city_palace,2026-03-05,3,0,0,56.8,1100
h_jai_2,jaipur_city_palace,2026-03-06,4,0,0,66.4,1100
h_jai_2,jaipur_city_palace,2026-03-07,5,1,0,69.2,1100
h_jai_2,jaipur_city_palace,2026-03-08,6,1,1,97.4,1320
h_jai_2,jaipur_city_palace,2026-03-09,0,0,0,50.8,1100
h_jai_2,jaipur_city_palace,2026-03-10,1,0,0,52.6,1100
h_jai_2,jaipur_city_palace,2026-03-11,2,0,0,59.8,1100
h_jai_2,jaipur_city_palace,2026-03-12,3,0,0,65.9,1100
h_jai_2,jaipur_city_palace,2026-03-13,4,0,0,58.8,1100
h_jai_2,jaipur_city_palace,2026-03-14,5,1,0,65.0,1100
h_jai_2,jaipur_city_palace,2026-03-15,6,1,0,74.2,1100
h_jai_2,jaipur_city_palace,2026-03-16,0,0,0,47.7,1100
h_jai_2,jaipur_city_palace,2026-03-17,1,0,0,48.2,1100
h_jai_2,jaipur_city_palace,2026-03-18,2,0,0,51.2,1100
h_jai_2,jaipur_city_palace,2026-03-19,3,0,0,55.3,1100
h_jai_2,jaipur_city_palace,2026-03-20,4,0,0,57.9,1100
h_jai_2,jaipur_city_palace,2026-03-21,5,1,0,77.5,1100
h_jai_2,jaipur_city_palace,2026-03-22,6,1,0,63.6,1100
h_jai_2,jaipur_city_palace,2026-03-23,0,0,0,55.3,1100
h_jai_2,jaipur_city_palace,2026-03-24,1,0,0,55.9,1100
h_jai_2,jaipur_city_palace,2026-03-25,2,0,0,49.7,1100
h_jai_2,jaipur_city_palace,2026-03-26,3,0,0,51.3,1100
h_jai_2,jaipur_city_palace,2026-03-27,4,0,0,53.5,1100
h_jai_2,jaipur_city_palace,2026-03-28,5,1,0,68.6,1100
h_jai_2,jaipur_city_palace,2026-03-29,6,1,0,73.7,1100
h_jai_2,jaipur_city_palace,2026-03-30,0,0,0,66.4,1100
h_jai_2,jaipur_city_palace,2026-03-31,1,0,0,56.3,1100
h_jai_2,jaipur_city_palace,2026-04-01,2,0,0,54.2,1100
h_jai_2,jaipur_city_palace,2026-04-02,3,0,0,46.3,1100
h_jai_2,jaipur_city_palace,2026-04-03,4,0,0,52.0,1100
h_jai_2,jaipur_city_palace,2026-04-04,5,1,0,58.2,1100
h_jai_2,jaipur_city_palace,2026-04-05,6,1,0,52.3,1100
h_jai_2,jaipur_city_palace,2026-04-06,0,0,0,50.9,1100
h_jai_2,jaipur_city_palace,2026-04-07,1,0,0,48.9,1100
h_jai_2,jaipur_city_palace,2026-04-08,2,0,0,51.3,1100
h_jai_2,jaipur_city_palace,2026-04-09,3,0,0,45.1,1100
h_jai_2,jaipur_city_palace,2026-04-10,4,0,0,38.2,880
h_jai_2,jaipur_city_palace,2026-04-11,5,1,0,56.0,1100
h_jai_2,jaipur_city_palace,2026-04-12,6,1,0,52.5,1100
h_jai_2,jaipur_city_palace,2026-04-13,0,0,0,39.6,880
h_jai_2,jaipur_city_palace,2026-04-14,1,0,0,51.6,1100
h_jai_2,jaipur_city_palace,2026-04-15,2,0,0,41.0,1100
h_jai_2,jaipur_city_palace,2026-04-16,3,0,0,39.9,880
h_jai_2,jaipur_city_palace,2026-04-17,4,0,0,49.6,1100
h_jai_2,jaipur_city_palace,2026-04-18,5,1,0,54.3,1100
h_jai_2,jaipur_city_palace,2026-04-19,6,1,0,69.5,1100
h_jai_2,jaipur_city_palace,2026-04-20,0,0,0,54.8,1100
h_jai_2,jaipur_city_palace,2026-04-21,1,0,0,36.1,880
h_jai_2,jaipur_city_palace,2026-04-22,2,0,0,48.4,1100
h_jai_2,jaipur_city_palace,2026-04-23,3,0,0,49.6,1100
h_jai_2,jaipur_city_palace,2026-04-24,4,0,0,54.5,1100
h_jai_2,jaipur_city_palace,2026-04-25,5,1,0,67.3,1100
h_jai_2,jaipur_city_palace,2026-04-26,6,1,0,54.7,1100
h_jai_2,jaipur_city_palace,2026-04-27,0,0,0,42.8,1100
h_jai_2,jaipur_city_palace,2026-04-28,1,0,0,38.2,880
h_jai_2,jaipur_city_palace,2026-04-29,2,0,0,41.9,1100
h_jai_2,jaipur_city_palace,2026-04-30,3,0,0,40.4,1100
h_jai_2,jaipur_city_palace,2026-05-01,4,0,0,37.0,880
h_jai_2,jaipur_city_palace,2026-05-02,5,1,0,59.0,1100
h_jai_2,jaipur_city_palace,2026-05-03,6,1,0,54.4,1100
h_jai_2,jaipur_city_palace,2026-05-04,0,0,0,36.7,880
h_jai_2,jaipur_city_palace,2026-05-05,1,0,0,45.0,1100
h_jai_2,jaipur_city_palace,2026-05-06,2,0,0,40.3,1100
h_jai_2,jaipur_city_palace,2026-05-07,3,0,0,51.9,1100
h_jai_2,jaipur_city_palace,2026-05-08,4,0,0,48.9,1100
h_jai_2,jaipur_city_palace,2026-05-09,5,1,0,55.3,1100
h_jai_2,jaipur_city_palace,2026-05-10,6,1,0,69.3,1100
h_jai_2,jaipur_city_palace,2026-05-11,0,0,0,37.0,880
h_jai_2,jaipur_city_palace,2026-05-12,1,0,0,39.6,880
h_jai_2,jaipur_city_palace,2026-05-13,2,0,0,37.5,880
h_jai_2,jaipur_city_palace,2026-05-14,3,0,0,43.7,1100
h_jai_2,jaipur_city_palace,2026-05-15,4,0,0,36.7,880
h_jai_2,jaipur_city_palace,2026-05-16,5,1,0,53.2,1100
h_jai_2,jaipur_city_palace,2026-05-17,6,1,0,54.1,1100
h_jai_2,jaipur_city_palace,2026-05-18,0,0,0,48.6,1100
h_jai_2,jaipur_city_palace,2026-05-19,1,0,0,48.0,1100
h_jai_2,jaipur_city_palace,2026-05-20,2,0,0,53.3,1100
h_jai_2,jaipur_city_palace,2026-05-21,3,0,0,56.0,1100
h_jai_2,jaipur_city_palace,2026-05-22,4,0,0,48.8,1100
h_jai_2,jaipur_city_palace,2026-05-23,5,1,0,53.7,1100
h_jai_2,jaipur_city_palace,2026-05-24,6,1,0,51.3,1100
h_jai_2,jaipur_city_palace,2026-05-25,0,0,0,54.7,1100
h_jai_2,jaipur_city_palace,2026-05-26,1,0,0,55.6,1100
h_jai_2,jaipur_city_palace,2026-05-27,2,0,0,49.4,1100
h_jai_2,jaipur_city_palace,2026-05-28,3,0,0,48.0,1100
h_jai_2,jaipur_city_palace,2026-05-29,4,0,0,42.0,1100
h_jai_2,jaipur_city_palace,2026-05-30,5,1,0,61.3,1100
h_jai_2,jaipur_city_palace,2026-05-31,6,1,0,54.1,1100
h_jai_2,jaipur_city_palace,2026-06-01,0,0,0,38.5,880
h_jai_2,jaipur_city_palace,2026-06-02,1,0,0,37.0,880
h_jai_2,jaipur_city_palace,2026-06-03,2,0,0,37.9,880
h_jai_2,jaipur_city_palace,2026-06-04,3,0,0,37.7,880
h_jai_2,jaipur_city_palace,2026-06-05,4,0,0,36.8,880
h_jai_2,jaipur_city_palace,2026-06-06,5,1,0,66.1,1100
h_jai_2,jaipur_city_palace,2026-06-07,6,1,0,66.3,1100
h_jai_2,jaipur_city_palace,2026-06-08,0,0,0,55.4,1100
h_jai_2,jaipur_city_palace,2026-06-09,1,0,0,40.0,880
h_jai_2,jaipur_city_palace,2026-06-10,2,0,0,52.5,1100
h_jai_2,jaipur_city_palace,2026-06-11,3,0,0,39.5,880
h_jai_2,jaipur_city_palace,2026-06-12,4,0,0,53.3,1100
h_jai_2,jaipur_city_palace,2026-06-13,5,1,0,51.9,1100
h_jai_2,jaipur_city_palace,2026-06-14,6,1,0,53.1,1100
h_jai_2,jaipur_city_palace,2026-06-15,0,0,0,38.0,880
h_jai_2,jaipur_city_palace,2026-06-16,1,0,0,38.1,880
h_jai_2,jaipur_city_palace,2026-06-17,2,0,0,46.4,1100
h_jai_2,jaipur_city_palace,2026-06-18,3,0,0,53.2,1100
h_jai_2,jaipur_city_palace,2026-06-19,4,0,0,50.6,1100
h_jai_2,jaipur_city_palace,2026-06-20,5,1,0,58.3,1100
h_jai_2,jaipur_city_palace,2026-06-21,6,1,0,66.9,1100
h_jai_2,jaipur_city_palace,2026-06-22,0,0,0,41.2,1100
h_jai_2,jaipur_city_palace,2026-06-23,1,0,0,48.9,1100
h_jai_2,jaipur_city_palace,2026-06-24,2,0,0,54.1,1100
h_jai_2,jaipur_city_palace,2026-06-25,3,0,0,52.0,1100
h_jai_2,jaipur_city_palace,2026-06-26,4,0,0,49.1,1100
h_jai_2,jaipur_city_palace,2026-06-27,5,1,0,69.4,1100
h_jai_2,jaipur_city_palace,2026-06-28,6,1,0,56.2,1100
h_jai_2,jaipur_city_palace,2026-06-29,0,0,0,40.6,1100
h_jai_2,jaipur_city_palace,2026-06-30,1,0,0,50.9,1100
h_jai_2,jaipur_city_palace,2026-07-01,2,0,0,54.1,1100
h_jai_2,jaipur_city_palace,2026-07-02,3,0,0,40.4,1100
h_jai_2,jaipur_city_palace,2026-07-03,4,0,0,46.3,1100
h_jai_2,jaipur_city_palace,2026-07-04,5,1,0,64.3,1100
h_jai_2,jaipur_city_palace,2026-07-05,6,1,0,60.7,1100
h_jai_2,jaipur_city_palace,2026-07-06,0,0,0,49.2,1100
h_jai_2,jaipur_city_palace,2026-07-07,1,0,0,42.5,1100
h_jai_2,jaipur_city_palace,2026-07-08,2,0,0,40.8,1100
h_jai_2,jaipur_city_palace,2026-07-09,3,0,0,52.5,1100
h_jai_2,jaipur_city_palace,2026-07-10,4,0,0,42.0,1100
h_jai_2,jaipur_city_palace,2026-07-11,5,1,0,62.0,1100
h_jai_2,jaipur_city_palace,2026-07-12,6,1,0,55.0,1100
h_jai_2,jaipur_city_palace,2026-07-13,0,0,0,53.9,1100
h_jai_2,jaipur_city_palace,2026-07-14,1,0,0,54.3,1100
h_jai_2,jaipur_city_palace,2026-07-15,2,0,0,50.7,1100
h_jai_2,jaipur_city_palace,2026-07-16,3,0,0,47.0,1100
h_jai_2,jaipur_city_palace,2026-07-17,4,0,0,43.4,1100
h_jai_2,jaipur_city_palace,2026-07-18,5,1,0,70.9,1100
h_jai_2,jaipur_city_palace,2026-07-19,6,1,0,52.8,1100
h_jai_2,jaipur_city_palace,2026-07-20,0,0,0,52.4,1100
h_jai_2,jaipur_city_palace,2026-07-21,1,0,0,52.6,1100
h_jai_2,jaipur_city_palace,2026-07-22,2,0,0,43.0,1100
h_jai_2,jaipur_city_palace,2026-07-23,3,0,0,44.9,1100
h_jai_2,jaipur_city_palace,2026-07-24,4,0,0,49.6,1100
h_jai_2,jaipur_city_palace,2026-07-25,5,1,0,51.6,1100
h_jai_2,jaipur_city_palace,2026-07-26,6,1,0,66.0,1100
h_jai_2,jaipur_city_palace,2026-07-27,0,0,0,53.1,1100
h_jai_2,jaipur_city_palace,2026-07-28,1,0,0,53.9,1100
h_jai_2,jaipur_city_palace,2026-07-29,2,0,0,49.6,1100
h_jai_2,jaipur_city_palace,2026-07-30,3,0,0,48.0,1100
h_jai_2,jaipur_city_palace,2026-07-31,4,0,0,46.9,1100
h_jai_2,jaipur_city_palace,2026-08-01,5,1,0,80.5,1100
h_jai_2,jaipur_city_palace,2026-08-02,6,1,0,71.9,1100
h_jai_2,jaipur_city_palace,2026-08-03,0,0,0,62.7,1100
h_jai_2,jaipur_city_palace,2026-08-04,1,0,0,51.9,1100
h_jai_2,jaipur_city_palace,2026-08-05,2,0,0,63.9,1100
h_jai_2,jaipur_city_palace,2026-08-06,3,0,0,50.0,1100
h_jai_2,jaipur_city_palace,2026-08-07,4,0,0,59.7,1100
h_jai_2,jaipur_city_palace,2026-08-08,5,1,0,63.5,1100
h_jai_2,jaipur_city_palace,2026-08-09,6,1,0,66.3,1100
h_jai_2,jaipur_city_palace,2026-08-10,0,0,0,53.8,1100
h_jai_2,jaipur_city_palace,2026-08-11,1,0,0,50.7,1100
h_jai_2,jaipur_city_palace,2026-08-12,2,0,0,58.2,1100
h_jai_2,jaipur_city_palace,2026-08-13,3,0,0,49.4,1100
h_jai_2,jaipur_city_palace,2026-08-14,4,0,0,62.5,1100
h_jai_2,jaipur_city_palace,2026-08-15,5,1,1,98.3,1320
h_jai_2,jaipur_city_palace,2026-08-16,6,1,0,78.9,1100
h_jai_2,jaipur_city_palace,2026-08-17,0,0,0,47.9,1100
h_jai_2,jaipur_city_palace,2026-08-18,1,0,0,60.1,1100
h_jai_2,jaipur_city_palace,2026-08-19,2,0,0,56.5,1100
h_jai_2,jaipur_city_palace,2026-08-20,3,0,0,66.9,1100
h_jai_2,jaipur_city_palace,2026-08-21,4,0,0,65.6,1100
h_jai_2,jaipur_city_palace,2026-08-22,5,1,0,76.1,1100
h_jai_2,jaipur_city_palace,2026-08-23,6,1,0,73.6,1100
h_jai_2,jaipur_city_palace,2026-08-24,0,0,0,55.9,1100
h_jai_2,jaipur_city_palace,2026-08-25,1,0,0,52.5,1100
h_jai_2,jaipur_city_palace,2026-08-26,2,0,0,59.3,1100
h_jai_2,jaipur_city_palace,2026-08-27,3,0,0,57.5,1100
h_jai_2,jaipur_city_palace,2026-08-28,4,0,0,63.1,1100
h_jai_2,jaipur_city_palace,2026-08-29,5,1,0,74.6,1100
h_jai_2,jaipur_city_palace,2026-08-30,6,1,0,69.0,1100
h_jai_2,jaipur_city_palace,2026-08-31,0,0,0,60.4,1100
h_jai_2,jaipur_city_palace,2026-09-01,1,0,0,53.6,1100
h_jai_2,jaipur_city_palace,2026-09-02,2,0,0,62.9,1100
h_jai_2,jaipur_city_palace,2026-09-03,3,0,0,60.6,1100
h_goa_1,goa_baga_beach,2025-09-04,3,0,0,68.7,18000
h_goa_1,goa_baga_beach,2025-09-05,4,0,0,65.1,18000
h_goa_1,goa_baga_beach,2025-09-06,5,1,0,79.8,18000
h_goa_1,goa_baga_beach,2025-09-07,6,1,0,72.0,18000
h_goa_1,goa_baga_beach,2025-09-08,0,0,0,69.8,18000
h_goa_1,goa_baga_beach,2025-09-09,1,0,0,57.8,18000
h_goa_1,goa_baga_beach,2025-09-10,2,0,0,67.0,18000
h_goa_1,goa_baga_beach,2025-09-11,3,0,0,68.7,18000
h_goa_1,goa_baga_beach,2025-09-12,4,0,0,57.1,18000
h_goa_1,goa_baga_beach,2025-09-13,5,1,0,88.8,21600
h_goa_1,goa_baga_beach,2025-09-14,6,1,0,72.8,18000
h_goa_1,goa_baga_beach,2025-09-15,0,0,0,57.1,18000
h_goa_1,goa_baga_beach,2025-09-16,1,0,0,60.9,18000
h_goa_1,goa_baga_beach,2025-09-17,2,0,0,57.6,18000
h_goa_1,goa_baga_beach,2025-09-18,3,0,0,67.4,18000
h_goa_1,goa_baga_beach,2025-09-19,4,0,0,70.5,18000
h_goa_1,goa_baga_beach,2025-09-20,5,1,0,75.9,18000
h_goa_1,goa_baga_beach,2025-09-21,6,1,0,82.9,18000
h_goa_1,goa_baga_beach,2025-09-22,0,0,0,55.7,18000
h_goa_1,goa_baga_beach,2025-09-23,1,0,0,62.3,18000
h_goa_1,goa_baga_beach,2025-09-24,2,0,0,72.8,18000
h_goa_1,goa_baga_beach,2025-09-25,3,0,0,62.9,18000
h_goa_1,goa_baga_beach,2025-09-26,4,0,0,60.6,18000
h_goa_1,goa_baga_beach,2025-09-27,5,1,0,75.9,18000
h_goa_1,goa_baga_beach,2025-09-28,6,1,0,73.8,18000
h_goa_1,goa_baga_beach,2025-09-29,0,0,0,68.4,18000
h_goa_1,goa_baga_beach,2025-09-30,1,0,0,72.0,18000
h_goa_1,goa_baga_beach,2025-10-01,2,0,0,68.6,18000
h_goa_1,goa_baga_beach,2025-10-02,3,0,1,90.3,21600
h_goa_1,goa_baga_beach,2025-10-03,4,0,0,64.8,18000
h_goa_1,goa_baga_beach,2025-10-04,5,1,0,85.4,21600
h_goa_1,goa_baga_beach,2025-10-05,6,1,0,75.8,18000
h_goa_1,goa_baga_beach,2025-10-06,0,0,0,59.5,18000
h_goa_1,goa_baga_beach,2025-10-07,1,0,0,71.7,18000
h_goa_1,goa_baga_beach,2025-10-08,2,0,0,60.7,18000
h_goa_1,goa_baga_beach,2025-10-09,3,0,0,55.8,18000
h_goa_1,goa_baga_beach,2025-10-10,4,0,0,67.1,18000
h_goa_1,goa_baga_beach,2025-10-11,5,1,0,73.2,18000
h_goa_1,goa_baga_beach,2025-10-12,6,1,0,87.6,21600
h_goa_1,goa_baga_beach,2025-10-13,0,0,0,74.5,18000
h_goa_1,goa_baga_beach,2025-10-14,1,0,0,65.9,18000
h_goa_1,goa_baga_beach,2025-10-15,2,0,0,70.7,18000
h_goa_1,goa_baga_beach,2025-10-16,3,0,0,69.3,18000
h_goa_1,goa_baga_beach,2025-10-17,4,0,0,63.6,18000
h_goa_1,goa_baga_beach,2025-10-18,5,1,0,78.5,18000
h_goa_1,goa_baga_beach,2025-10-19,6,1,0,89.0,21600
h_goa_1,goa_baga_beach,2025-10-20,0,0,0,73.1,18000
h_goa_1,goa_baga_beach,2025-10-21,1,0,0,62.5,18000
h_goa_1,goa_baga_beach,2025-10-22,2,0,0,59.5,18000
h_goa_1,goa_baga_beach,2025-10-23,3,0,0,71.4,18000
h_goa_1,goa_baga_beach,2025-10-24,4,0,1,99.9,21600
h_goa_1,goa_baga_beach,2025-10-25,5,1,0,76.5,18000
h_goa_1,goa_baga_beach,2025-10-26,6,1,0,81.1,18000
h_goa_1,goa_baga_beach,2025-10-27,0,0,0,71.9,18000
h_goa_1,goa_baga_beach,2025-10-28,1,0,0,55.3,18000
h_goa_1,goa_baga_beach,2025-10-29,2,0,0,73.8,18000
h_goa_1,goa_baga_beach,2025-10-30,3,0,0,64.3,18000
h_goa_1,goa_baga_beach,2025-10-31,4,0,0,65.7,18000
h_goa_1,goa_baga_beach,2025-11-01,5,1,0,90.6,21600
h_goa_1,goa_baga_beach,2025-11-02,6,1,0,100.0,21600
h_goa_1,goa_baga_beach,2025-11-03,0,0,0,75.4,18000
h_goa_1,goa_baga_beach,2025-11-04,1,0,0,77.4,18000
h_goa_1,goa_baga_beach,2025-11-05,2,0,0,76.4,18000
h_goa_1,goa_baga_beach,2025-11-06,3,0,0,94.2,21600
h_goa_1,goa_baga_beach,2025-11-07,4,0,0,81.8,18000
h_goa_1,goa_baga_beach,2025-11-08,5,1,0,96.8,21600
h_goa_1,goa_baga_beach,2025-11-09,6,1,0,98.8,21600
h_goa_1,goa_baga_beach,2025-11-10,0,0,0,78.5,18000
h_goa_1,goa_baga_beach,2025-11-11,1,0,0,83.5,18000
h_goa_1,goa_baga_beach,2025-11-12,2,0,1,100.0,21600
h_goa_1,goa_baga_beach,2025-11-13,3,0,0,87.3,21600
h_goa_1,goa_baga_beach,2025-11-14,4,0,0,78.9,18000
h_goa_1,goa_baga_beach,2025-11-15,5,1,0,100.0,21600
h_goa_1,goa_baga_beach,2025-11-16,6,1,0,100.0,21600
h_goa_1,goa_baga_beach,2025-11-17,0,0,0,77.5,18000
h_goa_1,goa_baga_beach,2025-11-18,1,0,0,91.0,21600
h_goa_1,goa_baga_beach,2025-11-19,2,0,0,92.7,21600
h_goa_1,goa_baga_beach,2025-11-20,3,0,0,75.0,18000
h_goa_1,goa_baga_beach,2025-11-21,4,0,0,87.1,21600
h_goa_1,goa_baga_beach,2025-11-22,5,1,0,100.0,21600
h_goa_1,goa_baga_beach,2025-11-23,6,1,0,100.0,21600
h_goa_1,goa_baga_beach,2025-11-24,0,0,0,77.1,18000
h_goa_1,goa_baga_beach,2025-11-25,1,0,0,93.4,21600
h_goa_1,goa_baga_beach,2025-11-26,2,0,0,87.1,21600
h_goa_1,goa_baga_beach,2025-11-27,3,0,0,84.6,18000
h_goa_1,goa_baga_beach,2025-11-28,4,0,0,77.6,18000
h_goa_1,goa_baga_beach,2025-11-29,5,1,0,100.0,21600
h_goa_1,goa_baga_beach,2025-11-30,6,1,0,100.0,21600
h_goa_1,goa_baga_beach,2025-12-01,0,0,0,78.3,18000
h_goa_1,goa_baga_beach,2025-12-02,1,0,0,79.3,18000
h_goa_1,goa_baga_beach,2025-12-03,2,0,0,86.3,21600
h_goa_1,goa_baga_beach,2025-12-04,3,0,0,81.2,18000
h_goa_1,goa_baga_beach,2025-12-05,4,0,0,85.6,21600
h_goa_1,goa_baga_beach,2025-12-06,5,1,0,97.1,21600
h_goa_1,goa_baga_beach,2025-12-07,6,1,0,100.0,21600
h_goa_1,goa_baga_beach,2025-12-08,0,0,0,77.0,18000
h_goa_1,goa_baga_beach,2025-12-09,1,0,0,84.9,18000
h_goa_1,goa_baga_beach,2025-12-10,2,0,0,85.1,21600
h_goa_1,goa_baga_beach,2025-12-11,3,0,0,83.0,18000
h_goa_1,goa_baga_beach,2025-12-12,4,0,0,78.9,18000
h_goa_1,goa_baga_beach,2025-12-13,5,1,0,100.0,21600
h_goa_1,goa_baga_beach,2025-12-14,6,1,0,100.0,21600
h_goa_1,goa_baga_beach,2025-12-15,0,0,0,79.8,18000
h_goa_1,goa_baga_beach,2025-12-16,1,0,0,74.8,18000
h_goa_1,goa_baga_beach,2025-12-17,2,0,0,79.1,18000
h_goa_1,goa_baga_beach,2025-12-18,3,0,0,91.6,21600
h_goa_1,goa_baga_beach,2025-12-19,4,0,0,86.6,21600
h_goa_1,goa_baga_beach,2025-12-20,5,1,0,99.3,21600
h_goa_1,goa_baga_beach,2025-12-21,6,1,0,93.8,21600
h_goa_1,goa_baga_beach,2025-12-22,0,0,0,80.5,18000
h_goa_1,goa_baga_beach,2025-12-23,1,0,0,74.9,18000
h_goa_1,goa_baga_beach,2025-12-24,2,0,0,89.3,21600
h_goa_1,goa_baga_beach,2025-12-25,3,0,1,100.0,21600
h_goa_1,goa_baga_beach,2025-12-26,4,0,0,84.7,18000
h_goa_1,goa_baga_beach,2025-12-27,5,1,0,100.0,21600
h_goa_1,goa_baga_beach,2025-12-28,6,1,0,94.0,21600
h_goa_1,goa_baga_beach,2025-12-29,0,0,0,75.2,18000
h_goa_1,goa_baga_beach,2025-12-30,1,0,0,74.8,18000
h_goa_1,goa_baga_beach,2025-12-31,2,0,1,100.0,21600
h_goa_1,goa_baga_beach,2026-01-01,3,0,1,100.0,21600
h_goa_1,goa_baga_beach,2026-01-02,4,0,0,81.6,18000
h_goa_1,goa_baga_beach,2026-01-03,5,1,0,95.1,21600
h_goa_1,goa_baga_beach,2026-01-04,6,1,0,100.0,21600
h_goa_1,goa_baga_beach,2026-01-05,0,0,0,82.1,18000
h_goa_1,goa_baga_beach,2026-01-06,1,0,0,87.8,21600
h_goa_1,goa_baga_beach,2026-01-07,2,0,0,75.2,18000
h_goa_1,goa_baga_beach,2026-01-08,3,0,0,75.5,18000
h_goa_1,goa_baga_beach,2026-01-09,4,0,0,79.9,18000
h_goa_1,goa_baga_beach,2026-01-10,5,1,0,100.0,21600
h_goa_1,goa_baga_beach,2026-01-11,6,1,0,93.8,21600
h_goa_1,goa_baga_beach,2026-01-12,0,0,0,84.0,18000
h_goa_1,goa_baga_beach,2026-01-13,1,0,0,79.0,18000
h_goa_1,goa_baga_beach,2026-01-14,2,0,0,90.4,21600
h_goa_1,goa_baga_beach,2026-01-15,3,0,0,79.9,18000
h_goa_1,goa_baga_beach,2026-01-16,4,0,0,92.5,21600
h_goa_1,goa_baga_beach,2026-01-17,5,1,0,100.0,21600
h_goa_1,goa_baga_beach,2026-01-18,6,1,0,92.0,21600
h_goa_1,goa_baga_beach,2026-01-19,0,0,0,82.6,18000
h_goa_1,goa_baga_beach,2026-01-20,1,0,0,82.2,18000
h_goa_1,goa_baga_beach,2026-01-21,2,0,0,90.7,21600
h_goa_1,goa_baga_beach,2026-01-22,3,0,0,93.5,21600
h_goa_1,goa_baga_beach,2026-01-23,4,0,0,92.5,21600
h_goa_1,goa_baga_beach,2026-01-24,5,1,0,100.0,21600
h_goa_1,goa_baga_beach,2026-01-25,6,1,0,99.8,21600
h_goa_1,goa_baga_beach,2026-01-26,0,0,1,100.0,21600
h_goa_1,goa_baga_beach,2026-01-27,1,0,0,92.0,21600
h_goa_1,goa_baga_beach,2026-01-28,2,0,0,91.1,21600
h_goa_1,goa_baga_beach,2026-01-29,3,0,0,86.1,21600
h_goa_1,goa_baga_beach,2026-01-30,4,0,0,77.5,18000
h_goa_1,goa_baga_beach,2026-01-31,5,1,0,100.0,21600
h_goa_1,goa_baga_beach,2026-02-01,6,1,0,100.0,21600
h_goa_1,goa_baga_beach,2026-02-02,0,0,0,83.6,18000
h_goa_1,goa_baga_beach,2026-02-03,1,0,0,82.7,18000
h_goa_1,goa_baga_beach,2026-02-04,2,0,0,87.1,21600
h_goa_1,goa_baga_beach,2026-02-05,3,0,0,81.9,18000
h_goa_1,goa_baga_beach,2026-02-06,4,0,0,82.0,18000
h_goa_1,goa_baga_beach,2026-02-07,5,1,0,95.1,21600
h_goa_1,goa_baga_beach,2026-02-08,6,1,0,100.0,21600
h_goa_1,goa_baga_beach,2026-02-09,0,0,0,84.3,18000
h_goa_1,goa_baga_beach,2026-02-10,1,0,0,80.8,18000
h_goa_1,goa_baga_beach,2026-02-11,2,0,0,88.8,21600
h_goa_1,goa_baga_beach,2026-02-12,3,0,0,90.5,21600
h_goa_1,goa_baga_beach,2026-02-13,4,0,0,90.5,21600
h_goa_1,goa_baga_beach,2026-02-14,5,1,0,100.0,21600
h_goa_1,goa_baga_beach,2026-02-15,6,1,0,100.0,21600
h_goa_1,goa_baga_beach,2026-02-16,0,0,0,91.8,21600
h_goa_1,goa_baga_beach,2026-02-17,1,0,0,80.3,18000
h_goa_1,goa_baga_beach,2026-02-18,2,0,0,75.1,18000
h_goa_1,goa_baga_beach,2026-02-19,3,0,0,93.0,21600
h_goa_1,goa_baga_beach,2026-02-20,4,0,0,83.4,18000
h_goa_1,goa_baga_beach,2026-02-21,5,1,0,99.5,21600
h_goa_1,goa_baga_beach,2026-02-22,6,1,0,100.0,21600
h_goa_1,goa_baga_beach,2026-02-23,0,0,0,82.2,18000
h_goa_1,goa_baga_beach,2026-02-24,1,0,0,80.8,18000
h_goa_1,goa_baga_beach,2026-02-25,2,0,0,82.9,18000
h_goa_1,goa_baga_beach,2026-02-26,3,0,0,85.9,21600
h_goa_1,goa_baga_beach,2026-02-27,4,0,0,93.4,21600
h_goa_1,goa_baga_beach,2026-02-28,5,1,0,100.0,21600
h_goa_1,goa_baga_beach,2026-03-01,6,1,0,81.4,18000
h_goa_1,goa_baga_beach,2026-03-02,0,0,0,70.0,18000
h_goa_1,goa_baga_beach,2026-03-03,1,0,0,73.8,18000
h_goa_1,goa_baga_beach,2026-03-04,2,0,0,61.3,18000
h_goa_1,goa_baga_beach,2026-03-05,3,0,0,60.2,18000
h_goa_1,goa_baga_beach,2026-03-06,4,0,0,58.4,18000
h_goa_1,goa_baga_beach,2026-03-07,5,1,0,87.1,21600
h_goa_1,goa_baga_beach,2026-03-08,6,1,1,100.0,21600
h_goa_1,goa_baga_beach,2026-03-09,0,0,0,59.8,18000
h_goa_1,goa_baga_beach,2026-03-10,1,0,0,59.3,18000
h_goa_1,goa_baga_beach,2026-03-11,2,0,0,72.3,18000
h_goa_1,goa_baga_beach,2026-03-12,3,0,0,61.7,18000
h_goa_1,goa_baga_beach,2026-03-13,4,0,0,62.7,18000
h_goa_1,goa_baga_beach,2026-03-14,5,1,0,87.8,21600
h_goa_1,goa_baga_beach,2026-03-15,6,1,0,82.2,18000
h_goa_1,goa_baga_beach,2026-03-16,0,0,0,60.1,18000
h_goa_1,goa_baga_beach,2026-03-17,1,0,0,61.4,18000
h_goa_1,goa_baga_beach,2026-03-18,2,0,0,55.4,18000
h_goa_1,goa_baga_beach,2026-03-19,3,0,0,67.3,18000
h_goa_1,goa_baga_beach,2026-03-20,4,0,0,59.1,18000
h_goa_1,goa_baga_beach,2026-03-21,5,1,0,74.3,18000
h_goa_1,goa_baga_beach,2026-03-22,6,1,0,79.2,18000
h_goa_1,goa_baga_beach,2026-03-23,0,0,0,72.6,18000
h_goa_1,goa_baga_beach,2026-03-24,1,0,0,68.5,18000
h_goa_1,goa_baga_beach,2026-03-25,2,0,0,56.8,18000
h_goa_1,goa_baga_beach,2026-03-26,3,0,0,58.8,18000
h_goa_1,goa_baga_beach,2026-03-27,4,0,0,73.8,18000
h_goa_1,goa_baga_beach,2026-03-28,5,1,0,85.3,21600
h_goa_1,goa_baga_beach,2026-03-29,6,1,0,75.2,18000
h_goa_1,goa_baga_beach,2026-03-30,0,0,0,58.4,18000
h_goa_1,goa_baga_beach,2026-03-31,1,0,0,65.8,18000
h_goa_1,goa_baga_beach,2026-04-01,2,0,0,44.4,18000
h_goa_1,goa_baga_beach,2026-04-02,3,0,0,56.7,18000
h_goa_1,goa_baga_beach,2026-04-03,4,0,0,43.6,18000
h_goa_1,goa_baga_beach,2026-04-04,5,1,0,71.1,18000
h_goa_1,goa_baga_beach,2026-04-05,6,1,0,63.5,18000
h_goa_1,goa_baga_beach,2026-04-06,0,0,0,48.5,18000
h_goa_1,goa_baga_beach,2026-04-07,1,0,0,59.3,18000
h_goa_1,goa_baga_beach,2026-04-08,2,0,0,61.6,18000
h_goa_1,goa_baga_beach,2026-04-09,3,0,0,59.9,18000
h_goa_1,goa_baga_beach,2026-04-10,4,0,0,50.2,18000
h_goa_1,goa_baga_beach,2026-04-11,5,1,0,76.4,18000
h_goa_1,goa_baga_beach,2026-04-12,6,1,0,59.5,18000
h_goa_1,goa_baga_beach,2026-04-13,0,0,0,46.3,18000
h_goa_1,goa_baga_beach,2026-04-14,1,0,0,61.7,18000
h_goa_1,goa_baga_beach,2026-04-15,2,0,0,59.0,18000
h_goa_1,goa_baga_beach,2026-04-16,3,0,0,56.6,18000
h_goa_1,goa_baga_beach,2026-04-17,4,0,0,50.4,18000
h_goa_1,goa_baga_beach,2026-04-18,5,1,0,57.8,18000
h_goa_1,goa_baga_beach,2026-04-19,6,1,0,64.5,18000
h_goa_1,goa_baga_beach,2026-04-20,0,0,0,59.5,18000
h_goa_1,goa_baga_beach,2026-04-21,1,0,0,52.8,18000
h_goa_1,goa_baga_beach,2026-04-22,2,0,0,53.0,18000
h_goa_1,goa_baga_beach,2026-04-23,3,0,0,42.2,18000
h_goa_1,goa_baga_beach,2026-04-24,4,0,0,62.0,18000
h_goa_1,goa_baga_beach,2026-04-25,5,1,0,65.1,18000
h_goa_1,goa_baga_beach,2026-04-26,6,1,0,72.6,18000
h_goa_1,goa_baga_beach,2026-04-27,0,0,0,43.8,18000
h_goa_1,goa_baga_beach,2026-04-28,1,0,0,56.2,18000
h_goa_1,goa_baga_beach,2026-04-29,2,0,0,55.0,18000
h_goa_1,goa_baga_beach,2026-04-30,3,0,0,61.8,18000
h_goa_1,goa_baga_beach,2026-05-01,4,0,0,56.7,18000
h_goa_1,goa_baga_beach,2026-05-02,5,1,0,73.2,18000
h_goa_1,goa_baga_beach,2026-05-03,6,1,0,75.0,18000
h_goa_1,goa_baga_beach,2026-05-04,0,0,0,56.0,18000
h_goa_1,goa_baga_beach,2026-05-05,1,0,0,58.9,18000
h_goa_1,goa_baga_beach,2026-05-06,2,0,0,43.8,18000
h_goa_1,goa_baga_beach,2026-05-07,3,0,0,50.0,18000
h_goa_1,goa_baga_beach,2026-05-08,4,0,0,60.1,18000
h_goa_1,goa_baga_beach,2026-05-09,5,1,0,65.3,18000
h_goa_1,goa_baga_beach,2026-05-10,6,1,0,74.7,18000
h_goa_1,goa_baga_beach,2026-05-11,0,0,0,61.6,18000
h_goa_1,goa_baga_beach,2026-05-12,1,0,0,56.0,18000
h_goa_1,goa_baga_beach,2026-05-13,2,0,0,43.8,18000
h_goa_1,goa_baga_beach,2026-05-14,3,0,0,43.0,18000
h_goa_1,goa_baga_beach,2026-05-15,4,0,0,61.8,18000
h_goa_1,goa_baga_beach,2026-05-16,5,1,0,67.9,18000
h_goa_1,goa_baga_beach,2026-05-17,6,1,0,74.6,18000
h_goa_1,goa_baga_beach,2026-05-18,0,0,0,59.5,18000
h_goa_1,goa_baga_beach,2026-05-19,1,0,0,51.8,18000
h_goa_1,goa_baga_beach,2026-05-20,2,0,0,47.5,18000
h_goa_1,goa_baga_beach,2026-05-21,3,0,0,58.7,18000
h_goa_1,goa_baga_beach,2026-05-22,4,0,0,55.2,18000
h_goa_1,goa_baga_beach,2026-05-23,5,1,0,65.7,18000
h_goa_1,goa_baga_beach,2026-05-24,6,1,0,72.6,18000
h_goa_1,goa_baga_beach,2026-05-25,0,0,0,45.7,18000
h_goa_1,goa_baga_beach,2026-05-26,1,0,0,49.3,18000
h_goa_1,goa_baga_beach,2026-05-27,2,0,0,52.3,18000
h_goa_1,goa_baga_beach,2026-05-28,3,0,0,44.4,18000
h_goa_1,goa_baga_beach,2026-05-29,4,0,0,55.6,18000
h_goa_1,goa_baga_beach,2026-05-30,5,1,0,67.2,18000
h_goa_1,goa_baga_beach,2026-05-31,6,1,0,73.5,18000
h_goa_1,goa_baga_beach,2026-06-01,0,0,0,50.3,18000
h_goa_1,goa_baga_beach,2026-06-02,1,0,0,48.6,18000
h_goa_1,goa_baga_beach,2026-06-03,2,0,0,61.0,18000
h_goa_1,goa_baga_beach,2026-06-04,3,0,0,57.9,18000
h_goa_1,goa_baga_beach,2026-06-05,4,0,0,59.3,18000
h_goa_1,goa_baga_beach,2026-06-06,5,1,0,61.1,18000
h_goa_1,goa_baga_beach,2026-06-07,6,1,0,76.8,18000
h_goa_1,goa_baga_beach,2026-06-08,0,0,0,53.7,18000
h_goa_1,goa_baga_beach,2026-06-09,1,0,0,47.5,18000
h_goa_1,goa_baga_beach,2026-06-10,2,0,0,58.2,18000
h_goa_1,goa_baga_beach,2026-06-11,3,0,0,45.0,18000
h_goa_1,goa_baga_beach,2026-06-12,4,0,0,59.9,18000
h_goa_1,goa_baga_beach,2026-06-13,5,1,0,65.0,18000
h_goa_1,goa_baga_beach,2026-06-14,6,1,0,58.8,18000
h_goa_1,goa_baga_beach,2026-06-15,0,0,0,47.7,18000
h_goa_1,goa_baga_beach,2026-06-16,1,0,0,46.5,18000
h_goa_1,goa_baga_beach,2026-06-17,2,0,0,45.4,18000
h_goa_1,goa_baga_beach,2026-06-18,3,0,0,47.1,18000
h_goa_1,goa_baga_beach,2026-06-19,4,0,0,60.1,18000
h_goa_1,goa_baga_beach,2026-06-20,5,1,0,58.9,18000
h_goa_1,goa_baga_beach,2026-06-21,6,1,0,64.8,18000
h_goa_1,goa_baga_beach,2026-06-22,0,0,0,44.3,18000
h_goa_1,goa_baga_beach,2026-06-23,1,0,0,56.1,18000
h_goa_1,goa_baga_beach,2026-06-24,2,0,0,54.3,18000
h_goa_1,goa_baga_beach,2026-06-25,3,0,0,55.0,18000
h_goa_1,goa_baga_beach,2026-06-26,4,0,0,49.9,18000
h_goa_1,goa_baga_beach,2026-06-27,5,1,0,69.1,18000
h_goa_1,goa_baga_beach,2026-06-28,6,1,0,62.3,18000
h_goa_1,goa_baga_beach,2026-06-29,0,0,0,59.5,18000
h_goa_1,goa_baga_beach,2026-06-30,1,0,0,51.0,18000
h_goa_1,goa_baga_beach,2026-07-01,2,0,0,44.7,18000
h_goa_1,goa_baga_beach,2026-07-02,3,0,0,57.1,18000
h_goa_1,goa_baga_beach,2026-07-03,4,0,0,47.9,18000
h_goa_1,goa_baga_beach,2026-07-04,5,1,0,73.2,18000
h_goa_1,goa_baga_beach,2026-07-05,6,1,0,63.5,18000
h_goa_1,goa_baga_beach,2026-07-06,0,0,0,61.8,18000
h_goa_1,goa_baga_beach,2026-07-07,1,0,0,60.4,18000
h_goa_1,goa_baga_beach,2026-07-08,2,0,0,53.9,18000
h_goa_1,goa_baga_beach,2026-07-09,3,0,0,48.1,18000
h_goa_1,goa_baga_beach,2026-07-10,4,0,0,61.3,18000
h_goa_1,goa_baga_beach,2026-07-11,5,1,0,72.4,18000
h_goa_1,goa_baga_beach,2026-07-12,6,1,0,69.3,18000
h_goa_1,goa_baga_beach,2026-07-13,0,0,0,59.5,18000
h_goa_1,goa_baga_beach,2026-07-14,1,0,0,59.1,18000
h_goa_1,goa_baga_beach,2026-07-15,2,0,0,52.9,18000
h_goa_1,goa_baga_beach,2026-07-16,3,0,0,54.6,18000
h_goa_1,goa_baga_beach,2026-07-17,4,0,0,56.1,18000
h_goa_1,goa_baga_beach,2026-07-18,5,1,0,74.7,18000
h_goa_1,goa_baga_beach,2026-07-19,6,1,0,59.2,18000
h_goa_1,goa_baga_beach,2026-07-20,0,0,0,42.2,18000
h_goa_1,goa_baga_beach,2026-07-21,1,0,0,47.8,18000
h_goa_1,goa_baga_beach,2026-07-22,2,0,0,44.1,18000
h_goa_1,goa_baga_beach,2026-07-23,3,0,0,52.3,18000
h_goa_1,goa_baga_beach,2026-07-24,4,0,0,52.4,18000
h_goa_1,goa_baga_beach,2026-07-25,5,1,0,76.2,18000
h_goa_1,goa_baga_beach,2026-07-26,6,1,0,70.2,18000
h_goa_1,goa_baga_beach,2026-07-27,0,0,0,55.9,18000
h_goa_1,goa_baga_beach,2026-07-28,1,0,0,60.0,18000
h_goa_1,goa_baga_beach,2026-07-29,2,0,0,48.3,18000
h_goa_1,goa_baga_beach,2026-07-30,3,0,0,46.9,18000
h_goa_1,goa_baga_beach,2026-07-31,4,0,0,52.0,18000
h_goa_1,goa_baga_beach,2026-08-01,5,1,0,78.7,18000
h_goa_1,goa_baga_beach,2026-08-02,6,1,0,89.4,21600
h_goa_1,goa_baga_beach,2026-08-03,0,0,0,73.5,18000
h_goa_1,goa_baga_beach,2026-08-04,1,0,0,63.4,18000
h_goa_1,goa_baga_beach,2026-08-05,2,0,0,74.1,18000
h_goa_1,goa_baga_beach,2026-08-06,3,0,0,71.8,18000
h_goa_1,goa_baga_beach,2026-08-07,4,0,0,65.0,18000
h_goa_1,goa_baga_beach,2026-08-08,5,1,0,86.2,21600
h_goa_1,goa_baga_beach,2026-08-09,6,1,0,88.6,21600
h_goa_1,goa_baga_beach,2026-08-10,0,0,0,64.1,18000
h_goa_1,goa_baga_beach,2026-08-11,1,0,0,72.0,18000
h_goa_1,goa_baga_beach,2026-08-12,2,0,0,58.5,18000
h_goa_1,goa_baga_beach,2026-08-13,3,0,0,61.6,18000
h_goa_1,goa_baga_beach,2026-08-14,4,0,0,56.8,18000
h_goa_1,goa_baga_beach,2026-08-15,5,1,1,96.3,21600
h_goa_1,goa_baga_beach,2026-08-16,6,1,0,82.8,18000
h_goa_1,goa_baga_beach,2026-08-17,0,0,0,68.5,18000
h_goa_1,goa_baga_beach,2026-08-18,1,0,0,70.9,18000
h_goa_1,goa_baga_beach,2026-08-19,2,0,0,62.6,18000
h_goa_1,goa_baga_beach,2026-08-20,3,0,0,62.1,18000
h_goa_1,goa_baga_beach,2026-08-21,4,0,0,59.7,18000
h_goa_1,goa_baga_beach,2026-08-22,5,1,0,78.5,18000
h_goa_1,goa_baga_beach,2026-08-23,6,1,0,87.9,21600
h_goa_1,goa_baga_beach,2026-08-24,0,0,0,73.8,18000
h_goa_1,goa_baga_beach,2026-08-25,1,0,0,60.7,18000
h_goa_1,goa_baga_beach,2026-08-26,2,0,0,74.5,18000
h_goa_1,goa_baga_beach,2026-08-27,3,0,0,64.2,18000
h_goa_1,goa_baga_beach,2026-08-28,4,0,0,71.7,18000
h_goa_1,goa_baga_beach,2026-08-29,5,1,0,73.9,18000
h_goa_1,goa_baga_beach,2026-08-30,6,1,0,80.4,18000
h_goa_1,goa_baga_beach,2026-08-31,0,0,0,69.2,18000
h_goa_1,goa_baga_beach,2026-09-01,1,0,0,57.6,18000
h_goa_1,goa_baga_beach,2026-09-02,2,0,0,65.1,18000
h_goa_1,goa_baga_beach,2026-09-03,3,0,0,63.0,18000
h_goa_2,goa_baga_beach,2025-09-04,3,0,0,69.2,6000
h_goa_2,goa_baga_beach,2025-09-05,4,0,0,57.2,6000
h_goa_2,goa_baga_beach,2025-09-06,5,1,0,75.8,6000
h_goa_2,goa_baga_beach,2025-09-07,6,1,0,74.1,6000
h_goa_2,goa_baga_beach,2025-09-08,0,0,0,64.0,6000
h_goa_2,goa_baga_beach,2025-09-09,1,0,0,68.2,6000
h_goa_2,goa_baga_beach,2025-09-10,2,0,0,63.4,6000
h_goa_2,goa_baga_beach,2025-09-11,3,0,0,67.4,6000
h_goa_2,goa_baga_beach,2025-09-12,4,0,0,66.4,6000
h_goa_2,goa_baga_beach,2025-09-13,5,1,0,78.5,6000
h_goa_2,goa_baga_beach,2025-09-14,6,1,0,84.3,6000
h_goa_2,goa_baga_beach,2025-09-15,0,0,0,54.3,6000
h_goa_2,goa_baga_beach,2025-09-16,1,0,0,50.5,6000
h_goa_2,goa_baga_beach,2025-09-17,2,0,0,58.2,6000
h_goa_2,goa_baga_beach,2025-09-18,3,0,0,59.3,6000
h_goa_2,goa_baga_beach,2025-09-19,4,0,0,60.9,6000
h_goa_2,goa_baga_beach,2025-09-20,5,1,0,84.9,6000
h_goa_2,goa_baga_beach,2025-09-21,6,1,0,84.3,6000
h_goa_2,goa_baga_beach,2025-09-22,0,0,0,67.7,6000
h_goa_2,goa_baga_beach,2025-09-23,1,0,0,54.3,6000
h_goa_2,goa_baga_beach,2025-09-24,2,0,0,65.4,6000
h_goa_2,goa_baga_beach,2025-09-25,3,0,0,56.8,6000
h_goa_2,goa_baga_beach,2025-09-26,4,0,0,50.2,6000
h_goa_2,goa_baga_beach,2025-09-27,5,1,0,77.3,6000
h_goa_2,goa_baga_beach,2025-09-28,6,1,0,75.7,6000
h_goa_2,goa_baga_beach,2025-09-29,0,0,0,64.7,6000
h_goa_2,goa_baga_beach,2025-09-30,1,0,0,56.1,6000
h_goa_2,goa_baga_beach,2025-10-01,2,0,0,50.0,6000
h_goa_2,goa_baga_beach,2025-10-02,3,0,1,85.5,7200
h_goa_2,goa_baga_beach,2025-10-03,4,0,0,68.8,6000
h_goa_2,goa_baga_beach,2025-10-04,5,1,0,70.1,6000
h_goa_2,goa_baga_beach,2025-10-05,6,1,0,82.0,6000
h_goa_2,goa_baga_beach,2025-10-06,0,0,0,55.0,6000
h_goa_2,goa_baga_beach,2025-10-07,1,0,0,50.6,6000
h_goa_2,goa_baga_beach,2025-10-08,2,0,0,61.1,6000
h_goa_2,goa_baga_beach,2025-10-09,3,0,0,53.8,6000
h_goa_2,goa_baga_beach,2025-10-10,4,0,0,69.7,6000
h_goa_2,goa_baga_beach,2025-10-11,5,1,0,81.4,6000
h_goa_2,goa_baga_beach,2025-10-12,6,1,0,70.6,6000
h_goa_2,goa_baga_beach,2025-10-13,0,0,0,67.2,6000
h_goa_2,goa_baga_beach,2025-10-14,1,0,0,58.1,6000
h_goa_2,goa_baga_beach,2025-10-15,2,0,0,57.4,6000
h_goa_2,goa_baga_beach,2025-10-16,3,0,0,56.3,6000
h_goa_2,goa_baga_beach,2025-10-17,4,0,0,66.8,6000
h_goa_2,goa_baga_beach,2025-10-18,5,1,0,66.8,6000
h_goa_2,goa_baga_beach,2025-10-19,6,1,0,68.7,6000
h_goa_2,goa_baga_beach,2025-10-20,0,0,0,62.2,6000
h_goa_2,goa_baga_beach,2025-10-21,1,0,0,51.1,6000
h_goa_2,goa_baga_beach,2025-10-22,2,0,0,57.6,6000
h_goa_2,goa_baga_beach,2025-10-23,3,0,0,64.1,6000
h_goa_2,goa_baga_beach,2025-10-24,4,0,1,76.3,6000
h_goa_2,goa_baga_beach,2025-10-25,5,1,0,65.6,6000
h_goa_2,goa_baga_beach,2025-10-26,6,1,0,77.3,6000
h_goa_2,goa_baga_beach,2025-10-27,0,0,0,58.1,6000
h_goa_2,goa_baga_beach,2025-10-28,1,0,0,61.6,6000
h_goa_2,goa_baga_beach,2025-10-29,2,0,0,51.8,6000
h_goa_2,goa_baga_beach,2025-10-30,3,0,0,62.3,6000
h_goa_2,goa_baga_beach,2025-10-31,4,0,0,52.0,6000
h_goa_2,goa_baga_beach,2025-11-01,5,1,0,100.0,7200
h_goa_2,goa_baga_beach,2025-11-02,6,1,0,83.6,6000
h_goa_2,goa_baga_beach,2025-11-03,0,0,0,72.4,6000
h_goa_2,goa_baga_beach,2025-11-04,1,0,0,80.9,6000
h_goa_2,goa_baga_beach,2025-11-05,2,0,0,88.0,7200
h_goa_2,goa_baga_beach,2025-11-06,3,0,0,72.0,6000
h_goa_2,goa_baga_beach,2025-11-07,4,0,0,71.8,6000
h_goa_2,goa_baga_beach,2025-11-08,5,1,0,89.9,7200
h_goa_2,goa_baga_beach,2025-11-09,6,1,0,96.1,7200
h_goa_2,goa_baga_beach,2025-11-10,0,0,0,84.0,6000
h_goa_2,goa_baga_beach,2025-11-11,1,0,0,70.4,6000
h_goa_2,goa_baga_beach,2025-11-12,2,0,1,100.0,7200
h_goa_2,goa_baga_beach,2025-11-13,3,0,0,74.1,6000
h_goa_2,goa_baga_beach,2025-11-14,4,0,0,76.6,6000
h_goa_2,goa_baga_beach,2025-11-15,5,1,0,100.0,7200
h_goa_2,goa_baga_beach,2025-11-16,6,1,0,97.4,7200
h_goa_2,goa_baga_beach,2025-11-17,0,0,0,87.4,7200
h_goa_2,goa_baga_beach,2025-11-18,1,0,0,70.4,6000
h_goa_2,goa_baga_beach,2025-11-19,2,0,0,68.7,6000
h_goa_2,goa_baga_beach,2025-11-20,3,0,0,70.0,6000
h_goa_2,goa_baga_beach,2025-11-21,4,0,0,72.0,6000
h_goa_2,goa_baga_beach,2025-11-22,5,1,0,83.7,6000
h_goa_2,goa_baga_beach,2025-11-23,6,1,0,85.4,7200
h_goa_2,goa_baga_beach,2025-11-24,0,0,0,72.8,6000
h_goa_2,goa_baga_beach,2025-11-25,1,0,0,87.3,7200
h_goa_2,goa_baga_beach,2025-11-26,2,0,0,76.9,6000
h_goa_2,goa_baga_beach,2025-11-27,3,0,0,87.9,7200
h_goa_2,goa_baga_beach,2025-11-28,4,0,0,70.5,6000
h_goa_2,goa_baga_beach,2025-11-29,5,1,0,99.4,7200
h_goa_2,goa_baga_beach,2025-11-30,6,1,0,87.0,7200
h_goa_2,goa_baga_beach,2025-12-01,0,0,0,74.3,6000
h_goa_2,goa_baga_beach,2025-12-02,1,0,0,84.7,6000
h_goa_2,goa_baga_beach,2025-12-03,2,0,0,84.8,6000
h_goa_2,goa_baga_beach,2025-12-04,3,0,0,76.1,6000
h_goa_2,goa_baga_beach,2025-12-05,4,0,0,69.6,6000
h_goa_2,goa_baga_beach,2025-12-06,5,1,0,86.9,7200
h_goa_2,goa_baga_beach,2025-12-07,6,1,0,98.4,7200
h_goa_2,goa_baga_beach,2025-12-08,0,0,0,76.1,6000
h_goa_2,goa_baga_beach,2025-12-09,1,0,0,75.1,6000
h_goa_2,goa_baga_beach,2025-12-10,2,0,0,73.8,6000
h_goa_2,goa_baga_beach,2025-12-11,3,0,0,74.1,6000
h_goa_2,goa_baga_beach,2025-12-12,4,0,0,70.8,6000
h_goa_2,goa_baga_beach,2025-12-13,5,1,0,98.7,7200
h_goa_2,goa_baga_beach,2025-12-14,6,1,0,86.3,7200
h_goa_2,goa_baga_beach,2025-12-15,0,0,0,86.7,7200
h_goa_2,goa_baga_beach,2025-12-16,1,0,0,81.5,6000
h_goa_2,goa_baga_beach,2025-12-17,2,0,0,71.3,6000
h_goa_2,goa_baga_beach,2025-12-18,3,0,0,84.1,6000
h_goa_2,goa_baga_beach,2025-12-19,4,0,0,85.5,7200
h_goa_2,goa_baga_beach,2025-12-20,5,1,0,100.0,7200
h_goa_2,goa_baga_beach,2025-12-21,6,1,0,85.3,7200
h_goa_2,goa_baga_beach,2025-12-22,0,0,0,75.4,6000
h_goa_2,goa_baga_beach,2025-12-23,1,0,0,75.9,6000
h_goa_2,goa_baga_beach,2025-12-24,2,0,0,79.4,6000
h_goa_2,goa_baga_beach,2025-12-25,3,0,1,100.0,7200
h_goa_2,goa_baga_beach,2025-12-26,4,0,0,71.8,6000
h_goa_2,goa_baga_beach,2025-12-27,5,1,0,95.3,7200
h_goa_2,goa_baga_beach,2025-12-28,6,1,0,88.9,7200
h_goa_2,goa_baga_beach,2025-12-29,0,0,0,71.0,6000
h_goa_2,goa_baga_beach,2025-12-30,1,0,0,84.1,6000
h_goa_2,goa_baga_beach,2025-12-31,2,0,1,100.0,7200
h_goa_2,goa_baga_beach,2026-01-01,3,0,1,100.0,7200
h_goa_2,goa_baga_beach,2026-01-02,4,0,0,71.3,6000
h_goa_2,goa_baga_beach,2026-01-03,5,1,0,96.3,7200
h_goa_2,goa_baga_beach,2026-01-04,6,1,0,98.7,7200
h_goa_2,goa_baga_beach,2026-01-05,0,0,0,85.3,7200
h_goa_2,goa_baga_beach,2026-01-06,1,0,0,82.4,6000
h_goa_2,goa_baga_beach,2026-01-07,2,0,0,86.9,7200
h_goa_2,goa_baga_beach,2026-01-08,3,0,0,78.6,6000
h_goa_2,goa_baga_beach,2026-01-09,4,0,0,75.6,6000
h_goa_2,goa_baga_beach,2026-01-10,5,1,0,96.1,7200
h_goa_2,goa_baga_beach,2026-01-11,6,1,0,85.7,7200
h_goa_2,goa_baga_beach,2026-01-12,0,0,0,78.1,6000
h_goa_2,goa_baga_beach,2026-01-13,1,0,0,74.7,6000
h_goa_2,goa_baga_beach,2026-01-14,2,0,0,69.4,6000
h_goa_2,goa_baga_beach,2026-01-15,3,0,0,86.0,7200
h_goa_2,goa_baga_beach,2026-01-16,4,0,0,79.6,6000
h_goa_2,goa_baga_beach,2026-01-17,5,1,0,99.5,7200
h_goa_2,goa_baga_beach,2026-01-18,6,1,0,83.6,6000
h_goa_2,goa_baga_beach,2026-01-19,0,0,0,85.9,7200
h_goa_2,goa_baga_beach,2026-01-20,1,0,0,79.4,6000
h_goa_2,goa_baga_beach,2026-01-21,2,0,0,73.1,6000
h_goa_2,goa_baga_beach,2026-01-22,3,0,0,74.0,6000
h_goa_2,goa_baga_beach,2026-01-23,4,0,0,74.4,6000
h_goa_2,goa_baga_beach,2026-01-24,5,1,0,88.6,7200
h_goa_2,goa_baga_beach,2026-01-25,6,1,0,95.4,7200
h_goa_2,goa_baga_beach,2026-01-26,0,0,1,100.0,7200
h_goa_2,goa_baga_beach,2026-01-27,1,0,0,68.2,6000
h_goa_2,goa_baga_beach,2026-01-28,2,0,0,83.5,6000
h_goa_2,goa_baga_beach,2026-01-29,3,0,0,87.9,7200
h_goa_2,goa_baga_beach,2026-01-30,4,0,0,72.4,6000
h_goa_2,goa_baga_beach,2026-01-31,5,1,0,88.2,7200
h_goa_2,goa_baga_beach,2026-02-01,6,1,0,100.0,7200
h_goa_2,goa_baga_beach,2026-02-02,0,0,0,68.1,6000
h_goa_2,goa_baga_beach,2026-02-03,1,0,0,79.3,6000
h_goa_2,goa_baga_beach,2026-02-04,2,0,0,81.7,6000
h_goa_2,goa_baga_beach,2026-02-05,3,0,0,81.2,6000
h_goa_2,goa_baga_beach,2026-02-06,4,0,0,80.3,6000
h_goa_2,goa_baga_beach,2026-02-07,5,1,0,90.2,7200
h_goa_2,goa_baga_beach,2026-02-08,6,1,0,100.0,7200
h_goa_2,goa_baga_beach,2026-02-09,0,0,0,84.2,6000
h_goa_2,goa_baga_beach,2026-02-10,1,0,0,78.9,6000
h_goa_2,goa_baga_beach,2026-02-11,2,0,0,86.6,7200
h_goa_2,goa_baga_beach,2026-02-12,3,0,0,82.5,6000
h_goa_2,goa_baga_beach,2026-02-13,4,0,0,84.9,6000
h_goa_2,goa_baga_beach,2026-02-14,5,1,0,100.0,7200
h_goa_2,goa_baga_beach,2026-02-15,6,1,0,97.1,7200
h_goa_2,goa_baga_beach,2026-02-16,0,0,0,75.7,6000
h_goa_2,goa_baga_beach,2026-02-17,1,0,0,87.8,7200
h_goa_2,goa_baga_beach,2026-02-18,2,0,0,79.3,6000
h_goa_2,goa_baga_beach,2026-02-19,3,0,0,74.5,6000
h_goa_2,goa_baga_beach,2026-02-20,4,0,0,73.7,6000
h_goa_2,goa_baga_beach,2026-02-21,5,1,0,89.2,7200
h_goa_2,goa_baga_beach,2026-02-22,6,1,0,94.1,7200
h_goa_2,goa_baga_beach,2026-02-23,0,0,0,72.7,6000
h_goa_2,goa_baga_beach,2026-02-24,1,0,0,71.7,6000
h_goa_2,goa_baga_beach,2026-02-25,2,0,0,74.1,6000
h_goa_2,goa_baga_beach,2026-02-26,3,0,0,70.8,6000
h_goa_2,goa_baga_beach,2026-02-27,4,0,0,78.0,6000
h_goa_2,goa_baga_beach,2026-02-28,5,1,0,100.0,7200
h_goa_2,goa_baga_beach,2026-03-01,6,1,0,78.1,6000
h_goa_2,goa_baga_beach,2026-03-02,0,0,0,51.1,6000
h_goa_2,goa_baga_beach,2026-03-03,1,0,0,51.4,6000
h_goa_2,goa_baga_beach,2026-03-04,2,0,0,68.2,6000
h_goa_2,goa_baga_beach,2026-03-05,3,0,0,58.4,6000
h_goa_2,goa_baga_beach,2026-03-06,4,0,0,67.2,6000
h_goa_2,goa_baga_beach,2026-03-07,5,1,0,66.2,6000
h_goa_2,goa_baga_beach,2026-03-08,6,1,1,98.4,7200
h_goa_2,goa_baga_beach,2026-03-09,0,0,0,69.2,6000
h_goa_2,goa_baga_beach,2026-03-10,1,0,0,52.6,6000
h_goa_2,goa_baga_beach,2026-03-11,2,0,0,65.0,6000
h_goa_2,goa_baga_beach,2026-03-12,3,0,0,65.3,6000
h_goa_2,goa_baga_beach,2026-03-13,4,0,0,57.2,6000
h_goa_2,goa_baga_beach,2026-03-14,5,1,0,76.3,6000
h_goa_2,goa_baga_beach,2026-03-15,6,1,0,78.5,6000
h_goa_2,goa_baga_beach,2026-03-16,0,0,0,66.0,6000
h_goa_2,goa_baga_beach,2026-03-17,1,0,0,56.6,6000
h_goa_2,goa_baga_beach,2026-03-18,2,0,0,50.4,6000
h_goa_2,goa_baga_beach,2026-03-19,3,0,0,58.4,6000
h_goa_2,goa_baga_beach,2026-03-20,4,0,0,69.1,6000
h_goa_2,goa_baga_beach,2026-03-21,5,1,0,80.5,6000
h_goa_2,goa_baga_beach,2026-03-22,6,1,0,79.0,6000
h_goa_2,goa_baga_beach,2026-03-23,0,0,0,63.5,6000
h_goa_2,goa_baga_beach,2026-03-24,1,0,0,65.5,6000
h_goa_2,goa_baga_beach,2026-03-25,2,0,0,54.1,6000
h_goa_2,goa_baga_beach,2026-03-26,3,0,0,51.4,6000
h_goa_2,goa_baga_beach,2026-03-27,4,0,0,53.4,6000
h_goa_2,goa_baga_beach,2026-03-28,5,1,0,68.0,6000
h_goa_2,goa_baga_beach,2026-03-29,6,1,0,73.2,6000
h_goa_2,goa_baga_beach,2026-03-30,0,0,0,64.5,6000
h_goa_2,goa_baga_beach,2026-03-31,1,0,0,58.6,6000
h_goa_2,goa_baga_beach,2026-04-01,2,0,0,41.9,6000
h_goa_2,goa_baga_beach,2026-04-02,3,0,0,45.4,6000
h_goa_2,goa_baga_beach,2026-04-03,4,0,0,41.9,6000
h_goa_2,goa_baga_beach,2026-04-04,5,1,0,65.6,6000
h_goa_2,goa_baga_beach,2026-04-05,6,1,0,61.9,6000
h_goa_2,goa_baga_beach,2026-04-06,0,0,0,38.6,4800
h_goa_2,goa_baga_beach,2026-04-07,1,0,0,51.5,6000
h_goa_2,goa_baga_beach,2026-04-08,2,0,0,47.9,6000
h_goa_2,goa_baga_beach,2026-04-09,3,0,0,52.4,6000
h_goa_2,goa_baga_beach,2026-04-10,4,0,0,42.1,6000
h_goa_2,goa_baga_beach,2026-04-11,5,1,0,53.7,6000
h_goa_2,goa_baga_beach,2026-04-12,6,1,0,64.0,6000
h_goa_2,goa_baga_beach,2026-04-13,0,0,0,42.8,6000
h_goa_2,goa_baga_beach,2026-04-14,1,0,0,44.9,6000
h_goa_2,goa_baga_beach,2026-04-15,2,0,0,43.3,6000
h_goa_2,goa_baga_beach,2026-04-16,3,0,0,40.7,6000
h_goa_2,goa_baga_beach,2026-04-17,4,0,0,55.9,6000
h_goa_2,goa_baga_beach,2026-04-18,5,1,0,71.7,6000
h_goa_2,goa_baga_beach,2026-04-19,6,1,0,60.3,6000
h_goa_2,goa_baga_beach,2026-04-20,0,0,0,55.8,6000
h_goa_2,goa_baga_beach,2026-04-21,1,0,0,41.1,6000
h_goa_2,goa_baga_beach,2026-04-22,2,0,0,52.8,6000
h_goa_2,goa_baga_beach,2026-04-23,3,0,0,41.4,6000
h_goa_2,goa_baga_beach,2026-04-24,4,0,0,39.5,4800
h_goa_2,goa_baga_beach,2026-04-25,5,1,0,68.5,6000
h_goa_2,goa_baga_beach,2026-04-26,6,1,0,55.6,6000
h_goa_2,goa_baga_beach,2026-04-27,0,0,0,44.8,6000
h_goa_2,goa_baga_beach,2026-04-28,1,0,0,55.8,6000
h_goa_2,goa_baga_beach,2026-04-29,2,0,0,43.6,6000
h_goa_2,goa_baga_beach,2026-04-30,3,0,0,47.2,6000
h_goa_2,goa_baga_beach,2026-05-01,4,0,0,40.6,6000
h_goa_2,goa_baga_beach,2026-05-02,5,1,0,56.2,6000
h_goa_2,goa_baga_beach,2026-05-03,6,1,0,59.2,6000
h_goa_2,goa_baga_beach,2026-05-04,0,0,0,56.9,6000
h_goa_2,goa_baga_beach,2026-05-05,1,0,0,57.6,6000
h_goa_2,goa_baga_beach,2026-05-06,2,0,0,53.4,6000
h_goa_2,goa_baga_beach,2026-05-07,3,0,0,45.1,6000
h_goa_2,goa_baga_beach,2026-05-08,4,0,0,42.7,6000
h_goa_2,goa_baga_beach,2026-05-09,5,1,0,70.3,6000
h_goa_2,goa_baga_beach,2026-05-10,6,1,0,61.3,6000
h_goa_2,goa_baga_beach,2026-05-11,0,0,0,43.8,6000
h_goa_2,goa_baga_beach,2026-05-12,1,0,0,55.2,6000
h_goa_2,goa_baga_beach,2026-05-13,2,0,0,57.6,6000
h_goa_2,goa_baga_beach,2026-05-14,3,0,0,54.2,6000
h_goa_2,goa_baga_beach,2026-05-15,4,0,0,44.2,6000
h_goa_2,goa_baga_beach,2026-05-16,5,1,0,62.3,6000
h_goa_2,goa_baga_beach,2026-05-17,6,1,0,57.1,6000
h_goa_2,goa_baga_beach,2026-05-18,0,0,0,47.3,6000
h_goa_2,goa_baga_beach,2026-05-19,1,0,0,41.2,6000
h_goa_2,goa_baga_beach,2026-05-20,2,0,0,50.1,6000
h_goa_2,goa_baga_beach,2026-05-21,3,0,0,45.4,6000
h_goa_2,goa_baga_beach,2026-05-22,4,0,0,56.3,6000
h_goa_2,goa_baga_beach,2026-05-23,5,1,0,66.0,6000
h_goa_2,goa_baga_beach,2026-05-24,6,1,0,55.2,6000
h_goa_2,goa_baga_beach,2026-05-25,0,0,0,47.6,6000
h_goa_2,goa_baga_beach,2026-05-26,1,0,0,55.1,6000
h_goa_2,goa_baga_beach,2026-05-27,2,0,0,42.3,6000
h_goa_2,goa_baga_beach,2026-05-28,3,0,0,51.0,6000
h_goa_2,goa_baga_beach,2026-05-29,4,0,0,43.5,6000
h_goa_2,goa_baga_beach,2026-05-30,5,1,0,59.8,6000
h_goa_2,goa_baga_beach,2026-05-31,6,1,0,54.8,6000
h_goa_2,goa_baga_beach,2026-06-01,0,0,0,46.8,6000
h_goa_2,goa_baga_beach,2026-06-02,1,0,0,45.9,6000
h_goa_2,goa_baga_beach,2026-06-03,2,0,0,53.6,6000
h_goa_2,goa_baga_beach,2026-06-04,3,0,0,47.1,6000
h_goa_2,goa_baga_beach,2026-06-05,4,0,0,53.2,6000
h_goa_2,goa_baga_beach,2026-06-06,5,1,0,69.1,6000
h_goa_2,goa_baga_beach,2026-06-07,6,1,0,58.9,6000
h_goa_2,goa_baga_beach,2026-06-08,0,0,0,50.5,6000
h_goa_2,goa_baga_beach,2026-06-09,1,0,0,41.0,6000
h_goa_2,goa_baga_beach,2026-06-10,2,0,0,55.2,6000
h_goa_2,goa_baga_beach,2026-06-11,3,0,0,53.0,6000
h_goa_2,goa_baga_beach,2026-06-12,4,0,0,50.5,6000
h_goa_2,goa_baga_beach,2026-06-13,5,1,0,65.2,6000
h_goa_2,goa_baga_beach,2026-06-14,6,1,0,60.8,6000
h_goa_2,goa_baga_beach,2026-06-15,0,0,0,45.1,6000
h_goa_2,goa_baga_beach,2026-06-16,1,0,0,54.3,6000
h_goa_2,goa_baga_beach,2026-06-17,2,0,0,48.8,6000
h_goa_2,goa_baga_beach,2026-06-18,3,0,0,42.8,6000
h_goa_2,goa_baga_beach,2026-06-19,4,0,0,47.8,6000
h_goa_2,goa_baga_beach,2026-06-20,5,1,0,62.9,6000
h_goa_2,goa_baga_beach,2026-06-21,6,1,0,65.3,6000
h_goa_2,goa_baga_beach,2026-06-22,0,0,0,56.7,6000
h_goa_2,goa_baga_beach,2026-06-23,1,0,0,49.3,6000
h_goa_2,goa_baga_beach,2026-06-24,2,0,0,40.5,6000
h_goa_2,goa_baga_beach,2026-06-25,3,0,0,46.3,6000
h_goa_2,goa_baga_beach,2026-06-26,4,0,0,48.7,6000
h_goa_2,goa_baga_beach,2026-06-27,5,1,0,65.0,6000
h_goa_2,goa_baga_beach,2026-06-28,6,1,0,62.9,6000
h_goa_2,goa_baga_beach,2026-06-29,0,0,0,46.6,6000
h_goa_2,goa_baga_beach,2026-06-30,1,0,0,43.3,6000
h_goa_2,goa_baga_beach,2026-07-01,2,0,0,40.4,6000
h_goa_2,goa_baga_beach,2026-07-02,3,0,0,39.4,4800
h_goa_2,goa_baga_beach,2026-07-03,4,0,0,41.5,6000
h_goa_2,goa_baga_beach,2026-07-04,5,1,0,66.3,6000
h_goa_2,goa_baga_beach,2026-07-05,6,1,0,72.8,6000
h_goa_2,goa_baga_beach,2026-07-06,0,0,0,39.6,4800
h_goa_2,goa_baga_beach,2026-07-07,1,0,0,43.2,6000
h_goa_2,goa_baga_beach,2026-07-08,2,0,0,56.9,6000
h_goa_2,goa_baga_beach,2026-07-09,3,0,0,39.0,4800
h_goa_2,goa_baga_beach,2026-07-10,4,0,0,47.3,6000
h_goa_2,goa_baga_beach,2026-07-11,5,1,0,72.9,6000
h_goa_2,goa_baga_beach,2026-07-12,6,1,0,58.6,6000
h_goa_2,goa_baga_beach,2026-07-13,0,0,0,55.4,6000
h_goa_2,goa_baga_beach,2026-07-14,1,0,0,56.9,6000
h_goa_2,goa_baga_beach,2026-07-15,2,0,0,41.9,6000
h_goa_2,goa_baga_beach,2026-07-16,3,0,0,50.1,6000
h_goa_2,goa_baga_beach,2026-07-17,4,0,0,55.8,6000
h_goa_2,goa_baga_beach,2026-07-18,5,1,0,54.8,6000
h_goa_2,goa_baga_beach,2026-07-19,6,1,0,70.4,6000
h_goa_2,goa_baga_beach,2026-07-20,0,0,0,39.8,4800
h_goa_2,goa_baga_beach,2026-07-21,1,0,0,47.2,6000
h_goa_2,goa_baga_beach,2026-07-22,2,0,0,54.2,6000
h_goa_2,goa_baga_beach,2026-07-23,3,0,0,49.4,6000
h_goa_2,goa_baga_beach,2026-07-24,4,0,0,57.6,6000
h_goa_2,goa_baga_beach,2026-07-25,5,1,0,70.8,6000
h_goa_2,goa_baga_beach,2026-07-26,6,1,0,61.1,6000
h_goa_2,goa_baga_beach,2026-07-27,0,0,0,48.8,6000
h_goa_2,goa_baga_beach,2026-07-28,1,0,0,43.3,6000
h_goa_2,goa_baga_beach,2026-07-29,2,0,0,53.1,6000
h_goa_2,goa_baga_beach,2026-07-30,3,0,0,52.8,6000
h_goa_2,goa_baga_beach,2026-07-31,4,0,0,56.1,6000
h_goa_2,goa_baga_beach,2026-08-01,5,1,0,76.7,6000
h_goa_2,goa_baga_beach,2026-08-02,6,1,0,78.1,6000
h_goa_2,goa_baga_beach,2026-08-03,0,0,0,67.9,6000
h_goa_2,goa_baga_beach,2026-08-04,1,0,0,51.9,6000
h_goa_2,goa_baga_beach,2026-08-05,2,0,0,57.7,6000
h_goa_2,goa_baga_beach,2026-08-06,3,0,0,62.4,6000
h_goa_2,goa_baga_beach,2026-08-07,4,0,0,63.3,6000
h_goa_2,goa_baga_beach,2026-08-08,5,1,0,80.6,6000
h_goa_2,goa_baga_beach,2026-08-09,6,1,0,82.5,6000
h_goa_2,goa_baga_beach,2026-08-10,0,0,0,57.3,6000
h_goa_2,goa_baga_beach,2026-08-11,1,0,0,52.1,6000
h_goa_2,goa_baga_beach,2026-08-12,2,0,0,61.3,6000
h_goa_2,goa_baga_beach,2026-08-13,3,0,0,69.5,6000
h_goa_2,goa_baga_beach,2026-08-14,4,0,0,59.6,6000
h_goa_2,goa_baga_beach,2026-08-15,5,1,1,100.0,7200
h_goa_2,goa_baga_beach,2026-08-16,6,1,0,77.8,6000
h_goa_2,goa_baga_beach,2026-08-17,0,0,0,62.7,6000
h_goa_2,goa_baga_beach,2026-08-18,1,0,0,57.8,6000
h_goa_2,goa_baga_beach,2026-08-19,2,0,0,56.6,6000
h_goa_2,goa_baga_beach,2026-08-20,3,0,0,65.6,6000
h_goa_2,goa_baga_beach,2026-08-21,4,0,0,53.0,6000
h_goa_2,goa_baga_beach,2026-08-22,5,1,0,83.5,6000
h_goa_2,goa_baga_beach,2026-08-23,6,1,0,79.3,6000
h_goa_2,goa_baga_beach,2026-08-24,0,0,0,65.1,6000
h_goa_2,goa_baga_beach,2026-08-25,1,0,0,64.2,6000
h_goa_2,goa_baga_beach,2026-08-26,2,0,0,58.4,6000
h_goa_2,goa_baga_beach,2026-08-27,3,0,0,54.9,6000
h_goa_2,goa_baga_beach,2026-08-28,4,0,0,63.0,6000
h_goa_2,goa_baga_beach,2026-08-29,5,1,0,77.9,6000
h_goa_2,goa_baga_beach,2026-08-30,6,1,0,76.4,6000
h_goa_2,goa_baga_beach,2026-08-31,0,0,0,67.3,6000
h_goa_2,goa_baga_beach,2026-09-01,1,0,0,62.3,6000
h_goa_2,goa_baga_beach,2026-09-02,2,0,0,57.2,6000
h_goa_2,goa_baga_beach,2026-09-03,3,0,0,68.1,6000
h_goa_3,goa_baga_beach,2025-09-04,3,0,0,59.4,900
h_goa_3,goa_baga_beach,2025-09-05,4,0,0,51.5,900
h_goa_3,goa_baga_beach,2025-09-06,5,1,0,77.8,900
h_goa_3,goa_baga_beach,2025-09-07,6,1,0,77.2,900
h_goa_3,goa_baga_beach,2025-09-08,0,0,0,47.3,900
h_goa_3,goa_baga_beach,2025-09-09,1,0,0,45.6,900
h_goa_3,goa_baga_beach,2025-09-10,2,0,0,57.2,900
h_goa_3,goa_baga_beach,2025-09-11,3,0,0,56.6,900
h_goa_3,goa_baga_beach,2025-09-12,4,0,0,61.2,900
h_goa_3,goa_baga_beach,2025-09-13,5,1,0,72.6,900
h_goa_3,goa_baga_beach,2025-09-14,6,1,0,64.2,900
h_goa_3,goa_baga_beach,2025-09-15,0,0,0,60.4,900
h_goa_3,goa_baga_beach,2025-09-16,1,0,0,63.8,900
h_goa_3,goa_baga_beach,2025-09-17,2,0,0,53.5,900
h_goa_3,goa_baga_beach,2025-09-18,3,0,0,59.0,900
h_goa_3,goa_baga_beach,2025-09-19,4,0,0,63.4,900
h_goa_3,goa_baga_beach,2025-09-20,5,1,0,64.9,900
h_goa_3,goa_baga_beach,2025-09-21,6,1,0,69.2,900
h_goa_3,goa_baga_beach,2025-09-22,0,0,0,63.9,900
h_goa_3,goa_baga_beach,2025-09-23,1,0,0,51.1,900
h_goa_3,goa_baga_beach,2025-09-24,2,0,0,64.2,900
h_goa_3,goa_baga_beach,2025-09-25,3,0,0,46.1,900
h_goa_3,goa_baga_beach,2025-09-26,4,0,0,51.0,900
h_goa_3,goa_baga_beach,2025-09-27,5,1,0,67.6,900
h_goa_3,goa_baga_beach,2025-09-28,6,1,0,65.7,900
h_goa_3,goa_baga_beach,2025-09-29,0,0,0,59.8,900
h_goa_3,goa_baga_beach,2025-09-30,1,0,0,45.1,900
h_goa_3,goa_baga_beach,2025-10-01,2,0,0,60.1,900
h_goa_3,goa_baga_beach,2025-10-02,3,0,1,72.1,900
h_goa_3,goa_baga_beach,2025-10-03,4,0,0,52.1,900
h_goa_3,goa_baga_beach,2025-10-04,5,1,0,78.0,900
h_goa_3,goa_baga_beach,2025-10-05,6,1,0,70.1,900
h_goa_3,goa_baga_beach,2025-10-06,0,0,0,50.7,900
h_goa_3,goa_baga_beach,2025-10-07,1,0,0,64.3,900
h_goa_3,goa_baga_beach,2025-10-08,2,0,0,46.6,900
h_goa_3,goa_baga_beach,2025-10-09,3,0,0,49.1,900
h_goa_3,goa_baga_beach,2025-10-10,4,0,0,46.2,900
h_goa_3,goa_baga_beach,2025-10-11,5,1,0,62.6,900
h_goa_3,goa_baga_beach,2025-10-12,6,1,0,69.0,900
h_goa_3,goa_baga_beach,2025-10-13,0,0,0,45.4,900
h_goa_3,goa_baga_beach,2025-10-14,1,0,0,53.1,900
h_goa_3,goa_baga_beach,2025-10-15,2,0,0,48.1,900
h_goa_3,goa_baga_beach,2025-10-16,3,0,0,52.0,900
h_goa_3,goa_baga_beach,2025-10-17,4,0,0,50.6,900
h_goa_3,goa_baga_beach,2025-10-18,5,1,0,70.6,900
h_goa_3,goa_baga_beach,2025-10-19,6,1,0,75.4,900
h_goa_3,goa_baga_beach,2025-10-20,0,0,0,64.5,900
h_goa_3,goa_baga_beach,2025-10-21,1,0,0,52.7,900
h_goa_3,goa_baga_beach,2025-10-22,2,0,0,64.5,900
h_goa_3,goa_baga_beach,2025-10-23,3,0,0,56.2,900
h_goa_3,goa_baga_beach,2025-10-24,4,0,1,72.9,900
h_goa_3,goa_baga_beach,2025-10-25,5,1,0,69.0,900
h_goa_3,goa_baga_beach,2025-10-26,6,1,0,64.6,900
h_goa_3,goa_baga_beach,2025-10-27,0,0,0,61.6,900
h_goa_3,goa_baga_beach,2025-10-28,1,0,0,64.9,900
h_goa_3,goa_baga_beach,2025-10-29,2,0,0,53.1,900
h_goa_3,goa_baga_beach,2025-10-30,3,0,0,61.8,900
h_goa_3,goa_baga_beach,2025-10-31,4,0,0,63.1,900
h_goa_3,goa_baga_beach,2025-11-01,5,1,0,84.8,900
h_goa_3,goa_baga_beach,2025-11-02,6,1,0,90.1,1080
h_goa_3,goa_baga_beach,2025-11-03,0,0,0,76.4,900
h_goa_3,goa_baga_beach,2025-11-04,1,0,0,70.0,900
h_goa_3,goa_baga_beach,2025-11-05,2,0,0,66.1,900
h_goa_3,goa_baga_beach,2025-11-06,3,0,0,77.2,900
h_goa_3,goa_baga_beach,2025-11-07,4,0,0,74.3,900
h_goa_3,goa_baga_beach,2025-11-08,5,1,0,80.9,900
h_goa_3,goa_baga_beach,2025-11-09,6,1,0,89.6,1080
h_goa_3,goa_baga_beach,2025-11-10,0,0,0,72.8,900
h_goa_3,goa_baga_beach,2025-11-11,1,0,0,75.8,900
h_goa_3,goa_baga_beach,2025-11-12,2,0,1,95.5,1080
h_goa_3,goa_baga_beach,2025-11-13,3,0,0,79.2,900
h_goa_3,goa_baga_beach,2025-11-14,4,0,0,79.1,900
h_goa_3,goa_baga_beach,2025-11-15,5,1,0,92.1,1080
h_goa_3,goa_baga_beach,2025-11-16,6,1,0,83.5,900
h_goa_3,goa_baga_beach,2025-11-17,0,0,0,78.3,900
h_goa_3,goa_baga_beach,2025-11-18,1,0,0,69.2,900
h_goa_3,goa_baga_beach,2025-11-19,2,0,0,77.6,900
h_goa_3,goa_baga_beach,2025-11-20,3,0,0,68.2,900
h_goa_3,goa_baga_beach,2025-11-21,4,0,0,79.4,900
h_goa_3,goa_baga_beach,2025-11-22,5,1,0,93.4,1080
h_goa_3,goa_baga_beach,2025-11-23,6,1,0,87.0,1080
h_goa_3,goa_baga_beach,2025-11-24,0,0,0,78.1,900
h_goa_3,goa_baga_beach,2025-11-25,1,0,0,74.9,900
h_goa_3,goa_baga_beach,2025-11-26,2,0,0,79.3,900
h_goa_3,goa_baga_beach,2025-11-27,3,0,0,61.6,900
h_goa_3,goa_baga_beach,2025-11-28,4,0,0,73.5,900
h_goa_3,goa_baga_beach,2025-11-29,5,1,0,81.1,900
h_goa_3,goa_baga_beach,2025-11-30,6,1,0,93.4,1080
h_goa_3,goa_baga_beach,2025-12-01,0,0,0,71.3,900
h_goa_3,goa_baga_beach,2025-12-02,1,0,0,66.4,900
h_goa_3,goa_baga_beach,2025-12-03,2,0,0,70.9,900
h_goa_3,goa_baga_beach,2025-12-04,3,0,0,67.9,900
h_goa_3,goa_baga_beach,2025-12-05,4,0,0,69.1,900
h_goa_3,goa_baga_beach,2025-12-06,5,1,0,92.2,1080
h_goa_3,goa_baga_beach,2025-12-07,6,1,0,77.9,900
h_goa_3,goa_baga_beach,2025-12-08,0,0,0,73.3,900
h_goa_3,goa_baga_beach,2025-12-09,1,0,0,70.1,900
h_goa_3,goa_baga_beach,2025-12-10,2,0,0,79.7,900
h_goa_3,goa_baga_beach,2025-12-11,3,0,0,72.3,900
h_goa_3,goa_baga_beach,2025-12-12,4,0,0,67.7,900
h_goa_3,goa_baga_beach,2025-12-13,5,1,0,85.5,1080
h_goa_3,goa_baga_beach,2025-12-14,6,1,0,77.3,900
h_goa_3,goa_baga_beach,2025-12-15,0,0,0,77.5,900
h_goa_3,goa_baga_beach,2025-12-16,1,0,0,74.6,900
h_goa_3,goa_baga_beach,2025-12-17,2,0,0,74.4,900
h_goa_3,goa_baga_beach,2025-12-18,3,0,0,63.1,900
h_goa_3,goa_baga_beach,2025-12-19,4,0,0,65.4,900
h_goa_3,goa_baga_beach,2025-12-20,5,1,0,90.6,1080
h_goa_3,goa_baga_beach,2025-12-21,6,1,0,84.0,900
h_goa_3,goa_baga_beach,2025-12-22,0,0,0,68.2,900
h_goa_3,goa_baga_beach,2025-12-23,1,0,0,66.6,900
h_goa_3,goa_baga_beach,2025-12-24,2,0,0,62.8,900
h_goa_3,goa_baga_beach,2025-12-25,3,0,1,100.0,1080
h_goa_3,goa_baga_beach,2025-12-26,4,0,0,62.0,900
h_goa_3,goa_baga_beach,2025-12-27,5,1,0,90.5,1080
h_goa_3,goa_baga_beach,2025-12-28,6,1,0,86.6,1080
h_goa_3,goa_baga_beach,2025-12-29,0,0,0,69.2,900
h_goa_3,goa_baga_beach,2025-12-30,1,0,0,79.4,900
h_goa_3,goa_baga_beach,2025-12-31,2,0,1,89.8,1080
h_goa_3,goa_baga_beach,2026-01-01,3,0,1,92.7,1080
h_goa_3,goa_baga_beach,2026-01-02,4,0,0,77.2,900
h_goa_3,goa_baga_beach,2026-01-03,5,1,0,85.8,1080
h_goa_3,goa_baga_beach,2026-01-04,6,1,0,92.5,1080
h_goa_3,goa_baga_beach,2026-01-05,0,0,0,80.4,900
h_goa_3,goa_baga_beach,2026-01-06,1,0,0,68.2,900
h_goa_3,goa_baga_beach,2026-01-07,2,0,0,68.8,900
h_goa_3,goa_baga_beach,2026-01-08,3,0,0,74.1,900
h_goa_3,goa_baga_beach,2026-01-09,4,0,0,64.6,900
h_goa_3,goa_baga_beach,2026-01-10,5,1,0,77.0,900
h_goa_3,goa_baga_beach,2026-01-11,6,1,0,85.7,1080
h_goa_3,goa_baga_beach,2026-01-12,0,0,0,70.4,900
h_goa_3,goa_baga_beach,2026-01-13,1,0,0,68.9,900
h_goa_3,goa_baga_beach,2026-01-14,2,0,0,75.5,900
h_goa_3,goa_baga_beach,2026-01-15,3,0,0,77.3,900
h_goa_3,goa_baga_beach,2026-01-16,4,0,0,67.6,900
h_goa_3,goa_baga_beach,2026-01-17,5,1,0,92.0,1080
h_goa_3,goa_baga_beach,2026-01-18,6,1,0,80.6,900
h_goa_3,goa_baga_beach,2026-01-19,0,0,0,68.7,900
h_goa_3,goa_baga_beach,2026-01-20,1,0,0,62.6,900
h_goa_3,goa_baga_beach,2026-01-21,2,0,0,67.1,900
h_goa_3,goa_baga_beach,2026-01-22,3,0,0,67.3,900
h_goa_3,goa_baga_beach,2026-01-23,4,0,0,69.9,900
h_goa_3,goa_baga_beach,2026-01-24,5,1,0,83.4,900
h_goa_3,goa_baga_beach,2026-01-25,6,1,0,84.8,900
h_goa_3,goa_baga_beach,2026-01-26,0,0,1,92.5,1080
h_goa_3,goa_baga_beach,2026-01-27,1,0,0,61.7,900
h_goa_3,goa_baga_beach,2026-01-28,2,0,0,67.4,900
h_goa_3,goa_baga_beach,2026-01-29,3,0,0,78.7,900
h_goa_3,goa_baga_beach,2026-01-30,4,0,0,64.7,900
h_goa_3,goa_baga_beach,2026-01-31,5,1,0,77.3,900
h_goa_3,goa_baga_beach,2026-02-01,6,1,0,87.0,1080
h_goa_3,goa_baga_beach,2026-02-02,0,0,0,76.2,900
h_goa_3,goa_baga_beach,2026-02-03,1,0,0,77.2,900
h_goa_3,goa_baga_beach,2026-02-04,2,0,0,73.5,900
h_goa_3,goa_baga_beach,2026-02-05,3,0,0,72.9,900
h_goa_3,goa_baga_beach,2026-02-06,4,0,0,64.9,900
h_goa_3,goa_baga_beach,2026-02-07,5,1,0,87.9,1080
h_goa_3,goa_baga_beach,2026-02-08,6,1,0,81.2,900
h_goa_3,goa_baga_beach,2026-02-09,0,0,0,75.7,900
h_goa_3,goa_baga_beach,2026-02-10,1,0,0,72.4,900
h_goa_3,goa_baga_beach,2026-02-11,2,0,0,72.5,900
h_goa_3,goa_baga_beach,2026-02-12,3,0,0,79.4,900
h_goa_3,goa_baga_beach,2026-02-13,4,0,0,74.5,900
h_goa_3,goa_baga_beach,2026-02-14,5,1,0,94.2,1080
h_goa_3,goa_baga_beach,2026-02-15,6,1,0,85.8,1080
h_goa_3,goa_baga_beach,2026-02-16,0,0,0,63.0,900
h_goa_3,goa_baga_beach,2026-02-17,1,0,0,81.2,900
h_goa_3,goa_baga_beach,2026-02-18,2,0,0,74.4,900
h_goa_3,goa_baga_beach,2026-02-19,3,0,0,74.5,900
h_goa_3,goa_baga_beach,2026-02-20,4,0,0,62.2,900
h_goa_3,goa_baga_beach,2026-02-21,5,1,0,82.5,900
h_goa_3,goa_baga_beach,2026-02-22,6,1,0,88.7,1080
h_goa_3,goa_baga_beach,2026-02-23,0,0,0,62.5,900
h_goa_3,goa_baga_beach,2026-02-24,1,0,0,74.6,900
h_goa_3,goa_baga_beach,2026-02-25,2,0,0,68.9,900
h_goa_3,goa_baga_beach,2026-02-26,3,0,0,64.5,900
h_goa_3,goa_baga_beach,2026-02-27,4,0,0,79.3,900
h_goa_3,goa_baga_beach,2026-02-28,5,1,0,86.2,1080
h_goa_3,goa_baga_beach,2026-03-01,6,1,0,69.5,900
h_goa_3,goa_baga_beach,2026-03-02,0,0,0,58.2,900
h_goa_3,goa_baga_beach,2026-03-03,1,0,0,45.3,900
h_goa_3,goa_baga_beach,2026-03-04,2,0,0,56.9,900
h_goa_3,goa_baga_beach,2026-03-05,3,0,0,59.5,900
h_goa_3,goa_baga_beach,2026-03-06,4,0,0,48.8,900
h_goa_3,goa_baga_beach,2026-03-07,5,1,0,62.3,900
h_goa_3,goa_baga_beach,2026-03-08,6,1,1,89.9,1080
h_goa_3,goa_baga_beach,2026-03-09,0,0,0,60.2,900
h_goa_3,goa_baga_beach,2026-03-10,1,0,0,51.8,900
h_goa_3,goa_baga_beach,2026-03-11,2,0,0,45.4,900
h_goa_3,goa_baga_beach,2026-03-12,3,0,0,57.2,900
h_goa_3,goa_baga_beach,2026-03-13,4,0,0,60.8,900
h_goa_3,goa_baga_beach,2026-03-14,5,1,0,70.3,900
h_goa_3,goa_baga_beach,2026-03-15,6,1,0,65.2,900
h_goa_3,goa_baga_beach,2026-03-16,0,0,0,45.6,900
h_goa_3,goa_baga_beach,2026-03-17,1,0,0,64.4,900
h_goa_3,goa_baga_beach,2026-03-18,2,0,0,53.2,900
h_goa_3,goa_baga_beach,2026-03-19,3,0,0,60.0,900
h_goa_3,goa_baga_beach,2026-03-20,4,0,0,51.1,900
h_goa_3,goa_baga_beach,2026-03-21,5,1,0,79.1,900
h_goa_3,goa_baga_beach,2026-03-22,6,1,0,72.5,900
h_goa_3,goa_baga_beach,2026-03-23,0,0,0,50.9,900
h_goa_3,goa_baga_beach,2026-03-24,1,0,0,60.7,900
h_goa_3,goa_baga_beach,2026-03-25,2,0,0,64.0,900
h_goa_3,goa_baga_beach,2026-03-26,3,0,0,65.0,900
h_goa_3,goa_baga_beach,2026-03-27,4,0,0,63.3,900
h_goa_3,goa_baga_beach,2026-03-28,5,1,0,68.3,900
h_goa_3,goa_baga_beach,2026-03-29,6,1,0,60.5,900
h_goa_3,goa_baga_beach,2026-03-30,0,0,0,54.2,900
h_goa_3,goa_baga_beach,2026-03-31,1,0,0,58.8,900
h_goa_3,goa_baga_beach,2026-04-01,2,0,0,41.6,900
h_goa_3,goa_baga_beach,2026-04-02,3,0,0,47.8,900
h_goa_3,goa_baga_beach,2026-04-03,4,0,0,44.7,900
h_goa_3,goa_baga_beach,2026-04-04,5,1,0,58.9,900
h_goa_3,goa_baga_beach,2026-04-05,6,1,0,58.7,900
h_goa_3,goa_baga_beach,2026-04-06,0,0,0,34.7,720
h_goa_3,goa_baga_beach,2026-04-07,1,0,0,35.8,720
h_goa_3,goa_baga_beach,2026-04-08,2,0,0,45.0,900
h_goa_3,goa_baga_beach,2026-04-09,3,0,0,46.5,900
h_goa_3,goa_baga_beach,2026-04-10,4,0,0,34.9,720
h_goa_3,goa_baga_beach,2026-04-11,5,1,0,68.9,900
h_goa_3,goa_baga_beach,2026-04-12,6,1,0,63.5,900
h_goa_3,goa_baga_beach,2026-04-13,0,0,0,46.0,900
h_goa_3,goa_baga_beach,2026-04-14,1,0,0,42.7,900
h_goa_3,goa_baga_beach,2026-04-15,2,0,0,53.0,900
h_goa_3,goa_baga_beach,2026-04-16,3,0,0,34.1,720
h_goa_3,goa_baga_beach,2026-04-17,4,0,0,45.5,900
h_goa_3,goa_baga_beach,2026-04-18,5,1,0,64.2,900
h_goa_3,goa_baga_beach,2026-04-19,6,1,0,64.9,900
h_goa_3,goa_baga_beach,2026-04-20,0,0,0,42.3,900
h_goa_3,goa_baga_beach,2026-04-21,1,0,0,41.1,900
h_goa_3,goa_baga_beach,2026-04-22,2,0,0,49.2,900
h_goa_3,goa_baga_beach,2026-04-23,3,0,0,44.2,900
h_goa_3,goa_baga_beach,2026-04-24,4,0,0,38.9,720
h_goa_3,goa_baga_beach,2026-04-25,5,1,0,61.9,900
h_goa_3,goa_baga_beach,2026-04-26,6,1,0,55.7,900
h_goa_3,goa_baga_beach,2026-04-27,0,0,0,39.3,720
h_goa_3,goa_baga_beach,2026-04-28,1,0,0,43.5,900
h_goa_3,goa_baga_beach,2026-04-29,2,0,0,39.2,720
h_goa_3,goa_baga_beach,2026-04-30,3,0,0,51.3,900
h_goa_3,goa_baga_beach,2026-05-01,4,0,0,34.6,720
h_goa_3,goa_baga_beach,2026-05-02,5,1,0,51.7,900
h_goa_3,goa_baga_beach,2026-05-03,6,1,0,60.0,900
h_goa_3,goa_baga_beach,2026-05-04,0,0,0,35.2,720
h_goa_3,goa_baga_beach,2026-05-05,1,0,0,52.6,900
h_goa_3,goa_baga_beach,2026-05-06,2,0,0,45.8,900
h_goa_3,goa_baga_beach,2026-05-07,3,0,0,36.2,720
h_goa_3,goa_baga_beach,2026-05-08,4,0,0,47.9,900
h_goa_3,goa_baga_beach,2026-05-09,5,1,0,57.1,900
h_goa_3,goa_baga_beach,2026-05-10,6,1,0,59.7,900
h_goa_3,goa_baga_beach,2026-05-11,0,0,0,53.2,900
h_goa_3,goa_baga_beach,2026-05-12,1,0,0,43.8,900
h_goa_3,goa_baga_beach,2026-05-13,2,0,0,40.8,900
h_goa_3,goa_baga_beach,2026-05-14,3,0,0,45.5,900
h_goa_3,goa_baga_beach,2026-05-15,4,0,0,50.0,900
h_goa_3,goa_baga_beach,2026-05-16,5,1,0,51.2,900
h_goa_3,goa_baga_beach,2026-05-17,6,1,0,49.8,900
h_goa_3,goa_baga_beach,2026-05-18,0,0,0,35.1,720
h_goa_3,goa_baga_beach,2026-05-19,1,0,0,52.4,900
h_goa_3,goa_baga_beach,2026-05-20,2,0,0,53.8,900
h_goa_3,goa_baga_beach,2026-05-21,3,0,0,35.0,720
h_goa_3,goa_baga_beach,2026-05-22,4,0,0,40.1,900
h_goa_3,goa_baga_beach,2026-05-23,5,1,0,58.9,900
h_goa_3,goa_baga_beach,2026-05-24,6,1,0,57.8,900
h_goa_3,goa_baga_beach,2026-05-25,0,0,0,49.3,900
h_goa_3,goa_baga_beach,2026-05-26,1,0,0,47.3,900
h_goa_3,goa_baga_beach,2026-05-27,2,0,0,37.2,720
h_goa_3,goa_baga_beach,2026-05-28,3,0,0,37.0,720
h_goa_3,goa_baga_beach,2026-05-29,4,0,0,34.4,720
h_goa_3,goa_baga_beach,2026-05-30,5,1,0,59.2,900
h_goa_3,goa_baga_beach,2026-05-31,6,1,0,52.6,900
h_goa_3,goa_baga_beach,2026-06-01,0,0,0,43.0,900
h_goa_3,goa_baga_beach,2026-06-02,1,0,0,43.4,900
h_goa_3,goa_baga_beach,2026-06-03,2,0,0,35.5,720
h_goa_3,goa_baga_beach,2026-06-04,3,0,0,51.6,900
h_goa_3,goa_baga_beach,2026-06-05,4,0,0,53.0,900
h_goa_3,goa_baga_beach,2026-06-06,5,1,0,49.1,900
h_goa_3,goa_baga_beach,2026-06-07,6,1,0,60.4,900
h_goa_3,goa_baga_beach,2026-06-08,0,0,0,44.4,900
h_goa_3,goa_baga_beach,2026-06-09,1,0,0,45.8,900
h_goa_3,goa_baga_beach,2026-06-10,2,0,0,36.7,720
h_goa_3,goa_baga_beach,2026-06-11,3,0,0,45.9,900
h_goa_3,goa_baga_beach,2026-06-12,4,0,0,47.7,900
h_goa_3,goa_baga_beach,2026-06-13,5,1,0,53.7,900
h_goa_3,goa_baga_beach,2026-06-14,6,1,0,50.3,900
h_goa_3,goa_baga_beach,2026-06-15,0,0,0,50.2,900
h_goa_3,goa_baga_beach,2026-06-16,1,0,0,37.3,720
h_goa_3,goa_baga_beach,2026-06-17,2,0,0,49.7,900
h_goa_3,goa_baga_beach,2026-06-18,3,0,0,42.2,900
h_goa_3,goa_baga_beach,2026-06-19,4,0,0,39.1,720
h_goa_3,goa_baga_beach,2026-06-20,5,1,0,68.0,900
h_goa_3,goa_baga_beach,2026-06-21,6,1,0,50.3,900
h_goa_3,goa_baga_beach,2026-06-22,0,0,0,36.7,720
h_goa_3,goa_baga_beach,2026-06-23,1,0,0,37.9,720
h_goa_3,goa_baga_beach,2026-06-24,2,0,0,39.3,720
h_goa_3,goa_baga_beach,2026-06-25,3,0,0,50.3,900
h_goa_3,goa_baga_beach,2026-06-26,4,0,0,53.9,900
h_goa_3,goa_baga_beach,2026-06-27,5,1,0,61.0,900
h_goa_3,goa_baga_beach,2026-06-28,6,1,0,49.1,900
h_goa_3,goa_baga_beach,2026-06-29,0,0,0,45.5,900
h_goa_3,goa_baga_beach,2026-06-30,1,0,0,50.6,900
h_goa_3,goa_baga_beach,2026-07-01,2,0,0,48.7,900
h_goa_3,goa_baga_beach,2026-07-02,3,0,0,35.7,720
h_goa_3,goa_baga_beach,2026-07-03,4,0,0,49.4,900
h_goa_3,goa_baga_beach,2026-07-04,5,1,0,67.9,900
h_goa_3,goa_baga_beach,2026-07-05,6,1,0,66.8,900
h_goa_3,goa_baga_beach,2026-07-06,0,0,0,44.7,900
h_goa_3,goa_baga_beach,2026-07-07,1,0,0,47.4,900
h_goa_3,goa_baga_beach,2026-07-08,2,0,0,41.6,900
h_goa_3,goa_baga_beach,2026-07-09,3,0,0,34.8,720
h_goa_3,goa_baga_beach,2026-07-10,4,0,0,35.2,720
h_goa_3,goa_baga_beach,2026-07-11,5,1,0,57.7,900
h_goa_3,goa_baga_beach,2026-07-12,6,1,0,60.4,900
h_goa_3,goa_baga_beach,2026-07-13,0,0,0,44.7,900
h_goa_3,goa_baga_beach,2026-07-14,1,0,0,52.6,900
h_goa_3,goa_baga_beach,2026-07-15,2,0,0,35.4,720
h_goa_3,goa_baga_beach,2026-07-16,3,0,0,44.7,900
h_goa_3,goa_baga_beach,2026-07-17,4,0,0,48.5,900
h_goa_3,goa_baga_beach,2026-07-18,5,1,0,51.8,900
h_goa_3,goa_baga_beach,2026-07-19,6,1,0,54.3,900
h_goa_3,goa_baga_beach,2026-07-20,0,0,0,43.7,900
h_goa_3,goa_baga_beach,2026-07-21,1,0,0,41.2,900
h_goa_3,goa_baga_beach,2026-07-22,2,0,0,49.0,900
h_goa_3,goa_baga_beach,2026-07-23,3,0,0,46.0,900
h_goa_3,goa_baga_beach,2026-07-24,4,0,0,49.3,900
h_goa_3,goa_baga_beach,2026-07-25,5,1,0,63.1,900
h_goa_3,goa_baga_beach,2026-07-26,6,1,0,51.1,900
h_goa_3,goa_baga_beach,2026-07-27,0,0,0,47.7,900
h_goa_3,goa_baga_beach,2026-07-28,1,0,0,39.0,720
h_goa_3,goa_baga_beach,2026-07-29,2,0,0,34.1,720
h_goa_3,goa_baga_beach,2026-07-30,3,0,0,52.3,900
h_goa_3,goa_baga_beach,2026-07-31,4,0,0,44.6,900
h_goa_3,goa_baga_beach,2026-08-01,5,1,0,78.3,900
h_goa_3,goa_baga_beach,2026-08-02,6,1,0,77.0,900
h_goa_3,goa_baga_beach,2026-08-03,0,0,0,56.7,900
h_goa_3,goa_baga_beach,2026-08-04,1,0,0,58.8,900
h_goa_3,goa_baga_beach,2026-08-05,2,0,0,48.4,900
h_goa_3,goa_baga_beach,2026-08-06,3,0,0,63.0,900
h_goa_3,goa_baga_beach,2026-08-07,4,0,0,64.8,900
h_goa_3,goa_baga_beach,2026-08-08,5,1,0,62.9,900
h_goa_3,goa_baga_beach,2026-08-09,6,1,0,61.4,900
h_goa_3,goa_baga_beach,2026-08-10,0,0,0,45.2,900
h_goa_3,goa_baga_beach,2026-08-11,1,0,0,48.3,900
h_goa_3,goa_baga_beach,2026-08-12,2,0,0,49.6,900
h_goa_3,goa_baga_beach,2026-08-13,3,0,0,51.2,900
h_goa_3,goa_baga_beach,2026-08-14,4,0,0,53.1,900
h_goa_3,goa_baga_beach,2026-08-15,5,1,1,96.3,1080
h_goa_3,goa_baga_beach,2026-08-16,6,1,0,75.0,900
h_goa_3,goa_baga_beach,2026-08-17,0,0,0,47.6,900
h_goa_3,goa_baga_beach,2026-08-18,1,0,0,58.8,900
h_goa_3,goa_baga_beach,2026-08-19,2,0,0,46.4,900
h_goa_3,goa_baga_beach,2026-08-20,3,0,0,54.2,900
h_goa_3,goa_baga_beach,2026-08-21,4,0,0,57.9,900
h_goa_3,goa_baga_beach,2026-08-22,5,1,0,70.8,900
h_goa_3,goa_baga_beach,2026-08-23,6,1,0,63.0,900
h_goa_3,goa_baga_beach,2026-08-24,0,0,0,55.3,900
h_goa_3,goa_baga_beach,2026-08-25,1,0,0,47.0,900
h_goa_3,goa_baga_beach,2026-08-26,2,0,0,64.6,900
h_goa_3,goa_baga_beach,2026-08-27,3,0,0,59.6,900
h_goa_3,goa_baga_beach,2026-08-28,4,0,0,64.4,900
h_goa_3,goa_baga_beach,2026-08-29,5,1,0,66.1,900
h_goa_3,goa_baga_beach,2026-08-30,6,1,0,64.5,900
h_goa_3,goa_baga_beach,2026-08-31,0,0,0,64.4,900
h_goa_3,goa_baga_beach,2026-09-01,1,0,0,47.8,900
h_goa_3,goa_baga_beach,2026-09-02,2,0,0,46.6,900
h_goa_3,goa_baga_beach,2026-09-03,3,0,0,48.3,900
h_ker_1,kerala_backwaters,2025-09-04,3,0,0,73.6,25000
h_ker_1,kerala_backwaters,2025-09-05,4,0,0,66.2,25000
h_ker_1,kerala_backwaters,2025-09-06,5,1,0,71.3,25000
h_ker_1,kerala_backwaters,2025-09-07,6,1,0,76.5,25000
h_ker_1,kerala_backwaters,2025-09-08,0,0,0,59.7,25000
h_ker_1,kerala_backwaters,2025-09-09,1,0,0,64.6,25000
h_ker_1,kerala_backwaters,2025-09-10,2,0,0,64.5,25000
h_ker_1,kerala_backwaters,2025-09-11,3,0,0,59.1,25000
h_ker_1,kerala_backwaters,2025-09-12,4,0,0,68.8,25000
h_ker_1,kerala_backwaters,2025-09-13,5,1,0,85.3,30000
h_ker_1,kerala_backwaters,2025-09-14,6,1,0,85.5,30000
h_ker_1,kerala_backwaters,2025-09-15,0,0,0,72.0,25000
h_ker_1,kerala_backwaters,2025-09-16,1,0,0,73.3,25000
h_ker_1,kerala_backwaters,2025-09-17,2,0,0,57.7,25000
h_ker_1,kerala_backwaters,2025-09-18,3,0,0,55.5,25000
h_ker_1,kerala_backwaters,2025-09-19,4,0,0,56.5,25000
h_ker_1,kerala_backwaters,2025-09-20,5,1,0,74.6,25000
h_ker_1,kerala_backwaters,2025-09-21,6,1,0,83.8,25000
h_ker_1,kerala_backwaters,2025-09-22,0,0,0,63.7,25000
h_ker_1,kerala_backwaters,2025-09-23,1,0,0,58.7,25000
h_ker_1,kerala_backwaters,2025-09-24,2,0,0,55.6,25000
h_ker_1,kerala_backwaters,2025-09-25,3,0,0,69.5,25000
h_ker_1,kerala_backwaters,2025-09-26,4,0,0,68.9,25000
h_ker_1,kerala_backwaters,2025-09-27,5,1,0,76.6,25000
h_ker_1,kerala_backwaters,2025-09-28,6,1,0,71.3,25000
h_ker_1,kerala_backwaters,2025-09-29,0,0,0,61.0,25000
h_ker_1,kerala_backwaters,2025-09-30,1,0,0,55.6,25000
h_ker_1,kerala_backwaters,2025-10-01,2,0,0,61.4,25000
h_ker_1,kerala_backwaters,2025-10-02,3,0,1,83.1,25000
h_ker_1,kerala_backwaters,2025-10-03,4,0,0,61.9,25000
h_ker_1,kerala_backwaters,2025-10-04,5,1,0,70.5,25000
h_ker_1,kerala_backwaters,2025-10-05,6,1,0,79.7,25000
h_ker_1,kerala_backwaters,2025-10-06,0,0,0,62.2,25000
h_ker_1,kerala_backwaters,2025-10-07,1,0,0,64.9,25000
h_ker_1,kerala_backwaters,2025-10-08,2,0,0,72.1,25000
h_ker_1,kerala_backwaters,2025-10-09,3,0,0,69.2,25000
h_ker_1,kerala_backwaters,2025-10-10,4,0,0,59.1,25000
h_ker_1,kerala_backwaters,2025-10-11,5,1,0,78.0,25000
h_ker_1,kerala_backwaters,2025-10-12,6,1,0,77.8,25000
h_ker_1,kerala_backwaters,2025-10-13,0,0,0,59.3,25000
h_ker_1,kerala_backwaters,2025-10-14,1,0,0,72.8,25000
h_ker_1,kerala_backwaters,2025-10-15,2,0,0,59.9,25000
h_ker_1,kerala_backwaters,2025-10-16,3,0,0,70.3,25000
h_ker_1,kerala_backwaters,2025-10-17,4,0,0,57.4,25000
h_ker_1,kerala_backwaters,2025-10-18,5,1,0,79.3,25000
h_ker_1,kerala_backwaters,2025-10-19,6,1,0,89.9,30000
h_ker_1,kerala_backwaters,2025-10-20,0,0,0,65.0,25000
h_ker_1,kerala_backwaters,2025-10-21,1,0,0,71.2,25000
h_ker_1,kerala_backwaters,2025-10-22,2,0,0,65.2,25000
h_ker_1,kerala_backwaters,2025-10-23,3,0,0,67.1,25000
h_ker_1,kerala_backwaters,2025-10-24,4,0,1,83.7,25000
h_ker_1,kerala_backwaters,2025-10-25,5,1,0,76.0,25000
h_ker_1,kerala_backwaters,2025-10-26,6,1,0,88.0,30000
h_ker_1,kerala_backwaters,2025-10-27,0,0,0,59.7,25000
h_ker_1,kerala_backwaters,2025-10-28,1,0,0,66.4,25000
h_ker_1,kerala_backwaters,2025-10-29,2,0,0,71.6,25000
h_ker_1,kerala_backwaters,2025-10-30,3,0,0,59.4,25000
h_ker_1,kerala_backwaters,2025-10-31,4,0,0,64.0,25000
h_ker_1,kerala_backwaters,2025-11-01,5,1,0,95.3,30000
h_ker_1,kerala_backwaters,2025-11-02,6,1,0,90.7,30000
h_ker_1,kerala_backwaters,2025-11-03,0,0,0,90.6,30000
h_ker_1,kerala_backwaters,2025-11-04,1,0,0,84.4,25000
h_ker_1,kerala_backwaters,2025-11-05,2,0,0,86.6,30000
h_ker_1,kerala_backwaters,2025-11-06,3,0,0,93.8,30000
h_ker_1,kerala_backwaters,2025-11-07,4,0,0,87.2,30000
h_ker_1,kerala_backwaters,2025-11-08,5,1,0,98.5,30000
h_ker_1,kerala_backwaters,2025-11-09,6,1,0,100.0,30000
h_ker_1,kerala_backwaters,2025-11-10,0,0,0,91.2,30000
h_ker_1,kerala_backwaters,2025-11-11,1,0,0,84.0,25000
h_ker_1,kerala_backwaters,2025-11-12,2,0,1,100.0,30000
h_ker_1,kerala_backwaters,2025-11-13,3,0,0,80.2,25000
h_ker_1,kerala_backwaters,2025-11-14,4,0,0,81.5,25000
h_ker_1,kerala_backwaters,2025-11-15,5,1,0,99.9,30000
h_ker_1,kerala_backwaters,2025-11-16,6,1,0,100.0,30000
h_ker_1,kerala_backwaters,2025-11-17,0,0,0,87.7,30000
h_ker_1,kerala_backwaters,2025-11-18,1,0,0,84.2,25000
h_ker_1,kerala_backwaters,2025-11-19,2,0,0,90.2,30000
h_ker_1,kerala_backwaters,2025-11-20,3,0,0,84.7,25000
h_ker_1,kerala_backwaters,2025-11-21,4,0,0,80.4,25000
h_ker_1,kerala_backwaters,2025-11-22,5,1,0,100.0,30000
h_ker_1,kerala_backwaters,2025-11-23,6,1,0,96.3,30000
h_ker_1,kerala_backwaters,2025-11-24,0,0,0,93.2,30000
h_ker_1,kerala_backwaters,2025-11-25,1,0,0,83.2,25000
h_ker_1,kerala_backwaters,2025-11-26,2,0,0,87.9,30000
h_ker_1,kerala_backwaters,2025-11-27,3,0,0,93.7,30000
h_ker_1,kerala_backwaters,2025-11-28,4,0,0,91.9,30000
h_ker_1,kerala_backwaters,2025-11-29,5,1,0,90.2,30000
h_ker_1,kerala_backwaters,2025-11-30,6,1,0,100.0,30000
h_ker_1,kerala_backwaters,2025-12-01,0,0,0,78.4,25000
h_ker_1,kerala_backwaters,2025-12-02,1,0,0,78.2,25000
h_ker_1,kerala_backwaters,2025-12-03,2,0,0,78.4,25000
h_ker_1,kerala_backwaters,2025-12-04,3,0,0,85.0,30000
h_ker_1,kerala_backwaters,2025-12-05,4,0,0,92.0,30000
h_ker_1,kerala_backwaters,2025-12-06,5,1,0,90.3,30000
h_ker_1,kerala_backwaters,2025-12-07,6,1,0,100.0,30000
h_ker_1,kerala_backwaters,2025-12-08,0,0,0,83.0,25000
h_ker_1,kerala_backwaters,2025-12-09,1,0,0,85.4,30000
h_ker_1,kerala_backwaters,2025-12-10,2,0,0,90.5,30000
h_ker_1,kerala_backwaters,2025-12-11,3,0,0,78.3,25000
h_ker_1,kerala_backwaters,2025-12-12,4,0,0,77.4,25000
h_ker_1,kerala_backwaters,2025-12-13,5,1,0,95.1,30000
h_ker_1,kerala_backwaters,2025-12-14,6,1,0,97.7,30000
h_ker_1,kerala_backwaters,2025-12-15,0,0,0,89.8,30000
h_ker_1,kerala_backwaters,2025-12-16,1,0,0,85.5,30000
h_ker_1,kerala_backwaters,2025-12-17,2,0,0,79.5,25000
h_ker_1,kerala_backwaters,2025-12-18,3,0,0,92.1,30000
h_ker_1,kerala_backwaters,2025-12-19,4,0,0,83.8,25000
h_ker_1,kerala_backwaters,2025-12-20,5,1,0,98.7,30000
h_ker_1,kerala_backwaters,2025-12-21,6,1,0,100.0,30000
h_ker_1,kerala_backwaters,2025-12-22,0,0,0,91.4,30000
h_ker_1,kerala_backwaters,2025-12-23,1,0,0,89.8,30000
h_ker_1,kerala_backwaters,2025-12-24,2,0,0,84.7,25000
h_ker_1,kerala_backwaters,2025-12-25,3,0,1,100.0,30000
h_ker_1,kerala_backwaters,2025-12-26,4,0,0,88.3,30000
h_ker_1,kerala_backwaters,2025-12-27,5,1,0,100.0,30000
h_ker_1,kerala_backwaters,2025-12-28,6,1,0,100.0,30000
h_ker_1,kerala_backwaters,2025-12-29,0,0,0,87.6,30000
h_ker_1,kerala_backwaters,2025-12-30,1,0,0,88.7,30000
h_ker_1,kerala_backwaters,2025-12-31,2,0,1,100.0,30000
h_ker_1,kerala_backwaters,2026-01-01,3,0,1,100.0,30000
h_ker_1,kerala_backwaters,2026-01-02,4,0,0,88.7,30000
h_ker_1,kerala_backwaters,2026-01-03,5,1,0,96.6,30000
h_ker_1,kerala_backwaters,2026-01-04,6,1,0,93.0,30000
h_ker_1,kerala_backwaters,2026-01-05,0,0,0,94.2,30000
h_ker_1,kerala_backwaters,2026-01-06,1,0,0,83.4,25000
h_ker_1,kerala_backwaters,2026-01-07,2,0,0,88.0,30000
h_ker_1,kerala_backwaters,2026-01-08,3,0,0,84.3,25000
h_ker_1,kerala_backwaters,2026-01-09,4,0,0,92.0,30000
h_ker_1,kerala_backwaters,2026-01-10,5,1,0,94.3,30000
h_ker_1,kerala_backwaters,2026-01-11,6,1,0,100.0,30000
h_ker_1,kerala_backwaters,2026-01-12,0,0,0,77.2,25000
h_ker_1,kerala_backwaters,2026-01-13,1,0,0,92.8,30000
h_ker_1,kerala_backwaters,2026-01-14,2,0,0,86.6,30000
h_ker_1,kerala_backwaters,2026-01-15,3,0,0,85.7,30000
h_ker_1,kerala_backwaters,2026-01-16,4,0,0,79.1,25000
h_ker_1,kerala_backwaters,2026-01-17,5,1,0,90.2,30000
h_ker_1,kerala_backwaters,2026-01-18,6,1,0,100.0,30000
h_ker_1,kerala_backwaters,2026-01-19,0,0,0,90.2,30000
h_ker_1,kerala_backwaters,2026-01-20,1,0,0,86.3,30000
h_ker_1,kerala_backwaters,2026-01-21,2,0,0,85.9,30000
h_ker_1,kerala_backwaters,2026-01-22,3,0,0,77.6,25000
h_ker_1,kerala_backwaters,2026-01-23,4,0,0,84.8,25000
h_ker_1,kerala_backwaters,2026-01-24,5,1,0,100.0,30000
h_ker_1,kerala_backwaters,2026-01-25,6,1,0,93.4,30000
h_ker_1,kerala_backwaters,2026-01-26,0,0,1,100.0,30000
h_ker_1,kerala_backwaters,2026-01-27,1,0,0,84.2,25000
h_ker_1,kerala_backwaters,2026-01-28,2,0,0,83.3,25000
h_ker_1,kerala_backwaters,2026-01-29,3,0,0,82.1,25000
h_ker_1,kerala_backwaters,2026-01-30,4,0,0,88.5,30000
h_ker_1,kerala_backwaters,2026-01-31,5,1,0,100.0,30000
h_ker_1,kerala_backwaters,2026-02-01,6,1,0,98.8,30000
h_ker_1,kerala_backwaters,2026-02-02,0,0,0,92.7,30000
h_ker_1,kerala_backwaters,2026-02-03,1,0,0,92.9,30000
h_ker_1,kerala_backwaters,2026-02-04,2,0,0,93.7,30000
h_ker_1,kerala_backwaters,2026-02-05,3,0,0,93.2,30000
h_ker_1,kerala_backwaters,2026-02-06,4,0,0,77.5,25000
h_ker_1,kerala_backwaters,2026-02-07,5,1,0,97.1,30000
h_ker_1,kerala_backwaters,2026-02-08,6,1,0,100.0,30000
h_ker_1,kerala_backwaters,2026-02-09,0,0,0,84.2,25000
h_ker_1,kerala_backwaters,2026-02-10,1,0,0,93.2,30000
h_ker_1,kerala_backwaters,2026-02-11,2,0,0,82.2,25000
h_ker_1,kerala_backwaters,2026-02-12,3,0,0,77.7,25000
h_ker_1,kerala_backwaters,2026-02-13,4,0,0,86.3,30000
h_ker_1,kerala_backwaters,2026-02-14,5,1,0,100.0,30000
h_ker_1,kerala_backwaters,2026-02-15,6,1,0,89.6,30000
h_ker_1,kerala_backwaters,2026-02-16,0,0,0,86.9,30000
h_ker_1,kerala_backwaters,2026-02-17,1,0,0,78.6,25000
h_ker_1,kerala_backwaters,2026-02-18,2,0,0,93.9,30000
h_ker_1,kerala_backwaters,2026-02-19,3,0,0,92.7,30000
h_ker_1,kerala_backwaters,2026-02-20,4,0,0,75.9,25000
h_ker_1,kerala_backwaters,2026-02-21,5,1,0,100.0,30000
h_ker_1,kerala_backwaters,2026-02-22,6,1,0,96.3,30000
h_ker_1,kerala_backwaters,2026-02-23,0,0,0,75.2,25000
h_ker_1,kerala_backwaters,2026-02-24,1,0,0,74.7,25000
h_ker_1,kerala_backwaters,2026-02-25,2,0,0,90.5,30000
h_ker_1,kerala_backwaters,2026-02-26,3,0,0,81.9,25000
h_ker_1,kerala_backwaters,2026-02-27,4,0,0,75.8,25000
h_ker_1,kerala_backwaters,2026-02-28,5,1,0,93.5,30000
h_ker_1,kerala_backwaters,2026-03-01,6,1,0,77.4,25000
h_ker_1,kerala_backwaters,2026-03-02,0,0,0,61.8,25000
h_ker_1,kerala_backwaters,2026-03-03,1,0,0,68.1,25000
h_ker_1,kerala_backwaters,2026-03-04,2,0,0,70.9,25000
h_ker_1,kerala_backwaters,2026-03-05,3,0,0,74.0,25000
h_ker_1,kerala_backwaters,2026-03-06,4,0,0,69.8,25000
h_ker_1,kerala_backwaters,2026-03-07,5,1,0,85.4,30000
h_ker_1,kerala_backwaters,2026-03-08,6,1,1,100.0,30000
h_ker_1,kerala_backwaters,2026-03-09,0,0,0,69.0,25000
h_ker_1,kerala_backwaters,2026-03-10,1,0,0,72.1,25000
h_ker_1,kerala_backwaters,2026-03-11,2,0,0,56.8,25000
h_ker_1,kerala_backwaters,2026-03-12,3,0,0,73.7,25000
h_ker_1,kerala_backwaters,2026-03-13,4,0,0,62.8,25000
h_ker_1,kerala_backwaters,2026-03-14,5,1,0,76.1,25000
h_ker_1,kerala_backwaters,2026-03-15,6,1,0,80.0,25000
h_ker_1,kerala_backwaters,2026-03-16,0,0,0,63.5,25000
h_ker_1,kerala_backwaters,2026-03-17,1,0,0,61.3,25000
h_ker_1,kerala_backwaters,2026-03-18,2,0,0,70.3,25000
h_ker_1,kerala_backwaters,2026-03-19,3,0,0,73.7,25000
h_ker_1,kerala_backwaters,2026-03-20,4,0,0,69.2,25000
h_ker_1,kerala_backwaters,2026-03-21,5,1,0,76.3,25000
h_ker_1,kerala_backwaters,2026-03-22,6,1,0,76.8,25000
h_ker_1,kerala_backwaters,2026-03-23,0,0,0,71.9,25000
h_ker_1,kerala_backwaters,2026-03-24,1,0,0,62.2,25000
h_ker_1,kerala_backwaters,2026-03-25,2,0,0,68.5,25000
h_ker_1,kerala_backwaters,2026-03-26,3,0,0,59.9,25000
h_ker_1,kerala_backwaters,2026-03-27,4,0,0,69.0,25000
h_ker_1,kerala_backwaters,2026-03-28,5,1,0,70.9,25000
h_ker_1,kerala_backwaters,2026-03-29,6,1,0,84.0,25000
h_ker_1,kerala_backwaters,2026-03-30,0,0,0,62.2,25000
h_ker_1,kerala_backwaters,2026-03-31,1,0,0,70.0,25000
h_ker_1,kerala_backwaters,2026-04-01,2,0,0,60.5,25000
h_ker_1,kerala_backwaters,2026-04-02,3,0,0,56.4,25000
h_ker_1,kerala_backwaters,2026-04-03,4,0,0,47.8,25000
h_ker_1,kerala_backwaters,2026-04-04,5,1,0,65.1,25000
h_ker_1,kerala_backwaters,2026-04-05,6,1,0,60.9,25000
h_ker_1,kerala_backwaters,2026-04-06,0,0,0,50.9,25000
h_ker_1,kerala_backwaters,2026-04-07,1,0,0,60.0,25000
h_ker_1,kerala_backwaters,2026-04-08,2,0,0,61.3,25000
h_ker_1,kerala_backwaters,2026-04-09,3,0,0,47.8,25000
h_ker_1,kerala_backwaters,2026-04-10,4,0,0,59.2,25000
h_ker_1,kerala_backwaters,2026-04-11,5,1,0,64.0,25000
h_ker_1,kerala_backwaters,2026-04-12,6,1,0,67.3,25000
h_ker_1,kerala_backwaters,2026-04-13,0,0,0,48.6,25000
h_ker_1,kerala_backwaters,2026-04-14,1,0,0,47.5,25000
h_ker_1,kerala_backwaters,2026-04-15,2,0,0,48.9,25000
h_ker_1,kerala_backwaters,2026-04-16,3,0,0,51.8,25000
h_ker_1,kerala_backwaters,2026-04-17,4,0,0,50.4,25000
h_ker_1,kerala_backwaters,2026-04-18,5,1,0,65.7,25000
h_ker_1,kerala_backwaters,2026-04-19,6,1,0,76.5,25000
h_ker_1,kerala_backwaters,2026-04-20,0,0,0,56.7,25000
h_ker_1,kerala_backwaters,2026-04-21,1,0,0,45.8,25000
h_ker_1,kerala_backwaters,2026-04-22,2,0,0,49.9,25000
h_ker_1,kerala_backwaters,2026-04-23,3,0,0,43.2,25000
h_ker_1,kerala_backwaters,2026-04-24,4,0,0,54.4,25000
h_ker_1,kerala_backwaters,2026-04-25,5,1,0,75.6,25000
h_ker_1,kerala_backwaters,2026-04-26,6,1,0,60.3,25000
h_ker_1,kerala_backwaters,2026-04-27,0,0,0,52.4,25000
h_ker_1,kerala_backwaters,2026-04-28,1,0,0,46.3,25000
h_ker_1,kerala_backwaters,2026-04-29,2,0,0,42.5,25000
h_ker_1,kerala_backwaters,2026-04-30,3,0,0,54.6,25000
h_ker_1,kerala_backwaters,2026-05-01,4,0,0,60.0,25000
h_ker_1,kerala_backwaters,2026-05-02,5,1,0,75.6,25000
h_ker_1,kerala_backwaters,2026-05-03,6,1,0,64.6,25000
h_ker_1,kerala_backwaters,2026-05-04,0,0,0,45.8,25000
h_ker_1,kerala_backwaters,2026-05-05,1,0,0,53.0,25000
h_ker_1,kerala_backwaters,2026-05-06,2,0,0,60.7,25000
h_ker_1,kerala_backwaters,2026-05-07,3,0,0,54.8,25000
h_ker_1,kerala_backwaters,2026-05-08,4,0,0,53.5,25000
h_ker_1,kerala_backwaters,2026-05-09,5,1,0,70.4,25000
h_ker_1,kerala_backwaters,2026-05-10,6,1,0,67.5,25000
h_ker_1,kerala_backwaters,2026-05-11,0,0,0,58.1,25000
h_ker_1,kerala_backwaters,2026-05-12,1,0,0,49.5,25000
h_ker_1,kerala_backwaters,2026-05-13,2,0,0,45.0,25000
h_ker_1,kerala_backwaters,2026-05-14,3,0,0,47.1,25000
h_ker_1,kerala_backwaters,2026-05-15,4,0,0,47.0,25000
h_ker_1,kerala_backwaters,2026-05-16,5,1,0,60.7,25000
h_ker_1,kerala_backwaters,2026-05-17,6,1,0,69.2,25000
h_ker_1,kerala_backwaters,2026-05-18,0,0,0,45.9,25000
h_ker_1,kerala_backwaters,2026-05-19,1,0,0,54.9,25000
h_ker_1,kerala_backwaters,2026-05-20,2,0,0,44.3,25000
h_ker_1,kerala_backwaters,2026-05-21,3,0,0,49.0,25000
h_ker_1,kerala_backwaters,2026-05-22,4,0,0,58.0,25000
h_ker_1,kerala_backwaters,2026-05-23,5,1,0,64.2,25000
h_ker_1,kerala_backwaters,2026-05-24,6,1,0,60.2,25000
h_ker_1,kerala_backwaters,2026-05-25,0,0,0,57.0,25000
h_ker_1,kerala_backwaters,2026-05-26,1,0,0,54.1,25000
h_ker_1,kerala_backwaters,2026-05-27,2,0,0,43.9,25000
h_ker_1,kerala_backwaters,2026-05-28,3,0,0,53.6,25000
h_ker_1,kerala_backwaters,2026-05-29,4,0,0,60.8,25000
h_ker_1,kerala_backwaters,2026-05-30,5,1,0,66.8,25000
h_ker_1,kerala_backwaters,2026-05-31,6,1,0,71.6,25000
h_ker_1,kerala_backwaters,2026-06-01,0,0,0,59.5,25000
h_ker_1,kerala_backwaters,2026-06-02,1,0,0,46.0,25000
h_ker_1,kerala_backwaters,2026-06-03,2,0,0,46.5,25000
h_ker_1,kerala_backwaters,2026-06-04,3,0,0,48.9,25000
h_ker_1,kerala_backwaters,2026-06-05,4,0,0,43.7,25000
h_ker_1,kerala_backwaters,2026-06-06,5,1,0,70.8,25000
h_ker_1,kerala_backwaters,2026-06-07,6,1,0,61.3,25000
h_ker_1,kerala_backwaters,2026-06-08,0,0,0,46.3,25000
h_ker_1,kerala_backwaters,2026-06-09,1,0,0,47.8,25000
h_ker_1,kerala_backwaters,2026-06-10,2,0,0,56.8,25000
h_ker_1,kerala_backwaters,2026-06-11,3,0,0,58.2,25000
h_ker_1,kerala_backwaters,2026-06-12,4,0,0,50.6,25000
h_ker_1,kerala_backwaters,2026-06-13,5,1,0,74.6,25000
h_ker_1,kerala_backwaters,2026-06-14,6,1,0,57.7,25000
h_ker_1,kerala_backwaters,2026-06-15,0,0,0,55.4,25000
h_ker_1,kerala_backwaters,2026-06-16,1,0,0,44.3,25000
h_ker_1,kerala_backwaters,2026-06-17,2,0,0,53.8,25000
h_ker_1,kerala_backwaters,2026-06-18,3,0,0,48.9,25000
h_ker_1,kerala_backwaters,2026-06-19,4,0,0,43.5,25000
h_ker_1,kerala_backwaters,2026-06-20,5,1,0,59.6,25000
h_ker_1,kerala_backwaters,2026-06-21,6,1,0,75.0,25000
h_ker_1,kerala_backwaters,2026-06-22,0,0,0,47.4,25000
h_ker_1,kerala_backwaters,2026-06-23,1,0,0,60.2,25000
h_ker_1,kerala_backwaters,2026-06-24,2,0,0,47.7,25000
h_ker_1,kerala_backwaters,2026-06-25,3,0,0,42.7,25000
h_ker_1,kerala_backwaters,2026-06-26,4,0,0,46.7,25000
h_ker_1,kerala_backwaters,2026-06-27,5,1,0,67.8,25000
h_ker_1,kerala_backwaters,2026-06-28,6,1,0,65.3,25000
h_ker_1,kerala_backwaters,2026-06-29,0,0,0,51.3,25000
h_ker_1,kerala_backwaters,2026-06-30,1,0,0,49.9,25000
h_ker_1,kerala_backwaters,2026-07-01,2,0,0,58.8,25000
h_ker_1,kerala_backwaters,2026-07-02,3,0,0,43.4,25000
h_ker_1,kerala_backwaters,2026-07-03,4,0,0,53.4,25000
h_ker_1,kerala_backwaters,2026-07-04,5,1,0,65.7,25000
h_ker_1,kerala_backwaters,2026-07-05,6,1,0,69.8,25000
h_ker_1,kerala_backwaters,2026-07-06,0,0,0,46.6,25000
h_ker_1,kerala_backwaters,2026-07-07,1,0,0,53.0,25000
h_ker_1,kerala_backwaters,2026-07-08,2,0,0,55.5,25000
h_ker_1,kerala_backwaters,2026-07-09,3,0,0,58.4,25000
h_ker_1,kerala_backwaters,2026-07-10,4,0,0,44.3,25000
h_ker_1,kerala_backwaters,2026-07-11,5,1,0,60.5,25000
h_ker_1,kerala_backwaters,2026-07-12,6,1,0,65.5,25000
h_ker_1,kerala_backwaters,2026-07-13,0,0,0,44.8,25000
h_ker_1,kerala_backwaters,2026-07-14,1,0,0,59.6,25000
h_ker_1,kerala_backwaters,2026-07-15,2,0,0,45.4,25000
h_ker_1,kerala_backwaters,2026-07-16,3,0,0,48.2,25000
h_ker_1,kerala_backwaters,2026-07-17,4,0,0,52.5,25000
h_ker_1,kerala_backwaters,2026-07-18,5,1,0,75.8,25000
h_ker_1,kerala_backwaters,2026-07-19,6,1,0,64.7,25000
h_ker_1,kerala_backwaters,2026-07-20,0,0,0,58.3,25000
h_ker_1,kerala_backwaters,2026-07-21,1,0,0,53.3,25000
h_ker_1,kerala_backwaters,2026-07-22,2,0,0,44.8,25000
h_ker_1,kerala_backwaters,2026-07-23,3,0,0,51.2,25000
h_ker_1,kerala_backwaters,2026-07-24,4,0,0,45.4,25000
h_ker_1,kerala_backwaters,2026-07-25,5,1,0,57.1,25000
h_ker_1,kerala_backwaters,2026-07-26,6,1,0,65.3,25000
h_ker_1,kerala_backwaters,2026-07-27,0,0,0,43.2,25000
h_ker_1,kerala_backwaters,2026-07-28,1,0,0,56.5,25000
h_ker_1,kerala_backwaters,2026-07-29,2,0,0,57.2,25000
h_ker_1,kerala_backwaters,2026-07-30,3,0,0,58.4,25000
h_ker_1,kerala_backwaters,2026-07-31,4,0,0,42.1,25000
h_ker_1,kerala_backwaters,2026-08-01,5,1,0,74.4,25000
h_ker_1,kerala_backwaters,2026-08-02,6,1,0,70.9,25000
h_ker_1,kerala_backwaters,2026-08-03,0,0,0,57.8,25000
h_ker_1,kerala_backwaters,2026-08-04,1,0,0,65.8,25000
h_ker_1,kerala_backwaters,2026-08-05,2,0,0,59.6,25000
h_ker_1,kerala_backwaters,2026-08-06,3,0,0,56.1,25000
h_ker_1,kerala_backwaters,2026-08-07,4,0,0,61.2,25000
h_ker_1,kerala_backwaters,2026-08-08,5,1,0,88.6,30000
h_ker_1,kerala_backwaters,2026-08-09,6,1,0,85.5,30000
h_ker_1,kerala_backwaters,2026-08-10,0,0,0,69.2,25000
h_ker_1,kerala_backwaters,2026-08-11,1,0,0,56.9,25000
h_ker_1,kerala_backwaters,2026-08-12,2,0,0,70.2,25000
h_ker_1,kerala_backwaters,2026-08-13,3,0,0,66.1,25000
h_ker_1,kerala_backwaters,2026-08-14,4,0,0,63.3,25000
h_ker_1,kerala_backwaters,2026-08-15,5,1,1,95.5,30000
h_ker_1,kerala_backwaters,2026-08-16,6,1,0,78.3,25000
h_ker_1,kerala_backwaters,2026-08-17,0,0,0,64.3,25000
h_ker_1,kerala_backwaters,2026-08-18,1,0,0,57.9,25000
h_ker_1,kerala_backwaters,2026-08-19,2,0,0,66.0,25000
h_ker_1,kerala_backwaters,2026-08-20,3,0,0,70.6,25000
h_ker_1,kerala_backwaters,2026-08-21,4,0,0,63.8,25000
h_ker_1,kerala_backwaters,2026-08-22,5,1,0,79.6,25000
h_ker_1,kerala_backwaters,2026-08-23,6,1,0,77.4,25000
h_ker_1,kerala_backwaters,2026-08-24,0,0,0,62.6,25000
h_ker_1,kerala_backwaters,2026-08-25,1,0,0,71.0,25000
h_ker_1,kerala_backwaters,2026-08-26,2,0,0,56.5,25000
h_ker_1,kerala_backwaters,2026-08-27,3,0,0,68.7,25000
h_ker_1,kerala_backwaters,2026-08-28,4,0,0,57.9,25000
h_ker_1,kerala_backwaters,2026-08-29,5,1,0,84.1,25000
h_ker_1,kerala_backwaters,2026-08-30,6,1,0,72.8,25000
h_ker_1,kerala_backwaters,2026-08-31,0,0,0,59.8,25000
h_ker_1,kerala_backwaters,2026-09-01,1,0,0,59.6,25000
h_ker_1,kerala_backwaters,2026-09-02,2,0,0,64.3,25000
h_ker_1,kerala_backwaters,2026-09-03,3,0,0,55.4,25000
h_ker_2,kerala_backwaters,2025-09-04,3,0,0,62.7,8000
h_ker_2,kerala_backwaters,2025-09-05,4,0,0,50.8,8000
h_ker_2,kerala_backwaters,2025-09-06,5,1,0,70.4,8000
h_ker_2,kerala_backwaters,2025-09-07,6,1,0,73.6,8000
h_ker_2,kerala_backwaters,2025-09-08,0,0,0,67.4,8000
h_ker_2,kerala_backwaters,2025-09-09,1,0,0,64.8,8000
h_ker_2,kerala_backwaters,2025-09-10,2,0,0,50.6,8000
h_ker_2,kerala_backwaters,2025-09-11,3,0,0,57.4,8000
h_ker_2,kerala_backwaters,2025-09-12,4,0,0,60.0,8000
h_ker_2,kerala_backwaters,2025-09-13,5,1,0,75.3,8000
h_ker_2,kerala_backwaters,2025-09-14,6,1,0,78.7,8000
h_ker_2,kerala_backwaters,2025-09-15,0,0,0,51.9,8000
h_ker_2,kerala_backwaters,2025-09-16,1,0,0,68.7,8000
h_ker_2,kerala_backwaters,2025-09-17,2,0,0,51.4,8000
h_ker_2,kerala_backwaters,2025-09-18,3,0,0,69.3,8000
h_ker_2,kerala_backwaters,2025-09-19,4,0,0,57.5,8000
h_ker_2,kerala_backwaters,2025-09-20,5,1,0,65.3,8000
h_ker_2,kerala_backwaters,2025-09-21,6,1,0,74.1,8000
h_ker_2,kerala_backwaters,2025-09-22,0,0,0,62.7,8000
h_ker_2,kerala_backwaters,2025-09-23,1,0,0,67.9,8000
h_ker_2,kerala_backwaters,2025-09-24,2,0,0,66.2,8000
h_ker_2,kerala_backwaters,2025-09-25,3,0,0,69.2,8000
h_ker_2,kerala_backwaters,2025-09-26,4,0,0,68.2,8000
h_ker_2,kerala_backwaters,2025-09-27,5,1,0,67.6,8000
h_ker_2,kerala_backwaters,2025-09-28,6,1,0,66.1,8000
h_ker_2,kerala_backwaters,2025-09-29,0,0,0,52.4,8000
h_ker_2,kerala_backwaters,2025-09-30,1,0,0,53.6,8000
h_ker_2,kerala_backwaters,2025-10-01,2,0,0,60.2,8000
h_ker_2,kerala_backwaters,2025-10-02,3,0,1,89.2,9600
h_ker_2,kerala_backwaters,2025-10-03,4,0,0,52.6,8000
h_ker_2,kerala_backwaters,2025-10-04,5,1,0,67.1,8000
h_ker_2,kerala_backwaters,2025-10-05,6,1,0,78.7,8000
h_ker_2,kerala_backwaters,2025-10-06,0,0,0,59.7,8000
h_ker_2,kerala_backwaters,2025-10-07,1,0,0,59.0,8000
h_ker_2,kerala_backwaters,2025-10-08,2,0,0,63.6,8000
h_ker_2,kerala_backwaters,2025-10-09,3,0,0,68.3,8000
h_ker_2,kerala_backwaters,2025-10-10,4,0,0,67.3,8000
h_ker_2,kerala_backwaters,2025-10-11,5,1,0,84.6,8000
h_ker_2,kerala_backwaters,2025-10-12,6,1,0,66.1,8000
h_ker_2,kerala_backwaters,2025-10-13,0,0,0,64.1,8000
h_ker_2,kerala_backwaters,2025-10-14,1,0,0,67.8,8000
h_ker_2,kerala_backwaters,2025-10-15,2,0,0,61.0,8000
h_ker_2,kerala_backwaters,2025-10-16,3,0,0,69.1,8000
h_ker_2,kerala_backwaters,2025-10-17,4,0,0,53.7,8000
h_ker_2,kerala_backwaters,2025-10-18,5,1,0,69.5,8000
h_ker_2,kerala_backwaters,2025-10-19,6,1,0,72.7,8000
h_ker_2,kerala_backwaters,2025-10-20,0,0,0,55.4,8000
h_ker_2,kerala_backwaters,2025-10-21,1,0,0,61.8,8000
h_ker_2,kerala_backwaters,2025-10-22,2,0,0,69.4,8000
h_ker_2,kerala_backwaters,2025-10-23,3,0,0,55.7,8000
h_ker_2,kerala_backwaters,2025-10-24,4,0,1,85.4,9600
h_ker_2,kerala_backwaters,2025-10-25,5,1,0,75.1,8000
h_ker_2,kerala_backwaters,2025-10-26,6,1,0,69.3,8000
h_ker_2,kerala_backwaters,2025-10-27,0,0,0,58.7,8000
h_ker_2,kerala_backwaters,2025-10-28,1,0,0,68.9,8000
h_ker_2,kerala_backwaters,2025-10-29,2,0,0,56.4,8000
h_ker_2,kerala_backwaters,2025-10-30,3,0,0,57.1,8000
h_ker_2,kerala_backwaters,2025-10-31,4,0,0,62.5,8000
h_ker_2,kerala_backwaters,2025-11-01,5,1,0,94.6,9600
h_ker_2,kerala_backwaters,2025-11-02,6,1,0,84.5,8000
h_ker_2,kerala_backwaters,2025-11-03,0,0,0,74.9,8000
h_ker_2,kerala_backwaters,2025-11-04,1,0,0,84.6,8000
h_ker_2,kerala_backwaters,2025-11-05,2,0,0,68.7,8000
h_ker_2,kerala_backwaters,2025-11-06,3,0,0,85.3,9600
h_ker_2,kerala_backwaters,2025-11-07,4,0,0,75.7,8000
h_ker_2,kerala_backwaters,2025-11-08,5,1,0,97.2,9600
h_ker_2,kerala_backwaters,2025-11-09,6,1,0,93.4,9600
h_ker_2,kerala_backwaters,2025-11-10,0,0,0,69.9,8000
h_ker_2,kerala_backwaters,2025-11-11,1,0,0,85.6,9600
h_ker_2,kerala_backwaters,2025-11-12,2,0,1,100.0,9600
h_ker_2,kerala_backwaters,2025-11-13,3,0,0,70.7,8000
h_ker_2,kerala_backwaters,2025-11-14,4,0,0,71.1,8000
h_ker_2,kerala_backwaters,2025-11-15,5,1,0,87.5,9600
h_ker_2,kerala_backwaters,2025-11-16,6,1,0,87.3,9600
h_ker_2,kerala_backwaters,2025-11-17,0,0,0,70.1,8000
h_ker_2,kerala_backwaters,2025-11-18,1,0,0,79.2,8000
h_ker_2,kerala_backwaters,2025-11-19,2,0,0,70.0,8000
h_ker_2,kerala_backwaters,2025-11-20,3,0,0,74.3,8000
h_ker_2,kerala_backwaters,2025-11-21,4,0,0,84.8,8000
h_ker_2,kerala_backwaters,2025-11-22,5,1,0,95.2,9600
h_ker_2,kerala_backwaters,2025-11-23,6,1,0,100.0,9600
h_ker_2,kerala_backwaters,2025-11-24,0,0,0,85.2,9600
h_ker_2,kerala_backwaters,2025-11-25,1,0,0,86.8,9600
h_ker_2,kerala_backwaters,2025-11-26,2,0,0,71.4,8000
h_ker_2,kerala_backwaters,2025-11-27,3,0,0,68.4,8000
h_ker_2,kerala_backwaters,2025-11-28,4,0,0,86.0,9600
h_ker_2,kerala_backwaters,2025-11-29,5,1,0,100.0,9600
h_ker_2,kerala_backwaters,2025-11-30,6,1,0,95.1,9600
h_ker_2,kerala_backwaters,2025-12-01,0,0,0,78.1,8000
h_ker_2,kerala_backwaters,2025-12-02,1,0,0,80.7,8000
h_ker_2,kerala_backwaters,2025-12-03,2,0,0,80.0,8000
h_ker_2,kerala_backwaters,2025-12-04,3,0,0,69.0,8000
h_ker_2,kerala_backwaters,2025-12-05,4,0,0,77.4,8000
h_ker_2,kerala_backwaters,2025-12-06,5,1,0,97.2,9600
h_ker_2,kerala_backwaters,2025-12-07,6,1,0,100.0,9600
h_ker_2,kerala_backwaters,2025-12-08,0,0,0,78.4,8000
h_ker_2,kerala_backwaters,2025-12-09,1,0,0,74.9,8000
h_ker_2,kerala_backwaters,2025-12-10,2,0,0,87.8,9600
h_ker_2,kerala_backwaters,2025-12-11,3,0,0,81.4,8000
h_ker_2,kerala_backwaters,2025-12-12,4,0,0,75.3,8000
h_ker_2,kerala_backwaters,2025-12-13,5,1,0,83.5,8000
h_ker_2,kerala_backwaters,2025-12-14,6,1,0,86.1,9600
h_ker_2,kerala_backwaters,2025-12-15,0,0,0,83.3,8000
h_ker_2,kerala_backwaters,2025-12-16,1,0,0,78.2,8000
h_ker_2,kerala_backwaters,2025-12-17,2,0,0,70.8,8000
h_ker_2,kerala_backwaters,2025-12-18,3,0,0,71.6,8000
h_ker_2,kerala_backwaters,2025-12-19,4,0,0,69.2,8000
h_ker_2,kerala_backwaters,2025-12-20,5,1,0,100.0,9600
h_ker_2,kerala_backwaters,2025-12-21,6,1,0,92.9,9600
h_ker_2,kerala_backwaters,2025-12-22,0,0,0,83.5,8000
h_ker_2,kerala_backwaters,2025-12-23,1,0,0,71.5,8000
h_ker_2,kerala_backwaters,2025-12-24,2,0,0,76.4,8000
h_ker_2,kerala_backwaters,2025-12-25,3,0,1,100.0,9600
h_ker_2,kerala_backwaters,2025-12-26,4,0,0,86.9,9600
h_ker_2,kerala_backwaters,2025-12-27,5,1,0,86.5,9600
h_ker_2,kerala_backwaters,2025-12-28,6,1,0,95.0,9600
h_ker_2,kerala_backwaters,2025-12-29,0,0,0,84.7,8000
h_ker_2,kerala_backwaters,2025-12-30,1,0,0,77.3,8000
h_ker_2,kerala_backwaters,2025-12-31,2,0,1,100.0,9600
h_ker_2,kerala_backwaters,2026-01-01,3,0,1,100.0,9600
h_ker_2,kerala_backwaters,2026-01-02,4,0,0,87.5,9600
h_ker_2,kerala_backwaters,2026-01-03,5,1,0,96.9,9600
h_ker_2,kerala_backwaters,2026-01-04,6,1,0,100.0,9600
h_ker_2,kerala_backwaters,2026-01-05,0,0,0,83.7,8000
h_ker_2,kerala_backwaters,2026-01-06,1,0,0,76.0,8000
h_ker_2,kerala_backwaters,2026-01-07,2,0,0,73.2,8000
h_ker_2,kerala_backwaters,2026-01-08,3,0,0,74.6,8000
h_ker_2,kerala_backwaters,2026-01-09,4,0,0,79.7,8000
h_ker_2,kerala_backwaters,2026-01-10,5,1,0,92.9,9600
h_ker_2,kerala_backwaters,2026-01-11,6,1,0,100.0,9600
h_ker_2,kerala_backwaters,2026-01-12,0,0,0,80.1,8000
h_ker_2,kerala_backwaters,2026-01-13,1,0,0,70.2,8000
h_ker_2,kerala_backwaters,2026-01-14,2,0,0,69.9,8000
h_ker_2,kerala_backwaters,2026-01-15,3,0,0,71.7,8000
h_ker_2,kerala_backwaters,2026-01-16,4,0,0,85.4,9600
h_ker_2,kerala_backwaters,2026-01-17,5,1,0,100.0,9600
h_ker_2,kerala_backwaters,2026-01-18,6,1,0,89.2,9600
h_ker_2,kerala_backwaters,2026-01-19,0,0,0,74.3,8000
h_ker_2,kerala_backwaters,2026-01-20,1,0,0,78.1,8000
h_ker_2,kerala_backwaters,2026-01-21,2,0,0,69.1,8000
h_ker_2,kerala_backwaters,2026-01-22,3,0,0,77.2,8000
h_ker_2,kerala_backwaters,2026-01-23,4,0,0,73.7,8000
h_ker_2,kerala_backwaters,2026-01-24,5,1,0,95.4,9600
h_ker_2,kerala_backwaters,2026-01-25,6,1,0,88.5,9600
h_ker_2,kerala_backwaters,2026-01-26,0,0,1,100.0,9600
h_ker_2,kerala_backwaters,2026-01-27,1,0,0,77.6,8000
h_ker_2,kerala_backwaters,2026-01-28,2,0,0,80.0,8000
h_ker_2,kerala_backwaters,2026-01-29,3,0,0,85.5,9600
h_ker_2,kerala_backwaters,2026-01-30,4,0,0,84.8,8000
h_ker_2,kerala_backwaters,2026-01-31,5,1,0,86.6,9600
h_ker_2,kerala_backwaters,2026-02-01,6,1,0,96.4,9600
h_ker_2,kerala_backwaters,2026-02-02,0,0,0,77.0,8000
h_ker_2,kerala_backwaters,2026-02-03,1,0,0,72.1,8000
h_ker_2,kerala_backwaters,2026-02-04,2,0,0,77.2,8000
h_ker_2,kerala_backwaters,2026-02-05,3,0,0,83.2,8000
h_ker_2,kerala_backwaters,2026-02-06,4,0,0,81.0,8000
h_ker_2,kerala_backwaters,2026-02-07,5,1,0,91.0,9600
h_ker_2,kerala_backwaters,2026-02-08,6,1,0,88.0,9600
h_ker_2,kerala_backwaters,2026-02-09,0,0,0,74.8,8000
h_ker_2,kerala_backwaters,2026-02-10,1,0,0,80.1,8000
h_ker_2,kerala_backwaters,2026-02-11,2,0,0,83.6,8000
h_ker_2,kerala_backwaters,2026-02-12,3,0,0,76.7,8000
h_ker_2,kerala_backwaters,2026-02-13,4,0,0,85.7,9600
h_ker_2,kerala_backwaters,2026-02-14,5,1,0,96.0,9600
h_ker_2,kerala_backwaters,2026-02-15,6,1,0,92.2,9600
h_ker_2,kerala_backwaters,2026-02-16,0,0,0,74.6,8000
h_ker_2,kerala_backwaters,2026-02-17,1,0,0,68.3,8000
h_ker_2,kerala_backwaters,2026-02-18,2,0,0,74.4,8000
h_ker_2,kerala_backwaters,2026-02-19,3,0,0,70.9,8000
h_ker_2,kerala_backwaters,2026-02-20,4,0,0,84.7,8000
h_ker_2,kerala_backwaters,2026-02-21,5,1,0,100.0,9600
h_ker_2,kerala_backwaters,2026-02-22,6,1,0,100.0,9600
h_ker_2,kerala_backwaters,2026-02-23,0,0,0,86.1,9600
h_ker_2,kerala_backwaters,2026-02-24,1,0,0,72.0,8000
h_ker_2,kerala_backwaters,2026-02-25,2,0,0,87.3,9600
h_ker_2,kerala_backwaters,2026-02-26,3,0,0,84.0,8000
h_ker_2,kerala_backwaters,2026-02-27,4,0,0,79.1,8000
h_ker_2,kerala_backwaters,2026-02-28,5,1,0,84.1,8000
h_ker_2,kerala_backwaters,2026-03-01,6,1,0,69.6,8000
h_ker_2,kerala_backwaters,2026-03-02,0,0,0,69.2,8000
h_ker_2,kerala_backwaters,2026-03-03,1,0,0,59.2,8000
h_ker_2,kerala_backwaters,2026-03-04,2,0,0,61.9,8000
h_ker_2,kerala_backwaters,2026-03-05,3,0,0,62.3,8000
h_ker_2,kerala_backwaters,2026-03-06,4,0,0,69.1,8000
h_ker_2,kerala_backwaters,2026-03-07,5,1,0,79.1,8000
h_ker_2,kerala_backwaters,2026-03-08,6,1,1,100.0,9600
h_ker_2,kerala_backwaters,2026-03-09,0,0,0,60.7,8000
h_ker_2,kerala_backwaters,2026-03-10,1,0,0,51.9,8000
h_ker_2,kerala_backwaters,2026-03-11,2,0,0,58.8,8000
h_ker_2,kerala_backwaters,2026-03-12,3,0,0,63.4,8000
h_ker_2,kerala_backwaters,2026-03-13,4,0,0,59.6,8000
h_ker_2,kerala_backwaters,2026-03-14,5,1,0,82.9,8000
h_ker_2,kerala_backwaters,2026-03-15,6,1,0,71.3,8000
h_ker_2,kerala_backwaters,2026-03-16,0,0,0,67.7,8000
h_ker_2,kerala_backwaters,2026-03-17,1,0,0,57.5,8000
h_ker_2,kerala_backwaters,2026-03-18,2,0,0,69.8,8000
h_ker_2,kerala_backwaters,2026-03-19,3,0,0,64.4,8000
h_ker_2,kerala_backwaters,2026-03-20,4,0,0,62.3,8000
h_ker_2,kerala_backwaters,2026-03-21,5,1,0,72.6,8000
h_ker_2,kerala_backwaters,2026-03-22,6,1,0,83.4,8000
h_ker_2,kerala_backwaters,2026-03-23,0,0,0,56.8,8000
h_ker_2,kerala_backwaters,2026-03-24,1,0,0,68.6,8000
h_ker_2,kerala_backwaters,2026-03-25,2,0,0,62.2,8000
h_ker_2,kerala_backwaters,2026-03-26,3,0,0,58.4,8000
h_ker_2,kerala_backwaters,2026-03-27,4,0,0,51.7,8000
h_ker_2,kerala_backwaters,2026-03-28,5,1,0,68.8,8000
h_ker_2,kerala_backwaters,2026-03-29,6,1,0,68.4,8000
h_ker_2,kerala_backwaters,2026-03-30,0,0,0,53.8,8000
h_ker_2,kerala_backwaters,2026-03-31,1,0,0,53.3,8000
h_ker_2,kerala_backwaters,2026-04-01,2,0,0,40.7,8000
h_ker_2,kerala_backwaters,2026-04-02,3,0,0,40.7,8000
h_ker_2,kerala_backwaters,2026-04-03,4,0,0,57.0,8000
h_ker_2,kerala_backwaters,2026-04-04,5,1,0,67.5,8000
h_ker_2,kerala_backwaters,2026-04-05,6,1,0,69.9,8000
h_ker_2,kerala_backwaters,2026-04-06,0,0,0,45.0,8000
h_ker_2,kerala_backwaters,2026-04-07,1,0,0,41.0,8000
h_ker_2,kerala_backwaters,2026-04-08,2,0,0,48.5,8000
h_ker_2,kerala_backwaters,2026-04-09,3,0,0,52.6,8000
h_ker_2,kerala_backwaters,2026-04-10,4,0,0,46.5,8000
h_ker_2,kerala_backwaters,2026-04-11,5,1,0,71.3,8000
h_ker_2,kerala_backwaters,2026-04-12,6,1,0,68.3,8000
h_ker_2,kerala_backwaters,2026-04-13,0,0,0,53.6,8000
h_ker_2,kerala_backwaters,2026-04-14,1,0,0,47.8,8000
h_ker_2,kerala_backwaters,2026-04-15,2,0,0,43.2,8000
h_ker_2,kerala_backwaters,2026-04-16,3,0,0,39.3,6400
h_ker_2,kerala_backwaters,2026-04-17,4,0,0,48.1,8000
h_ker_2,kerala_backwaters,2026-04-18,5,1,0,70.3,8000
h_ker_2,kerala_backwaters,2026-04-19,6,1,0,60.6,8000
h_ker_2,kerala_backwaters,2026-04-20,0,0,0,51.5,8000
h_ker_2,kerala_backwaters,2026-04-21,1,0,0,51.1,8000
h_ker_2,kerala_backwaters,2026-04-22,2,0,0,49.1,8000
h_ker_2,kerala_backwaters,2026-04-23,3,0,0,43.2,8000
h_ker_2,kerala_backwaters,2026-04-24,4,0,0,49.7,8000
h_ker_2,kerala_backwaters,2026-04-25,5,1,0,58.3,8000
h_ker_2,kerala_backwaters,2026-04-26,6,1,0,66.0,8000
h_ker_2,kerala_backwaters,2026-04-27,0,0,0,47.3,8000
h_ker_2,kerala_backwaters,2026-04-28,1,0,0,50.3,8000
h_ker_2,kerala_backwaters,2026-04-29,2,0,0,45.2,8000
h_ker_2,kerala_backwaters,2026-04-30,3,0,0,52.5,8000
h_ker_2,kerala_backwaters,2026-05-01,4,0,0,51.6,8000
h_ker_2,kerala_backwaters,2026-05-02,5,1,0,65.3,8000
h_ker_2,kerala_backwaters,2026-05-03,6,1,0,58.9,8000
h_ker_2,kerala_backwaters,2026-05-04,0,0,0,44.7,8000
h_ker_2,kerala_backwaters,2026-05-05,1,0,0,48.5,8000
h_ker_2,kerala_backwaters,2026-05-06,2,0,0,40.5,8000
h_ker_2,kerala_backwaters,2026-05-07,3,0,0,48.6,8000
h_ker_2,kerala_backwaters,2026-05-08,4,0,0,39.4,6400
h_ker_2,kerala_backwaters,2026-05-09,5,1,0,57.8,8000
h_ker_2,kerala_backwaters,2026-05-10,6,1,0,72.0,8000
h_ker_2,kerala_backwaters,2026-05-11,0,0,0,46.3,8000
h_ker_2,kerala_backwaters,2026-05-12,1,0,0,51.8,8000
h_ker_2,kerala_backwaters,2026-05-13,2,0,0,51.8,8000
h_ker_2,kerala_backwaters,2026-05-14,3,0,0,46.6,8000
h_ker_2,kerala_backwaters,2026-05-15,4,0,0,54.8,8000
h_ker_2,kerala_backwaters,2026-05-16,5,1,0,56.5,8000
h_ker_2,kerala_backwaters,2026-05-17,6,1,0,58.7,8000
h_ker_2,kerala_backwaters,2026-05-18,0,0,0,45.3,8000
h_ker_2,kerala_backwaters,2026-05-19,1,0,0,47.6,8000
h_ker_2,kerala_backwaters,2026-05-20,2,0,0,48.5,8000
h_ker_2,kerala_backwaters,2026-05-21,3,0,0,47.5,8000
h_ker_2,kerala_backwaters,2026-05-22,4,0,0,50.3,8000
h_ker_2,kerala_backwaters,2026-05-23,5,1,0,55.8,8000
h_ker_2,kerala_backwaters,2026-05-24,6,1,0,58.3,8000
h_ker_2,kerala_backwaters,2026-05-25,0,0,0,48.3,8000
h_ker_2,kerala_backwaters,2026-05-26,1,0,0,55.2,8000
h_ker_2,kerala_backwaters,2026-05-27,2,0,0,56.2,8000
h_ker_2,kerala_backwaters,2026-05-28,3,0,0,38.2,6400
h_ker_2,kerala_backwaters,2026-05-29,4,0,0,54.8,8000
h_ker_2,kerala_backwaters,2026-05-30,5,1,0,69.0,8000
h_ker_2,kerala_backwaters,2026-05-31,6,1,0,66.8,8000
h_ker_2,kerala_backwaters,2026-06-01,0,0,0,40.2,8000
h_ker_2,kerala_backwaters,2026-06-02,1,0,0,42.9,8000
h_ker_2,kerala_backwaters,2026-06-03,2,0,0,45.7,8000
h_ker_2,kerala_backwaters,2026-06-04,3,0,0,38.4,6400
h_ker_2,kerala_backwaters,2026-06-05,4,0,0,58.0,8000
h_ker_2,kerala_backwaters,2026-06-06,5,1,0,62.1,8000
h_ker_2,kerala_backwaters,2026-06-07,6,1,0,68.8,8000
h_ker_2,kerala_backwaters,2026-06-08,0,0,0,44.2,8000
h_ker_2,kerala_backwaters,2026-06-09,1,0,0,53.5,8000
h_ker_2,kerala_backwaters,2026-06-10,2,0,0,42.3,8000
h_ker_2,kerala_backwaters,2026-06-11,3,0,0,40.5,8000
h_ker_2,kerala_backwaters,2026-06-12,4,0,0,38.1,6400
h_ker_2,kerala_backwaters,2026-06-13,5,1,0,64.3,8000
h_ker_2,kerala_backwaters,2026-06-14,6,1,0,70.1,8000
h_ker_2,kerala_backwaters,2026-06-15,0,0,0,42.1,8000
h_ker_2,kerala_backwaters,2026-06-16,1,0,0,54.1,8000
h_ker_2,kerala_backwaters,2026-06-17,2,0,0,48.5,8000
h_ker_2,kerala_backwaters,2026-06-18,3,0,0,42.1,8000
h_ker_2,kerala_backwaters,2026-06-19,4,0,0,48.7,8000
h_ker_2,kerala_backwaters,2026-06-20,5,1,0,60.2,8000
h_ker_2,kerala_backwaters,2026-06-21,6,1,0,61.7,8000
h_ker_2,kerala_backwaters,2026-06-22,0,0,0,48.5,8000
h_ker_2,kerala_backwaters,2026-06-23,1,0,0,44.6,8000
h_ker_2,kerala_backwaters,2026-06-24,2,0,0,54.6,8000
h_ker_2,kerala_backwaters,2026-06-25,3,0,0,38.5,6400
h_ker_2,kerala_backwaters,2026-06-26,4,0,0,54.1,8000
h_ker_2,kerala_backwaters,2026-06-27,5,1,0,72.4,8000
h_ker_2,kerala_backwaters,2026-06-28,6,1,0,70.7,8000
h_ker_2,kerala_backwaters,2026-06-29,0,0,0,40.7,8000
h_ker_2,kerala_backwaters,2026-06-30,1,0,0,57.0,8000
h_ker_2,kerala_backwaters,2026-07-01,2,0,0,51.7,8000
h_ker_2,kerala_backwaters,2026-07-02,3,0,0,50.3,8000
h_ker_2,kerala_backwaters,2026-07-03,4,0,0,39.5,6400
h_ker_2,kerala_backwaters,2026-07-04,5,1,0,62.9,8000
h_ker_2,kerala_backwaters,2026-07-05,6,1,0,72.4,8000
h_ker_2,kerala_backwaters,2026-07-06,0,0,0,51.2,8000
h_ker_2,kerala_backwaters,2026-07-07,1,0,0,39.9,6400
h_ker_2,kerala_backwaters,2026-07-08,2,0,0,50.1,8000
h_ker_2,kerala_backwaters,2026-07-09,3,0,0,56.8,8000
h_ker_2,kerala_backwaters,2026-07-10,4,0,0,46.6,8000
h_ker_2,kerala_backwaters,2026-07-11,5,1,0,68.4,8000
h_ker_2,kerala_backwaters,2026-07-12,6,1,0,66.2,8000
h_ker_2,kerala_backwaters,2026-07-13,0,0,0,40.3,8000
h_ker_2,kerala_backwaters,2026-07-14,1,0,0,54.7,8000
h_ker_2,kerala_backwaters,2026-07-15,2,0,0,52.2,8000
h_ker_2,kerala_backwaters,2026-07-16,3,0,0,44.5,8000
h_ker_2,kerala_backwaters,2026-07-17,4,0,0,40.3,8000
h_ker_2,kerala_backwaters,2026-07-18,5,1,0,55.3,8000
h_ker_2,kerala_backwaters,2026-07-19,6,1,0,53.5,8000
h_ker_2,kerala_backwaters,2026-07-20,0,0,0,50.0,8000
h_ker_2,kerala_backwaters,2026-07-21,1,0,0,52.8,8000
h_ker_2,kerala_backwaters,2026-07-22,2,0,0,53.7,8000
h_ker_2,kerala_backwaters,2026-07-23,3,0,0,50.2,8000
h_ker_2,kerala_backwaters,2026-07-24,4,0,0,49.9,8000
h_ker_2,kerala_backwaters,2026-07-25,5,1,0,65.7,8000
h_ker_2,kerala_backwaters,2026-07-26,6,1,0,68.6,8000
h_ker_2,kerala_backwaters,2026-07-27,0,0,0,57.8,8000
h_ker_2,kerala_backwaters,2026-07-28,1,0,0,41.6,8000
h_ker_2,kerala_backwaters,2026-07-29,2,0,0,40.1,8000
h_ker_2,kerala_backwaters,2026-07-30,3,0,0,47.8,8000
h_ker_2,kerala_backwaters,2026-07-31,4,0,0,49.2,8000
h_ker_2,kerala_backwaters,2026-08-01,5,1,0,77.9,8000
h_ker_2,kerala_backwaters,2026-08-02,6,1,0,82.5,8000
h_ker_2,kerala_backwaters,2026-08-03,0,0,0,60.6,8000
h_ker_2,kerala_backwaters,2026-08-04,1,0,0,69.7,8000
h_ker_2,kerala_backwaters,2026-08-05,2,0,0,64.3,8000
h_ker_2,kerala_backwaters,2026-08-06,3,0,0,53.4,8000
h_ker_2,kerala_backwaters,2026-08-07,4,0,0,68.2,8000
h_ker_2,kerala_backwaters,2026-08-08,5,1,0,69.6,8000
h_ker_2,kerala_backwaters,2026-08-09,6,1,0,80.1,8000
h_ker_2,kerala_backwaters,2026-08-10,0,0,0,51.8,8000
h_ker_2,kerala_backwaters,2026-08-11,1,0,0,56.8,8000
h_ker_2,kerala_backwaters,2026-08-12,2,0,0,62.2,8000
h_ker_2,kerala_backwaters,2026-08-13,3,0,0,56.8,8000
h_ker_2,kerala_backwaters,2026-08-14,4,0,0,59.5,8000
h_ker_2,kerala_backwaters,2026-08-15,5,1,1,100.0,9600
h_ker_2,kerala_backwaters,2026-08-16,6,1,0,71.9,8000
h_ker_2,kerala_backwaters,2026-08-17,0,0,0,54.4,8000
h_ker_2,kerala_backwaters,2026-08-18,1,0,0,60.5,8000
h_ker_2,kerala_backwaters,2026-08-19,2,0,0,58.9,8000
h_ker_2,kerala_backwaters,2026-08-20,3,0,0,65.3,8000
h_ker_2,kerala_backwaters,2026-08-21,4,0,0,55.6,8000
h_ker_2,kerala_backwaters,2026-08-22,5,1,0,80.2,8000
h_ker_2,kerala_backwaters,2026-08-23,6,1,0,72.7,8000
h_ker_2,kerala_backwaters,2026-08-24,0,0,0,67.7,8000
h_ker_2,kerala_backwaters,2026-08-25,1,0,0,58.7,8000
h_ker_2,kerala_backwaters,2026-08-26,2,0,0,59.9,8000
h_ker_2,kerala_backwaters,2026-08-27,3,0,0,69.9,8000
h_ker_2,kerala_backwaters,2026-08-28,4,0,0,57.2,8000
h_ker_2,kerala_backwaters,2026-08-29,5,1,0,67.0,8000
h_ker_2,kerala_backwaters,2026-08-30,6,1,0,71.8,8000
h_ker_2,kerala_backwaters,2026-08-31,0,0,0,60.0,8000
h_ker_2,kerala_backwaters,2026-09-01,1,0,0,63.7,8000
h_ker_2,kerala_backwaters,2026-09-02,2,0,0,65.0,8000
h_ker_2,kerala_backwaters,2026-09-03,3,0,0,55.8,8000
h_var_1,varanasi_ghats,2025-09-04,3,0,0,65.9,22000
h_var_1,varanasi_ghats,2025-09-05,4,0,0,61.2,22000
h_var_1,varanasi_ghats,2025-09-06,5,1,0,71.0,22000
h_var_1,varanasi_ghats,2025-09-07,6,1,0,83.5,22000
h_var_1,varanasi_ghats,2025-09-08,0,0,0,56.6,22000
h_var_1,varanasi_ghats,2025-09-09,1,0,0,58.1,22000
h_var_1,varanasi_ghats,2025-09-10,2,0,0,64.0,22000
h_var_1,varanasi_ghats,2025-09-11,3,0,0,64.7,22000
h_var_1,varanasi_ghats,2025-09-12,4,0,0,70.4,22000
h_var_1,varanasi_ghats,2025-09-13,5,1,0,81.7,22000
h_var_1,varanasi_ghats,2025-09-14,6,1,0,83.5,22000
h_var_1,varanasi_ghats,2025-09-15,0,0,0,60.5,22000
h_var_1,varanasi_ghats,2025-09-16,1,0,0,55.2,22000
h_var_1,varanasi_ghats,2025-09-17,2,0,0,61.4,22000
h_var_1,varanasi_ghats,2025-09-18,3,0,0,71.6,22000
h_var_1,varanasi_ghats,2025-09-19,4,0,0,74.3,22000
h_var_1,varanasi_ghats,2025-09-20,5,1,0,85.8,26400
h_var_1,varanasi_ghats,2025-09-21,6,1,0,77.6,22000
h_var_1,varanasi_ghats,2025-09-22,0,0,0,72.5,22000
h_var_1,varanasi_ghats,2025-09-23,1,0,0,68.4,22000
h_var_1,varanasi_ghats,2025-09-24,2,0,0,57.1,22000
h_var_1,varanasi_ghats,2025-09-25,3,0,0,67.1,22000
h_var_1,varanasi_ghats,2025-09-26,4,0,0,61.9,22000
h_var_1,varanasi_ghats,2025-09-27,5,1,0,70.5,22000
h_var_1,varanasi_ghats,2025-09-28,6,1,0,89.3,26400
h_var_1,varanasi_ghats,2025-09-29,0,0,0,69.2,22000
h_var_1,varanasi_ghats,2025-09-30,1,0,0,64.3,22000
h_var_1,varanasi_ghats,2025-10-01,2,0,0,70.9,22000
h_var_1,varanasi_ghats,2025-10-02,3,0,1,94.8,26400
h_var_1,varanasi_ghats,2025-10-03,4,0,0,63.9,22000
h_var_1,varanasi_ghats,2025-10-04,5,1,0,71.1,22000
h_var_1,varanasi_ghats,2025-10-05,6,1,0,84.1,22000
h_var_1,varanasi_ghats,2025-10-06,0,0,0,71.2,22000
h_var_1,varanasi_ghats,2025-10-07,1,0,0,60.0,22000
h_var_1,varanasi_ghats,2025-10-08,2,0,0,64.4,22000
h_var_1,varanasi_ghats,2025-10-09,3,0,0,58.9,22000
h_var_1,varanasi_ghats,2025-10-10,4,0,0,62.1,22000
h_var_1,varanasi_ghats,2025-10-11,5,1,0,85.6,26400
h_var_1,varanasi_ghats,2025-10-12,6,1,0,78.1,22000
h_var_1,varanasi_ghats,2025-10-13,0,0,0,74.2,22000
h_var_1,varanasi_ghats,2025-10-14,1,0,0,68.5,22000
h_var_1,varanasi_ghats,2025-10-15,2,0,0,59.2,22000
h_var_1,varanasi_ghats,2025-10-16,3,0,0,56.3,22000
h_var_1,varanasi_ghats,2025-10-17,4,0,0,73.0,22000
h_var_1,varanasi_ghats,2025-10-18,5,1,0,84.1,22000
h_var_1,varanasi_ghats,2025-10-19,6,1,0,80.6,22000
h_var_1,varanasi_ghats,2025-10-20,0,0,0,56.1,22000
h_var_1,varanasi_ghats,2025-10-21,1,0,0,63.4,22000
h_var_1,varanasi_ghats,2025-10-22,2,0,0,69.4,22000
h_var_1,varanasi_ghats,2025-10-23,3,0,0,65.9,22000
h_var_1,varanasi_ghats,2025-10-24,4,0,1,97.3,26400
h_var_1,varanasi_ghats,2025-10-25,5,1,0,89.4,26400
h_var_1,varanasi_ghats,2025-10-26,6,1,0,88.9,26400
h_var_1,varanasi_ghats,2025-10-27,0,0,0,65.9,22000
h_var_1,varanasi_ghats,2025-10-28,1,0,0,59.2,22000
h_var_1,varanasi_ghats,2025-10-29,2,0,0,68.0,22000
h_var_1,varanasi_ghats,2025-10-30,3,0,0,58.3,22000
h_var_1,varanasi_ghats,2025-10-31,4,0,0,68.6,22000
h_var_1,varanasi_ghats,2025-11-01,5,1,0,100.0,26400
h_var_1,varanasi_ghats,2025-11-02,6,1,0,100.0,26400
h_var_1,varanasi_ghats,2025-11-03,0,0,0,79.6,22000
h_var_1,varanasi_ghats,2025-11-04,1,0,0,86.4,26400
h_var_1,varanasi_ghats,2025-11-05,2,0,0,76.5,22000
h_var_1,varanasi_ghats,2025-11-06,3,0,0,77.4,22000
h_var_1,varanasi_ghats,2025-11-07,4,0,0,94.0,26400
h_var_1,varanasi_ghats,2025-11-08,5,1,0,92.3,26400
h_var_1,varanasi_ghats,2025-11-09,6,1,0,98.1,26400
h_var_1,varanasi_ghats,2025-11-10,0,0,0,92.2,26400
h_var_1,varanasi_ghats,2025-11-11,1,0,0,91.3,26400
h_var_1,varanasi_ghats,2025-11-12,2,0,1,100.0,26400
h_var_1,varanasi_ghats,2025-11-13,3,0,0,84.3,22000
h_var_1,varanasi_ghats,2025-11-14,4,0,0,81.8,22000
h_var_1,varanasi_ghats,2025-11-15,5,1,0,98.1,26400
h_var_1,varanasi_ghats,2025-11-16,6,1,0,100.0,26400
h_var_1,varanasi_ghats,2025-11-17,0,0,0,82.0,22000
h_var_1,varanasi_ghats,2025-11-18,1,0,0,90.3,26400
h_var_1,varanasi_ghats,2025-11-19,2,0,0,90.7,26400
h_var_1,varanasi_ghats,2025-11-20,3,0,0,88.3,26400
h_var_1,varanasi_ghats,2025-11-21,4,0,0,82.9,22000
h_var_1,varanasi_ghats,2025-11-22,5,1,0,100.0,26400
h_var_1,varanasi_ghats,2025-11-23,6,1,0,92.0,26400
h_var_1,varanasi_ghats,2025-11-24,0,0,0,87.9,26400
h_var_1,varanasi_ghats,2025-11-25,1,0,0,79.7,22000
h_var_1,varanasi_ghats,2025-11-26,2,0,0,85.6,26400
h_var_1,varanasi_ghats,2025-11-27,3,0,0,89.6,26400
h_var_1,varanasi_ghats,2025-11-28,4,0,0,74.5,22000
h_var_1,varanasi_ghats,2025-11-29,5,1,0,100.0,26400
h_var_1,varanasi_ghats,2025-11-30,6,1,0,100.0,26400
h_var_1,varanasi_ghats,2025-12-01,0,0,0,80.6,22000
h_var_1,varanasi_ghats,2025-12-02,1,0,0,74.6,22000
h_var_1,varanasi_ghats,2025-12-03,2,0,0,79.4,22000
h_var_1,varanasi_ghats,2025-12-04,3,0,0,80.8,22000
h_var_1,varanasi_ghats,2025-12-05,4,0,0,85.0,26400
h_var_1,varanasi_ghats,2025-12-06,5,1,0,89.8,26400
h_var_1,varanasi_ghats,2025-12-07,6,1,0,100.0,26400
h_var_1,varanasi_ghats,2025-12-08,0,0,0,81.9,22000
h_var_1,varanasi_ghats,2025-12-09,1,0,0,76.1,22000
h_var_1,varanasi_ghats,2025-12-10,2,0,0,83.3,22000
h_var_1,varanasi_ghats,2025-12-11,3,0,0,78.8,22000
h_var_1,varanasi_ghats,2025-12-12,4,0,0,87.6,26400
h_var_1,varanasi_ghats,2025-12-13,5,1,0,100.0,26400
h_var_1,varanasi_ghats,2025-12-14,6,1,0,100.0,26400
h_var_1,varanasi_ghats,2025-12-15,0,0,0,91.8,26400
h_var_1,varanasi_ghats,2025-12-16,1,0,0,85.3,26400
h_var_1,varanasi_ghats,2025-12-17,2,0,0,91.1,26400
h_var_1,varanasi_ghats,2025-12-18,3,0,0,86.9,26400
h_var_1,varanasi_ghats,2025-12-19,4,0,0,86.1,26400
h_var_1,varanasi_ghats,2025-12-20,5,1,0,95.0,26400
h_var_1,varanasi_ghats,2025-12-21,6,1,0,91.7,26400
h_var_1,varanasi_ghats,2025-12-22,0,0,0,84.5,22000
h_var_1,varanasi_ghats,2025-12-23,1,0,0,80.4,22000
h_var_1,varanasi_ghats,2025-12-24,2,0,0,79.9,22000
h_var_1,varanasi_ghats,2025-12-25,3,0,1,100.0,26400
h_var_1,varanasi_ghats,2025-12-26,4,0,0,80.6,22000
h_var_1,varanasi_ghats,2025-12-27,5,1,0,100.0,26400
h_var_1,varanasi_ghats,2025-12-28,6,1,0,100.0,26400
h_var_1,varanasi_ghats,2025-12-29,0,0,0,91.9,26400
h_var_1,varanasi_ghats,2025-12-30,1,0,0,81.9,22000
h_var_1,varanasi_ghats,2025-12-31,2,0,1,100.0,26400
h_var_1,varanasi_ghats,2026-01-01,3,0,1,100.0,26400
h_var_1,varanasi_ghats,2026-01-02,4,0,0,81.0,22000
h_var_1,varanasi_ghats,2026-01-03,5,1,0,100.0,26400
h_var_1,varanasi_ghats,2026-01-04,6,1,0,97.0,26400
h_var_1,varanasi_ghats,2026-01-05,0,0,0,83.6,22000
h_var_1,varanasi_ghats,2026-01-06,1,0,0,89.0,26400
h_var_1,varanasi_ghats,2026-01-07,2,0,0,85.9,26400
h_var_1,varanasi_ghats,2026-01-08,3,0,0,85.8,26400
h_var_1,varanasi_ghats,2026-01-09,4,0,0,87.9,26400
h_var_1,varanasi_ghats,2026-01-10,5,1,0,100.0,26400
h_var_1,varanasi_ghats,2026-01-11,6,1,0,100.0,26400
h_var_1,varanasi_ghats,2026-01-12,0,0,0,92.0,26400
h_var_1,varanasi_ghats,2026-01-13,1,0,0,81.6,22000
h_var_1,varanasi_ghats,2026-01-14,2,0,0,91.9,26400
h_var_1,varanasi_ghats,2026-01-15,3,0,0,83.7,22000
h_var_1,varanasi_ghats,2026-01-16,4,0,0,77.7,22000
h_var_1,varanasi_ghats,2026-01-17,5,1,0,95.7,26400
h_var_1,varanasi_ghats,2026-01-18,6,1,0,100.0,26400
h_var_1,varanasi_ghats,2026-01-19,0,0,0,79.4,22000
h_var_1,varanasi_ghats,2026-01-20,1,0,0,81.3,22000
h_var_1,varanasi_ghats,2026-01-21,2,0,0,82.5,22000
h_var_1,varanasi_ghats,2026-01-22,3,0,0,91.0,26400
h_var_1,varanasi_ghats,2026-01-23,4,0,0,87.7,26400
h_var_1,varanasi_ghats,2026-01-24,5,1,0,90.4,26400
h_var_1,varanasi_ghats,2026-01-25,6,1,0,95.1,26400
h_var_1,varanasi_ghats,2026-01-26,0,0,1,100.0,26400
h_var_1,varanasi_ghats,2026-01-27,1,0,0,93.4,26400
h_var_1,varanasi_ghats,2026-01-28,2,0,0,93.5,26400
h_var_1,varanasi_ghats,2026-01-29,3,0,0,79.1,22000
h_var_1,varanasi_ghats,2026-01-30,4,0,0,89.8,26400
h_var_1,varanasi_ghats,2026-01-31,5,1,0,100.0,26400
h_var_1,varanasi_ghats,2026-02-01,6,1,0,100.0,26400
h_var_1,varanasi_ghats,2026-02-02,0,0,0,83.4,22000
h_var_1,varanasi_ghats,2026-02-03,1,0,0,86.4,26400
h_var_1,varanasi_ghats,2026-02-04,2,0,0,85.3,26400
h_var_1,varanasi_ghats,2026-02-05,3,0,0,83.4,22000
h_var_1,varanasi_ghats,2026-02-06,4,0,0,75.1,22000
h_var_1,varanasi_ghats,2026-02-07,5,1,0,100.0,26400
h_var_1,varanasi_ghats,2026-02-08,6,1,0,100.0,26400
h_var_1,varanasi_ghats,2026-02-09,0,0,0,77.8,22000
h_var_1,varanasi_ghats,2026-02-10,1,0,0,91.1,26400
h_var_1,varanasi_ghats,2026-02-11,2,0,0,85.1,26400
h_var_1,varanasi_ghats,2026-02-12,3,0,0,81.7,22000
h_var_1,varanasi_ghats,2026-02-13,4,0,0,76.1,22000
h_var_1,varanasi_ghats,2026-02-14,5,1,0,90.7,26400
h_var_1,varanasi_ghats,2026-02-15,6,1,0,100.0,26400
h_var_1,varanasi_ghats,2026-02-16,0,0,0,78.0,22000
h_var_1,varanasi_ghats,2026-02-17,1,0,0,80.5,22000
h_var_1,varanasi_ghats,2026-02-18,2,0,0,92.8,26400
h_var_1,varanasi_ghats,2026-02-19,3,0,0,91.4,26400
h_var_1,varanasi_ghats,2026-02-20,4,0,0,93.6,26400
h_var_1,varanasi_ghats,2026-02-21,5,1,0,93.0,26400
h_var_1,varanasi_ghats,2026-02-22,6,1,0,100.0,26400
h_var_1,varanasi_ghats,2026-02-23,0,0,0,85.6,26400
h_var_1,varanasi_ghats,2026-02-24,1,0,0,86.1,26400
h_var_1,varanasi_ghats,2026-02-25,2,0,0,79.1,22000
h_var_1,varanasi_ghats,2026-02-26,3,0,0,82.9,22000
h_var_1,varanasi_ghats,2026-02-27,4,0,0,75.2,22000
h_var_1,varanasi_ghats,2026-02-28,5,1,0,100.0,26400
h_var_1,varanasi_ghats,2026-03-01,6,1,0,80.8,22000
h_var_1,varanasi_ghats,2026-03-02,0,0,0,58.4,22000
h_var_1,varanasi_ghats,2026-03-03,1,0,0,58.7,22000
h_var_1,varanasi_ghats,2026-03-04,2,0,0,65.3,22000
h_var_1,varanasi_ghats,2026-03-05,3,0,0,61.8,22000
h_var_1,varanasi_ghats,2026-03-06,4,0,0,59.9,22000
h_var_1,varanasi_ghats,2026-03-07,5,1,0,86.4,26400
h_var_1,varanasi_ghats,2026-03-08,6,1,1,99.6,26400
h_var_1,varanasi_ghats,2026-03-09,0,0,0,62.9,22000
h_var_1,varanasi_ghats,2026-03-10,1,0,0,60.5,22000
h_var_1,varanasi_ghats,2026-03-11,2,0,0,57.9,22000
h_var_1,varanasi_ghats,2026-03-12,3,0,0,74.8,22000
h_var_1,varanasi_ghats,2026-03-13,4,0,0,61.4,22000
h_var_1,varanasi_ghats,2026-03-14,5,1,0,87.9,26400
h_var_1,varanasi_ghats,2026-03-15,6,1,0,87.6,26400
h_var_1,varanasi_ghats,2026-03-16,0,0,0,61.0,22000
h_var_1,varanasi_ghats,2026-03-17,1,0,0,69.2,22000
h_var_1,varanasi_ghats,2026-03-18,2,0,0,62.1,22000
h_var_1,varanasi_ghats,2026-03-19,3,0,0,56.4,22000
h_var_1,varanasi_ghats,2026-03-20,4,0,0,73.9,22000
h_var_1,varanasi_ghats,2026-03-21,5,1,0,84.6,22000
h_var_1,varanasi_ghats,2026-03-22,6,1,0,87.6,26400
h_var_1,varanasi_ghats,2026-03-23,0,0,0,67.9,22000
h_var_1,varanasi_ghats,2026-03-24,1,0,0,69.5,22000
h_var_1,varanasi_ghats,2026-03-25,2,0,0,67.3,22000
h_var_1,varanasi_ghats,2026-03-26,3,0,0,65.9,22000
h_var_1,varanasi_ghats,2026-03-27,4,0,0,69.9,22000
h_var_1,varanasi_ghats,2026-03-28,5,1,0,86.4,26400
h_var_1,varanasi_ghats,2026-03-29,6,1,0,84.5,22000
h_var_1,varanasi_ghats,2026-03-30,0,0,0,64.6,22000
h_var_1,varanasi_ghats,2026-03-31,1,0,0,59.8,22000
h_var_1,varanasi_ghats,2026-04-01,2,0,0,55.3,22000
h_var_1,varanasi_ghats,2026-04-02,3,0,0,59.9,22000
h_var_1,varanasi_ghats,2026-04-03,4,0,0,45.5,22000
h_var_1,varanasi_ghats,2026-04-04,5,1,0,74.5,22000
h_var_1,varanasi_ghats,2026-04-05,6,1,0,61.9,22000
h_var_1,varanasi_ghats,2026-04-06,0,0,0,56.3,22000
h_var_1,varanasi_ghats,2026-04-07,1,0,0,47.3,22000
h_var_1,varanasi_ghats,2026-04-08,2,0,0,57.9,22000
h_var_1,varanasi_ghats,2026-04-09,3,0,0,48.0,22000
h_var_1,varanasi_ghats,2026-04-10,4,0,0,59.3,22000
h_var_1,varanasi_ghats,2026-04-11,5,1,0,71.1,22000
h_var_1,varanasi_ghats,2026-04-12,6,1,0,67.8,22000
h_var_1,varanasi_ghats,2026-04-13,0,0,0,61.0,22000
h_var_1,varanasi_ghats,2026-04-14,1,0,0,47.7,22000
h_var_1,varanasi_ghats,2026-04-15,2,0,0,47.7,22000
h_var_1,varanasi_ghats,2026-04-16,3,0,0,45.8,22000
h_var_1,varanasi_ghats,2026-04-17,4,0,0,43.6,22000
h_var_1,varanasi_ghats,2026-04-18,5,1,0,75.0,22000
h_var_1,varanasi_ghats,2026-04-19,6,1,0,60.0,22000
h_var_1,varanasi_ghats,2026-04-20,0,0,0,46.1,22000
h_var_1,varanasi_ghats,2026-04-21,1,0,0,48.1,22000
h_var_1,varanasi_ghats,2026-04-22,2,0,0,61.9,22000
h_var_1,varanasi_ghats,2026-04-23,3,0,0,53.2,22000
h_var_1,varanasi_ghats,2026-04-24,4,0,0,53.6,22000
h_var_1,varanasi_ghats,2026-04-25,5,1,0,57.8,22000
h_var_1,varanasi_ghats,2026-04-26,6,1,0,69.9,22000
h_var_1,varanasi_ghats,2026-04-27,0,0,0,50.8,22000
h_var_1,varanasi_ghats,2026-04-28,1,0,0,46.3,22000
h_var_1,varanasi_ghats,2026-04-29,2,0,0,45.9,22000
h_var_1,varanasi_ghats,2026-04-30,3,0,0,49.3,22000
h_var_1,varanasi_ghats,2026-05-01,4,0,0,57.9,22000
h_var_1,varanasi_ghats,2026-05-02,5,1,0,69.2,22000
h_var_1,varanasi_ghats,2026-05-03,6,1,0,63.6,22000
h_var_1,varanasi_ghats,2026-05-04,0,0,0,56.8,22000
h_var_1,varanasi_ghats,2026-05-05,1,0,0,49.4,22000
h_var_1,varanasi_ghats,2026-05-06,2,0,0,61.8,22000
h_var_1,varanasi_ghats,2026-05-07,3,0,0,60.8,22000
h_var_1,varanasi_ghats,2026-05-08,4,0,0,53.1,22000
h_var_1,varanasi_ghats,2026-05-09,5,1,0,58.6,22000
h_var_1,varanasi_ghats,2026-05-10,6,1,0,70.1,22000
h_var_1,varanasi_ghats,2026-05-11,0,0,0,57.6,22000
h_var_1,varanasi_ghats,2026-05-12,1,0,0,54.0,22000
h_var_1,varanasi_ghats,2026-05-13,2,0,0,61.9,22000
h_var_1,varanasi_ghats,2026-05-14,3,0,0,54.2,22000
h_var_1,varanasi_ghats,2026-05-15,4,0,0,53.0,22000
h_var_1,varanasi_ghats,2026-05-16,5,1,0,64.8,22000
h_var_1,varanasi_ghats,2026-05-17,6,1,0,59.5,22000
h_var_1,varanasi_ghats,2026-05-18,0,0,0,61.5,22000
h_var_1,varanasi_ghats,2026-05-19,1,0,0,46.7,22000
h_var_1,varanasi_ghats,2026-05-20,2,0,0,52.4,22000
h_var_1,varanasi_ghats,2026-05-21,3,0,0,53.7,22000
h_var_1,varanasi_ghats,2026-05-22,4,0,0,59.6,22000
h_var_1,varanasi_ghats,2026-05-23,5,1,0,72.1,22000
h_var_1,varanasi_ghats,2026-05-24,6,1,0,64.7,22000
h_var_1,varanasi_ghats,2026-05-25,0,0,0,48.6,22000
h_var_1,varanasi_ghats,2026-05-26,1,0,0,47.9,22000
h_var_1,varanasi_ghats,2026-05-27,2,0,0,44.2,22000
h_var_1,varanasi_ghats,2026-05-28,3,0,0,43.7,22000
h_var_1,varanasi_ghats,2026-05-29,4,0,0,53.6,22000
h_var_1,varanasi_ghats,2026-05-30,5,1,0,75.7,22000
h_var_1,varanasi_ghats,2026-05-31,6,1,0,73.3,22000
h_var_1,varanasi_ghats,2026-06-01,0,0,0,44.7,22000
h_var_1,varanasi_ghats,2026-06-02,1,0,0,58.3,22000
h_var_1,varanasi_ghats,2026-06-03,2,0,0,48.6,22000
h_var_1,varanasi_ghats,2026-06-04,3,0,0,53.5,22000
h_var_1,varanasi_ghats,2026-06-05,4,0,0,51.2,22000
h_var_1,varanasi_ghats,2026-06-06,5,1,0,61.2,22000
h_var_1,varanasi_ghats,2026-06-07,6,1,0,73.5,22000
h_var_1,varanasi_ghats,2026-06-08,0,0,0,46.9,22000
h_var_1,varanasi_ghats,2026-06-09,1,0,0,53.6,22000
h_var_1,varanasi_ghats,2026-06-10,2,0,0,51.6,22000
h_var_1,varanasi_ghats,2026-06-11,3,0,0,55.3,22000
h_var_1,varanasi_ghats,2026-06-12,4,0,0,59.9,22000
h_var_1,varanasi_ghats,2026-06-13,5,1,0,65.6,22000
h_var_1,varanasi_ghats,2026-06-14,6,1,0,68.9,22000
h_var_1,varanasi_ghats,2026-06-15,0,0,0,51.4,22000
h_var_1,varanasi_ghats,2026-06-16,1,0,0,56.9,22000
h_var_1,varanasi_ghats,2026-06-17,2,0,0,54.0,22000
h_var_1,varanasi_ghats,2026-06-18,3,0,0,58.5,22000
h_var_1,varanasi_ghats,2026-06-19,4,0,0,42.9,22000
h_var_1,varanasi_ghats,2026-06-20,5,1,0,62.9,22000
h_var_1,varanasi_ghats,2026-06-21,6,1,0,61.7,22000
h_var_1,varanasi_ghats,2026-06-22,0,0,0,45.5,22000
h_var_1,varanasi_ghats,2026-06-23,1,0,0,61.9,22000
h_var_1,varanasi_ghats,2026-06-24,2,0,0,44.9,22000
h_var_1,varanasi_ghats,2026-06-25,3,0,0,53.5,22000
h_var_1,varanasi_ghats,2026-06-26,4,0,0,46.1,22000
h_var_1,varanasi_ghats,2026-06-27,5,1,0,66.3,22000
h_var_1,varanasi_ghats,2026-06-28,6,1,0,68.7,22000
h_var_1,varanasi_ghats,2026-06-29,0,0,0,53.7,22000
h_var_1,varanasi_ghats,2026-06-30,1,0,0,50.4,22000
h_var_1,varanasi_ghats,2026-07-01,2,0,0,57.3,22000
h_var_1,varanasi_ghats,2026-07-02,3,0,0,61.3,22000
h_var_1,varanasi_ghats,2026-07-03,4,0,0,49.2,22000
h_var_1,varanasi_ghats,2026-07-04,5,1,0,68.1,22000
h_var_1,varanasi_ghats,2026-07-05,6,1,0,69.8,22000
h_var_1,varanasi_ghats,2026-07-06,0,0,0,57.6,22000
h_var_1,varanasi_ghats,2026-07-07,1,0,0,44.3,22000
h_var_1,varanasi_ghats,2026-07-08,2,0,0,60.2,22000
h_var_1,varanasi_ghats,2026-07-09,3,0,0,56.7,22000
h_var_1,varanasi_ghats,2026-07-10,4,0,0,52.6,22000
h_var_1,varanasi_ghats,2026-07-11,5,1,0,75.9,22000
h_var_1,varanasi_ghats,2026-07-12,6,1,0,68.7,22000
h_var_1,varanasi_ghats,2026-07-13,0,0,0,45.3,22000
h_var_1,varanasi_ghats,2026-07-14,1,0,0,42.4,22000
h_var_1,varanasi_ghats,2026-07-15,2,0,0,49.1,22000
h_var_1,varanasi_ghats,2026-07-16,3,0,0,48.1,22000
h_var_1,varanasi_ghats,2026-07-17,4,0,0,43.5,22000
h_var_1,varanasi_ghats,2026-07-18,5,1,0,76.5,22000
h_var_1,varanasi_ghats,2026-07-19,6,1,0,76.1,22000
h_var_1,varanasi_ghats,2026-07-20,0,0,0,47.2,22000
h_var_1,varanasi_ghats,2026-07-21,1,0,0,45.0,22000
h_var_1,varanasi_ghats,2026-07-22,2,0,0,44.7,22000
h_var_1,varanasi_ghats,2026-07-23,3,0,0,53.8,22000
h_var_1,varanasi_ghats,2026-07-24,4,0,0,42.8,22000
h_var_1,varanasi_ghats,2026-07-25,5,1,0,66.0,22000
h_var_1,varanasi_ghats,2026-07-26,6,1,0,72.8,22000
h_var_1,varanasi_ghats,2026-07-27,0,0,0,54.5,22000
h_var_1,varanasi_ghats,2026-07-28,1,0,0,54.2,22000
h_var_1,varanasi_ghats,2026-07-29,2,0,0,57.3,22000
h_var_1,varanasi_ghats,2026-07-30,3,0,0,51.8,22000
h_var_1,varanasi_ghats,2026-07-31,4,0,0,53.0,22000
h_var_1,varanasi_ghats,2026-08-01,5,1,0,78.6,22000
h_var_1,varanasi_ghats,2026-08-02,6,1,0,83.9,22000
h_var_1,varanasi_ghats,2026-08-03,0,0,0,69.5,22000
h_var_1,varanasi_ghats,2026-08-04,1,0,0,68.0,22000
h_var_1,varanasi_ghats,2026-08-05,2,0,0,60.2,22000
h_var_1,varanasi_ghats,2026-08-06,3,0,0,70.5,22000
h_var_1,varanasi_ghats,2026-08-07,4,0,0,55.7,22000
h_var_1,varanasi_ghats,2026-08-08,5,1,0,76.2,22000
h_var_1,varanasi_ghats,2026-08-09,6,1,0,76.2,22000
h_var_1,varanasi_ghats,2026-08-10,0,0,0,70.5,22000
h_var_1,varanasi_ghats,2026-08-11,1,0,0,60.2,22000
h_var_1,varanasi_ghats,2026-08-12,2,0,0,58.0,22000
h_var_1,varanasi_ghats,2026-08-13,3,0,0,58.7,22000
h_var_1,varanasi_ghats,2026-08-14,4,0,0,69.8,22000
h_var_1,varanasi_ghats,2026-08-15,5,1,1,95.2,26400
h_var_1,varanasi_ghats,2026-08-16,6,1,0,78.3,22000
h_var_1,varanasi_ghats,2026-08-17,0,0,0,60.6,22000
h_var_1,varanasi_ghats,2026-08-18,1,0,0,62.6,22000
h_var_1,varanasi_ghats,2026-08-19,2,0,0,57.7,22000
h_var_1,varanasi_ghats,2026-08-20,3,0,0,72.1,22000
h_var_1,varanasi_ghats,2026-08-21,4,0,0,74.2,22000
h_var_1,varanasi_ghats,2026-08-22,5,1,0,82.3,22000
h_var_1,varanasi_ghats,2026-08-23,6,1,0,72.9,22000
h_var_1,varanasi_ghats,2026-08-24,0,0,0,71.7,22000
h_var_1,varanasi_ghats,2026-08-25,1,0,0,57.7,22000
h_var_1,varanasi_ghats,2026-08-26,2,0,0,73.3,22000
h_var_1,varanasi_ghats,2026-08-27,3,0,0,71.0,22000
h_var_1,varanasi_ghats,2026-08-28,4,0,0,66.6,22000
h_var_1,varanasi_ghats,2026-08-29,5,1,0,89.1,26400
h_var_1,varanasi_ghats,2026-08-30,6,1,0,88.0,26400
h_var_1,varanasi_ghats,2026-08-31,0,0,0,57.6,22000
h_var_1,varanasi_ghats,2026-09-01,1,0,0,62.1,22000
h_var_1,varanasi_ghats,2026-09-02,2,0,0,66.5,22000
h_var_1,varanasi_ghats,2026-09-03,3,0,0,67.8,22000
h_var_2,varanasi_ghats,2025-09-04,3,0,0,48.0,2500
h_var_2,varanasi_ghats,2025-09-05,4,0,0,64.4,2500
h_var_2,varanasi_ghats,2025-09-06,5,1,0,63.8,2500
h_var_2,varanasi_ghats,2025-09-07,6,1,0,63.1,2500
h_var_2,varanasi_ghats,2025-09-08,0,0,0,50.3,2500
h_var_2,varanasi_ghats,2025-09-09,1,0,0,51.6,2500
h_var_2,varanasi_ghats,2025-09-10,2,0,0,64.2,2500
h_var_2,varanasi_ghats,2025-09-11,3,0,0,45.0,2500
h_var_2,varanasi_ghats,2025-09-12,4,0,0,58.6,2500
h_var_2,varanasi_ghats,2025-09-13,5,1,0,73.6,2500
h_var_2,varanasi_ghats,2025-09-14,6,1,0,67.8,2500
h_var_2,varanasi_ghats,2025-09-15,0,0,0,48.7,2500
h_var_2,varanasi_ghats,2025-09-16,1,0,0,53.2,2500
h_var_2,varanasi_ghats,2025-09-17,2,0,0,55.9,2500
h_var_2,varanasi_ghats,2025-09-18,3,0,0,45.9,2500
h_var_2,varanasi_ghats,2025-09-19,4,0,0,49.5,2500
h_var_2,varanasi_ghats,2025-09-20,5,1,0,74.0,2500
h_var_2,varanasi_ghats,2025-09-21,6,1,0,63.6,2500
h_var_2,varanasi_ghats,2025-09-22,0,0,0,52.9,2500
h_var_2,varanasi_ghats,2025-09-23,1,0,0,59.5,2500
h_var_2,varanasi_ghats,2025-09-24,2,0,0,49.5,2500
h_var_2,varanasi_ghats,2025-09-25,3,0,0,47.6,2500
h_var_2,varanasi_ghats,2025-09-26,4,0,0,59.2,2500
h_var_2,varanasi_ghats,2025-09-27,5,1,0,74.8,2500
h_var_2,varanasi_ghats,2025-09-28,6,1,0,67.2,2500
h_var_2,varanasi_ghats,2025-09-29,0,0,0,60.6,2500
h_var_2,varanasi_ghats,2025-09-30,1,0,0,51.1,2500
h_var_2,varanasi_ghats,2025-10-01,2,0,0,60.1,2500
h_var_2,varanasi_ghats,2025-10-02,3,0,1,75.8,2500
h_var_2,varanasi_ghats,2025-10-03,4,0,0,53.7,2500
h_var_2,varanasi_ghats,2025-10-04,5,1,0,75.7,2500
h_var_2,varanasi_ghats,2025-10-05,6,1,0,61.2,2500
h_var_2,varanasi_ghats,2025-10-06,0,0,0,46.1,2500
h_var_2,varanasi_ghats,2025-10-07,1,0,0,56.6,2500
h_var_2,varanasi_ghats,2025-10-08,2,0,0,59.4,2500
h_var_2,varanasi_ghats,2025-10-09,3,0,0,51.5,2500
h_var_2,varanasi_ghats,2025-10-10,4,0,0,54.3,2500
h_var_2,varanasi_ghats,2025-10-11,5,1,0,73.3,2500
h_var_2,varanasi_ghats,2025-10-12,6,1,0,70.0,2500
h_var_2,varanasi_ghats,2025-10-13,0,0,0,56.4,2500
h_var_2,varanasi_ghats,2025-10-14,1,0,0,56.6,2500
h_var_2,varanasi_ghats,2025-10-15,2,0,0,57.3,2500
h_var_2,varanasi_ghats,2025-10-16,3,0,0,46.4,2500
h_var_2,varanasi_ghats,2025-10-17,4,0,0,53.3,2500
h_var_2,varanasi_ghats,2025-10-18,5,1,0,80.0,2500
h_var_2,varanasi_ghats,2025-10-19,6,1,0,75.6,2500
h_var_2,varanasi_ghats,2025-10-20,0,0,0,60.4,2500
h_var_2,varanasi_ghats,2025-10-21,1,0,0,46.7,2500
h_var_2,varanasi_ghats,2025-10-22,2,0,0,57.5,2500
h_var_2,varanasi_ghats,2025-10-23,3,0,0,45.8,2500
h_var_2,varanasi_ghats,2025-10-24,4,0,1,82.9,2500
h_var_2,varanasi_ghats,2025-10-25,5,1,0,65.4,2500
h_var_2,varanasi_ghats,2025-10-26,6,1,0,65.8,2500
h_var_2,varanasi_ghats,2025-10-27,0,0,0,54.9,2500
h_var_2,varanasi_ghats,2025-10-28,1,0,0,53.6,2500
h_var_2,varanasi_ghats,2025-10-29,2,0,0,45.2,2500
h_var_2,varanasi_ghats,2025-10-30,3,0,0,46.5,2500
h_var_2,varanasi_ghats,2025-10-31,4,0,0,53.0,2500
h_var_2,varanasi_ghats,2025-11-01,5,1,0,83.4,2500
h_var_2,varanasi_ghats,2025-11-02,6,1,0,87.1,3000
h_var_2,varanasi_ghats,2025-11-03,0,0,0,64.2,2500
h_var_2,varanasi_ghats,2025-11-04,1,0,0,65.4,2500
h_var_2,varanasi_ghats,2025-11-05,2,0,0,67.5,2500
h_var_2,varanasi_ghats,2025-11-06,3,0,0,65.1,2500
h_var_2,varanasi_ghats,2025-11-07,4,0,0,71.1,2500
h_var_2,varanasi_ghats,2025-11-08,5,1,0,86.7,3000
h_var_2,varanasi_ghats,2025-11-09,6,1,0,81.8,2500
h_var_2,varanasi_ghats,2025-11-10,0,0,0,80.9,2500
h_var_2,varanasi_ghats,2025-11-11,1,0,0,72.3,2500
h_var_2,varanasi_ghats,2025-11-12,2,0,1,100.0,3000
h_var_2,varanasi_ghats,2025-11-13,3,0,0,75.3,2500
h_var_2,varanasi_ghats,2025-11-14,4,0,0,71.0,2500
h_var_2,varanasi_ghats,2025-11-15,5,1,0,79.8,2500
h_var_2,varanasi_ghats,2025-11-16,6,1,0,83.7,2500
h_var_2,varanasi_ghats,2025-11-17,0,0,0,67.0,2500
h_var_2,varanasi_ghats,2025-11-18,1,0,0,64.6,2500
h_var_2,varanasi_ghats,2025-11-19,2,0,0,76.8,2500
h_var_2,varanasi_ghats,2025-11-20,3,0,0,74.4,2500
h_var_2,varanasi_ghats,2025-11-21,4,0,0,70.7,2500
h_var_2,varanasi_ghats,2025-11-22,5,1,0,84.9,2500
h_var_2,varanasi_ghats,2025-11-23,6,1,0,88.4,3000
h_var_2,varanasi_ghats,2025-11-24,0,0,0,74.4,2500
h_var_2,varanasi_ghats,2025-11-25,1,0,0,68.9,2500
h_var_2,varanasi_ghats,2025-11-26,2,0,0,69.7,2500
h_var_2,varanasi_ghats,2025-11-27,3,0,0,74.2,2500
h_var_2,varanasi_ghats,2025-11-28,4,0,0,62.4,2500
h_var_2,varanasi_ghats,2025-11-29,5,1,0,87.2,3000
h_var_2,varanasi_ghats,2025-11-30,6,1,0,84.4,2500
h_var_2,varanasi_ghats,2025-12-01,0,0,0,78.5,2500
h_var_2,varanasi_ghats,2025-12-02,1,0,0,78.8,2500
h_var_2,varanasi_ghats,2025-12-03,2,0,0,70.6,2500
h_var_2,varanasi_ghats,2025-12-04,3,0,0,65.3,2500
h_var_2,varanasi_ghats,2025-12-05,4,0,0,62.6,2500
h_var_2,varanasi_ghats,2025-12-06,5,1,0,78.4,2500
h_var_2,varanasi_ghats,2025-12-07,6,1,0,87.1,3000
h_var_2,varanasi_ghats,2025-12-08,0,0,0,70.5,2500
h_var_2,varanasi_ghats,2025-12-09,1,0,0,80.8,2500
h_var_2,varanasi_ghats,2025-12-10,2,0,0,62.7,2500
h_var_2,varanasi_ghats,2025-12-11,3,0,0,77.9,2500
h_var_2,varanasi_ghats,2025-12-12,4,0,0,68.9,2500
h_var_2,varanasi_ghats,2025-12-13,5,1,0,96.1,3000
h_var_2,varanasi_ghats,2025-12-14,6,1,0,94.1,3000
h_var_2,varanasi_ghats,2025-12-15,0,0,0,72.1,2500
h_var_2,varanasi_ghats,2025-12-16,1,0,0,67.2,2500
h_var_2,varanasi_ghats,2025-12-17,2,0,0,65.9,2500
h_var_2,varanasi_ghats,2025-12-18,3,0,0,67.5,2500
h_var_2,varanasi_ghats,2025-12-19,4,0,0,73.4,2500
h_var_2,varanasi_ghats,2025-12-20,5,1,0,81.0,2500
h_var_2,varanasi_ghats,2025-12-21,6,1,0,82.3,2500
h_var_2,varanasi_ghats,2025-12-22,0,0,0,69.5,2500
h_var_2,varanasi_ghats,2025-12-23,1,0,0,77.7,2500
h_var_2,varanasi_ghats,2025-12-24,2,0,0,75.9,2500
h_var_2,varanasi_ghats,2025-12-25,3,0,1,100.0,3000
h_var_2,varanasi_ghats,2025-12-26,4,0,0,71.5,2500
h_var_2,varanasi_ghats,2025-12-27,5,1,0,82.5,2500
h_var_2,varanasi_ghats,2025-12-28,6,1,0,76.5,2500
h_var_2,varanasi_ghats,2025-12-29,0,0,0,70.5,2500
h_var_2,varanasi_ghats,2025-12-30,1,0,0,70.0,2500
h_var_2,varanasi_ghats,2025-12-31,2,0,1,94.7,3000
h_var_2,varanasi_ghats,2026-01-01,3,0,1,91.2,3000
h_var_2,varanasi_ghats,2026-01-02,4,0,0,74.4,2500
h_var_2,varanasi_ghats,2026-01-03,5,1,0,86.0,3000
h_var_2,varanasi_ghats,2026-01-04,6,1,0,93.9,3000
h_var_2,varanasi_ghats,2026-01-05,0,0,0,69.9,2500
h_var_2,varanasi_ghats,2026-01-06,1,0,0,62.0,2500
h_var_2,varanasi_ghats,2026-01-07,2,0,0,72.4,2500
h_var_2,varanasi_ghats,2026-01-08,3,0,0,65.8,2500
h_var_2,varanasi_ghats,2026-01-09,4,0,0,64.9,2500
h_var_2,varanasi_ghats,2026-01-10,5,1,0,79.9,2500
h_var_2,varanasi_ghats,2026-01-11,6,1,0,94.5,3000
h_var_2,varanasi_ghats,2026-01-12,0,0,0,69.8,2500
h_var_2,varanasi_ghats,2026-01-13,1,0,0,68.7,2500
h_var_2,varanasi_ghats,2026-01-14,2,0,0,71.4,2500
h_var_2,varanasi_ghats,2026-01-15,3,0,0,75.0,2500
h_var_2,varanasi_ghats,2026-01-16,4,0,0,69.6,2500
h_var_2,varanasi_ghats,2026-01-17,5,1,0,96.1,3000
h_var_2,varanasi_ghats,2026-01-18,6,1,0,79.9,2500
h_var_2,varanasi_ghats,2026-01-19,0,0,0,69.7,2500
h_var_2,varanasi_ghats,2026-01-20,1,0,0,65.0,2500
h_var_2,varanasi_ghats,2026-01-21,2,0,0,68.6,2500
h_var_2,varanasi_ghats,2026-01-22,3,0,0,69.3,2500
h_var_2,varanasi_ghats,2026-01-23,4,0,0,78.3,2500
h_var_2,varanasi_ghats,2026-01-24,5,1,0,94.9,3000
h_var_2,varanasi_ghats,2026-01-25,6,1,0,89.1,3000
h_var_2,varanasi_ghats,2026-01-26,0,0,1,94.8,3000
h_var_2,varanasi_ghats,2026-01-27,1,0,0,68.3,2500
h_var_2,varanasi_ghats,2026-01-28,2,0,0,70.4,2500
h_var_2,varanasi_ghats,2026-01-29,3,0,0,80.3,2500
h_var_2,varanasi_ghats,2026-01-30,4,0,0,71.9,2500
h_var_2,varanasi_ghats,2026-01-31,5,1,0,95.1,3000
h_var_2,varanasi_ghats,2026-02-01,6,1,0,78.1,2500
h_var_2,varanasi_ghats,2026-02-02,0,0,0,69.0,2500
h_var_2,varanasi_ghats,2026-02-03,1,0,0,73.3,2500
h_var_2,varanasi_ghats,2026-02-04,2,0,0,69.4,2500
h_var_2,varanasi_ghats,2026-02-05,3,0,0,73.8,2500
h_var_2,varanasi_ghats,2026-02-06,4,0,0,63.6,2500
h_var_2,varanasi_ghats,2026-02-07,5,1,0,77.9,2500
h_var_2,varanasi_ghats,2026-02-08,6,1,0,78.3,2500
h_var_2,varanasi_ghats,2026-02-09,0,0,0,72.1,2500
h_var_2,varanasi_ghats,2026-02-10,1,0,0,74.0,2500
h_var_2,varanasi_ghats,2026-02-11,2,0,0,71.9,2500
h_var_2,varanasi_ghats,2026-02-12,3,0,0,68.6,2500
h_var_2,varanasi_ghats,2026-02-13,4,0,0,68.9,2500
h_var_2,varanasi_ghats,2026-02-14,5,1,0,91.1,3000
h_var_2,varanasi_ghats,2026-02-15,6,1,0,87.4,3000
h_var_2,varanasi_ghats,2026-02-16,0,0,0,67.1,2500
h_var_2,varanasi_ghats,2026-02-17,1,0,0,62.4,2500
h_var_2,varanasi_ghats,2026-02-18,2,0,0,63.6,2500
h_var_2,varanasi_ghats,2026-02-19,3,0,0,63.7,2500
h_var_2,varanasi_ghats,2026-02-20,4,0,0,77.0,2500
h_var_2,varanasi_ghats,2026-02-21,5,1,0,85.7,3000
h_var_2,varanasi_ghats,2026-02-22,6,1,0,94.6,3000
h_var_2,varanasi_ghats,2026-02-23,0,0,0,73.1,2500
h_var_2,varanasi_ghats,2026-02-24,1,0,0,62.5,2500
h_var_2,varanasi_ghats,2026-02-25,2,0,0,76.2,2500
h_var_2,varanasi_ghats,2026-02-26,3,0,0,77.8,2500
h_var_2,varanasi_ghats,2026-02-27,4,0,0,62.8,2500
h_var_2,varanasi_ghats,2026-02-28,5,1,0,92.7,3000
h_var_2,varanasi_ghats,2026-03-01,6,1,0,65.3,2500
h_var_2,varanasi_ghats,2026-03-02,0,0,0,55.7,2500
h_var_2,varanasi_ghats,2026-03-03,1,0,0,50.5,2500
h_var_2,varanasi_ghats,2026-03-04,2,0,0,46.1,2500
h_var_2,varanasi_ghats,2026-03-05,3,0,0,53.5,2500
h_var_2,varanasi_ghats,2026-03-06,4,0,0,53.5,2500
h_var_2,varanasi_ghats,2026-03-07,5,1,0,78.7,2500
h_var_2,varanasi_ghats,2026-03-08,6,1,1,100.0,3000
h_var_2,varanasi_ghats,2026-03-09,0,0,0,63.1,2500
h_var_2,varanasi_ghats,2026-03-10,1,0,0,62.9,2500
h_var_2,varanasi_ghats,2026-03-11,2,0,0,53.4,2500
h_var_2,varanasi_ghats,2026-03-12,3,0,0,47.2,2500
h_var_2,varanasi_ghats,2026-03-13,4,0,0,60.7,2500
h_var_2,varanasi_ghats,2026-03-14,5,1,0,77.7,2500
h_var_2,varanasi_ghats,2026-03-15,6,1,0,65.4,2500
h_var_2,varanasi_ghats,2026-03-16,0,0,0,56.1,2500
h_var_2,varanasi_ghats,2026-03-17,1,0,0,61.5,2500
h_var_2,varanasi_ghats,2026-03-18,2,0,0,53.2,2500
h_var_2,varanasi_ghats,2026-03-19,3,0,0,61.9,2500
h_var_2,varanasi_ghats,2026-03-20,4,0,0,48.5,2500
h_var_2,varanasi_ghats,2026-03-21,5,1,0,77.5,2500
h_var_2,varanasi_ghats,2026-03-22,6,1,0,61.8,2500
h_var_2,varanasi_ghats,2026-03-23,0,0,0,64.3,2500
h_var_2,varanasi_ghats,2026-03-24,1,0,0,55.5,2500
h_var_2,varanasi_ghats,2026-03-25,2,0,0,49.4,2500
h_var_2,varanasi_ghats,2026-03-26,3,0,0,50.3,2500
h_var_2,varanasi_ghats,2026-03-27,4,0,0,58.2,2500
h_var_2,varanasi_ghats,2026-03-28,5,1,0,73.1,2500
h_var_2,varanasi_ghats,2026-03-29,6,1,0,78.1,2500
h_var_2,varanasi_ghats,2026-03-30,0,0,0,48.0,2500
h_var_2,varanasi_ghats,2026-03-31,1,0,0,51.7,2500
h_var_2,varanasi_ghats,2026-04-01,2,0,0,46.0,2500
h_var_2,varanasi_ghats,2026-04-02,3,0,0,38.4,2000
h_var_2,varanasi_ghats,2026-04-03,4,0,0,41.1,2500
h_var_2,varanasi_ghats,2026-04-04,5,1,0,59.2,2500
h_var_2,varanasi_ghats,2026-04-05,6,1,0,67.8,2500
h_var_2,varanasi_ghats,2026-04-06,0,0,0,50.6,2500
h_var_2,varanasi_ghats,2026-04-07,1,0,0,47.4,2500
h_var_2,varanasi_ghats,2026-04-08,2,0,0,35.1,2000
h_var_2,varanasi_ghats,2026-04-09,3,0,0,40.4,2500
h_var_2,varanasi_ghats,2026-04-10,4,0,0,36.2,2000
h_var_2,varanasi_ghats,2026-04-11,5,1,0,50.2,2500
h_var_2,varanasi_ghats,2026-04-12,6,1,0,52.0,2500
h_var_2,varanasi_ghats,2026-04-13,0,0,0,48.4,2500
h_var_2,varanasi_ghats,2026-04-14,1,0,0,49.3,2500
h_var_2,varanasi_ghats,2026-04-15,2,0,0,53.1,2500
h_var_2,varanasi_ghats,2026-04-16,3,0,0,51.6,2500
h_var_2,varanasi_ghats,2026-04-17,4,0,0,36.9,2000
h_var_2,varanasi_ghats,2026-04-18,5,1,0,60.9,2500
h_var_2,varanasi_ghats,2026-04-19,6,1,0,56.1,2500
h_var_2,varanasi_ghats,2026-04-20,0,0,0,51.3,2500
h_var_2,varanasi_ghats,2026-04-21,1,0,0,44.2,2500
h_var_2,varanasi_ghats,2026-04-22,2,0,0,48.2,2500
h_var_2,varanasi_ghats,2026-04-23,3,0,0,39.9,2000
h_var_2,varanasi_ghats,2026-04-24,4,0,0,53.0,2500
h_var_2,varanasi_ghats,2026-04-25,5,1,0,56.8,2500
h_var_2,varanasi_ghats,2026-04-26,6,1,0,59.2,2500
h_var_2,varanasi_ghats,2026-04-27,0,0,0,44.3,2500
h_var_2,varanasi_ghats,2026-04-28,1,0,0,52.8,2500
h_var_2,varanasi_ghats,2026-04-29,2,0,0,34.3,2000
h_var_2,varanasi_ghats,2026-04-30,3,0,0,53.1,2500
h_var_2,varanasi_ghats,2026-05-01,4,0,0,44.2,2500
h_var_2,varanasi_ghats,2026-05-02,5,1,0,49.5,2500
h_var_2,varanasi_ghats,2026-05-03,6,1,0,60.9,2500
h_var_2,varanasi_ghats,2026-05-04,0,0,0,52.5,2500
h_var_2,varanasi_ghats,2026-05-05,1,0,0,40.0,2000
h_var_2,varanasi_ghats,2026-05-06,2,0,0,49.1,2500
h_var_2,varanasi_ghats,2026-05-07,3,0,0,40.6,2500
h_var_2,varanasi_ghats,2026-05-08,4,0,0,42.3,2500
h_var_2,varanasi_ghats,2026-05-09,5,1,0,65.7,2500
h_var_2,varanasi_ghats,2026-05-10,6,1,0,60.6,2500
h_var_2,varanasi_ghats,2026-05-11,0,0,0,46.4,2500
h_var_2,varanasi_ghats,2026-05-12,1,0,0,45.8,2500
h_var_2,varanasi_ghats,2026-05-13,2,0,0,44.0,2500
h_var_2,varanasi_ghats,2026-05-14,3,0,0,47.7,2500
h_var_2,varanasi_ghats,2026-05-15,4,0,0,38.4,2000
h_var_2,varanasi_ghats,2026-05-16,5,1,0,66.4,2500
h_var_2,varanasi_ghats,2026-05-17,6,1,0,50.1,2500
h_var_2,varanasi_ghats,2026-05-18,0,0,0,35.6,2000
h_var_2,varanasi_ghats,2026-05-19,1,0,0,43.9,2500
h_var_2,varanasi_ghats,2026-05-20,2,0,0,43.2,2500
h_var_2,varanasi_ghats,2026-05-21,3,0,0,52.5,2500
h_var_2,varanasi_ghats,2026-05-22,4,0,0,49.3,2500
h_var_2,varanasi_ghats,2026-05-23,5,1,0,50.7,2500
h_var_2,varanasi_ghats,2026-05-24,6,1,0,52.6,2500
h_var_2,varanasi_ghats,2026-05-25,0,0,0,38.4,2000
h_var_2,varanasi_ghats,2026-05-26,1,0,0,39.0,2000
h_var_2,varanasi_ghats,2026-05-27,2,0,0,45.4,2500
h_var_2,varanasi_ghats,2026-05-28,3,0,0,51.7,2500
h_var_2,varanasi_ghats,2026-05-29,4,0,0,50.8,2500
h_var_2,varanasi_ghats,2026-05-30,5,1,0,52.6,2500
h_var_2,varanasi_ghats,2026-05-31,6,1,0,49.6,2500
h_var_2,varanasi_ghats,2026-06-01,0,0,0,52.3,2500
h_var_2,varanasi_ghats,2026-06-02,1,0,0,34.9,2000
h_var_2,varanasi_ghats,2026-06-03,2,0,0,36.1,2000
h_var_2,varanasi_ghats,2026-06-04,3,0,0,42.7,2500
h_var_2,varanasi_ghats,2026-06-05,4,0,0,51.0,2500
h_var_2,varanasi_ghats,2026-06-06,5,1,0,58.2,2500
h_var_2,varanasi_ghats,2026-06-07,6,1,0,63.4,2500
h_var_2,varanasi_ghats,2026-06-08,0,0,0,41.5,2500
h_var_2,varanasi_ghats,2026-06-09,1,0,0,47.6,2500
h_var_2,varanasi_ghats,2026-06-10,2,0,0,48.0,2500
h_var_2,varanasi_ghats,2026-06-11,3,0,0,49.0,2500
h_var_2,varanasi_ghats,2026-06-12,4,0,0,49.8,2500
h_var_2,varanasi_ghats,2026-06-13,5,1,0,61.3,2500
h_var_2,varanasi_ghats,2026-06-14,6,1,0,49.7,2500
h_var_2,varanasi_ghats,2026-06-15,0,0,0,40.8,2500
h_var_2,varanasi_ghats,2026-06-16,1,0,0,38.0,2000
h_var_2,varanasi_ghats,2026-06-17,2,0,0,46.1,2500
h_var_2,varanasi_ghats,2026-06-18,3,0,0,38.6,2000
h_var_2,varanasi_ghats,2026-06-19,4,0,0,50.1,2500
h_var_2,varanasi_ghats,2026-06-20,5,1,0,53.1,2500
h_var_2,varanasi_ghats,2026-06-21,6,1,0,68.3,2500
h_var_2,varanasi_ghats,2026-06-22,0,0,0,40.9,2500
h_var_2,varanasi_ghats,2026-06-23,1,0,0,37.5,2000
h_var_2,varanasi_ghats,2026-06-24,2,0,0,42.3,2500
h_var_2,varanasi_ghats,2026-06-25,3,0,0,36.7,2000
h_var_2,varanasi_ghats,2026-06-26,4,0,0,42.8,2500
h_var_2,varanasi_ghats,2026-06-27,5,1,0,64.1,2500
h_var_2,varanasi_ghats,2026-06-28,6,1,0,65.3,2500
h_var_2,varanasi_ghats,2026-06-29,0,0,0,50.4,2500
h_var_2,varanasi_ghats,2026-06-30,1,0,0,53.9,2500
h_var_2,varanasi_ghats,2026-07-01,2,0,0,41.2,2500
h_var_2,varanasi_ghats,2026-07-02,3,0,0,44.6,2500
h_var_2,varanasi_ghats,2026-07-03,4,0,0,48.6,2500
h_var_2,varanasi_ghats,2026-07-04,5,1,0,57.4,2500
h_var_2,varanasi_ghats,2026-07-05,6,1,0,52.3,2500
h_var_2,varanasi_ghats,2026-07-06,0,0,0,50.8,2500
h_var_2,varanasi_ghats,2026-07-07,1,0,0,44.6,2500
h_var_2,varanasi_ghats,2026-07-08,2,0,0,47.8,2500
h_var_2,varanasi_ghats,2026-07-09,3,0,0,52.1,2500
h_var_2,varanasi_ghats,2026-07-10,4,0,0,45.1,2500
h_var_2,varanasi_ghats,2026-07-11,5,1,0,50.1,2500
h_var_2,varanasi_ghats,2026-07-12,6,1,0,65.4,2500
h_var_2,varanasi_ghats,2026-07-13,0,0,0,46.6,2500
h_var_2,varanasi_ghats,2026-07-14,1,0,0,38.1,2000
h_var_2,varanasi_ghats,2026-07-15,2,0,0,50.4,2500
h_var_2,varanasi_ghats,2026-07-16,3,0,0,52.8,2500
h_var_2,varanasi_ghats,2026-07-17,4,0,0,35.7,2000
h_var_2,varanasi_ghats,2026-07-18,5,1,0,56.6,2500
h_var_2,varanasi_ghats,2026-07-19,6,1,0,52.4,2500
h_var_2,varanasi_ghats,2026-07-20,0,0,0,46.0,2500
h_var_2,varanasi_ghats,2026-07-21,1,0,0,49.4,2500
h_var_2,varanasi_ghats,2026-07-22,2,0,0,44.3,2500
h_var_2,varanasi_ghats,2026-07-23,3,0,0,50.8,2500
h_var_2,varanasi_ghats,2026-07-24,4,0,0,36.0,2000
h_var_2,varanasi_ghats,2026-07-25,5,1,0,52.5,2500
h_var_2,varanasi_ghats,2026-07-26,6,1,0,57.1,2500
h_var_2,varanasi_ghats,2026-07-27,0,0,0,47.9,2500
h_var_2,varanasi_ghats,2026-07-28,1,0,0,51.2,2500
h_var_2,varanasi_ghats,2026-07-29,2,0,0,40.9,2500
h_var_2,varanasi_ghats,2026-07-30,3,0,0,43.8,2500
h_var_2,varanasi_ghats,2026-07-31,4,0,0,40.3,2500
h_var_2,varanasi_ghats,2026-08-01,5,1,0,70.3,2500
h_var_2,varanasi_ghats,2026-08-02,6,1,0,60.7,2500
h_var_2,varanasi_ghats,2026-08-03,0,0,0,63.7,2500
h_var_2,varanasi_ghats,2026-08-04,1,0,0,57.5,2500
h_var_2,varanasi_ghats,2026-08-05,2,0,0,63.3,2500
h_var_2,varanasi_ghats,2026-08-06,3,0,0,53.6,2500
h_var_2,varanasi_ghats,2026-08-07,4,0,0,47.9,2500
h_var_2,varanasi_ghats,2026-08-08,5,1,0,62.2,2500
h_var_2,varanasi_ghats,2026-08-09,6,1,0,62.2,2500
h_var_2,varanasi_ghats,2026-08-10,0,0,0,56.6,2500
h_var_2,varanasi_ghats,2026-08-11,1,0,0,58.9,2500
h_var_2,varanasi_ghats,2026-08-12,2,0,0,55.8,2500
h_var_2,varanasi_ghats,2026-08-13,3,0,0,46.8,2500
h_var_2,varanasi_ghats,2026-08-14,4,0,0,58.2,2500
h_var_2,varanasi_ghats,2026-08-15,5,1,1,85.9,3000
h_var_2,varanasi_ghats,2026-08-16,6,1,0,65.0,2500
h_var_2,varanasi_ghats,2026-08-17,0,0,0,61.4,2500
h_var_2,varanasi_ghats,2026-08-18,1,0,0,51.7,2500
h_var_2,varanasi_ghats,2026-08-19,2,0,0,48.1,2500
h_var_2,varanasi_ghats,2026-08-20,3,0,0,49.3,2500
h_var_2,varanasi_ghats,2026-08-21,4,0,0,59.2,2500
h_var_2,varanasi_ghats,2026-08-22,5,1,0,64.0,2500
h_var_2,varanasi_ghats,2026-08-23,6,1,0,63.4,2500
h_var_2,varanasi_ghats,2026-08-24,0,0,0,54.9,2500
h_var_2,varanasi_ghats,2026-08-25,1,0,0,53.7,2500
h_var_2,varanasi_ghats,2026-08-26,2,0,0,52.5,2500
h_var_2,varanasi_ghats,2026-08-27,3,0,0,50.1,2500
h_var_2,varanasi_ghats,2026-08-28,4,0,0,59.1,2500
h_var_2,varanasi_ghats,2026-08-29,5,1,0,78.6,2500
h_var_2,varanasi_ghats,2026-08-30,6,1,0,76.2,2500
h_var_2,varanasi_ghats,2026-08-31,0,0,0,58.4,2500
h_var_2,varanasi_ghats,2026-09-01,1,0,0,63.1,2500
h_var_2,varanasi_ghats,2026-09-02,2,0,0,65.0,2500
h_var_2,varanasi_ghats,2026-09-03,3,0,0,47.4,2500
h_ham_1,hampi_ruins,2025-09-04,3,0,0,67.3,30000
h_ham_1,hampi_ruins,2025-09-05,4,0,0,70.8,30000
h_ham_1,hampi_ruins,2025-09-06,5,1,0,89.1,36000
h_ham_1,hampi_ruins,2025-09-07,6,1,0,77.7,30000
h_ham_1,hampi_ruins,2025-09-08,0,0,0,57.1,30000
h_ham_1,hampi_ruins,2025-09-09,1,0,0,61.8,30000
h_ham_1,hampi_ruins,2025-09-10,2,0,0,69.8,30000
h_ham_1,hampi_ruins,2025-09-11,3,0,0,55.0,30000
h_ham_1,hampi_ruins,2025-09-12,4,0,0,67.3,30000
h_ham_1,hampi_ruins,2025-09-13,5,1,0,75.9,30000
h_ham_1,hampi_ruins,2025-09-14,6,1,0,79.6,30000
h_ham_1,hampi_ruins,2025-09-15,0,0,0,74.5,30000
h_ham_1,hampi_ruins,2025-09-16,1,0,0,62.7,30000
h_ham_1,hampi_ruins,2025-09-17,2,0,0,63.2,30000
h_ham_1,hampi_ruins,2025-09-18,3,0,0,63.1,30000
h_ham_1,hampi_ruins,2025-09-19,4,0,0,59.3,30000
h_ham_1,hampi_ruins,2025-09-20,5,1,0,89.8,36000
h_ham_1,hampi_ruins,2025-09-21,6,1,0,80.7,30000
h_ham_1,hampi_ruins,2025-09-22,0,0,0,74.2,30000
h_ham_1,hampi_ruins,2025-09-23,1,0,0,70.2,30000
h_ham_1,hampi_ruins,2025-09-24,2,0,0,74.7,30000
h_ham_1,hampi_ruins,2025-09-25,3,0,0,61.9,30000
h_ham_1,hampi_ruins,2025-09-26,4,0,0,71.8,30000
h_ham_1,hampi_ruins,2025-09-27,5,1,0,83.5,30000
h_ham_1,hampi_ruins,2025-09-28,6,1,0,79.9,30000
h_ham_1,hampi_ruins,2025-09-29,0,0,0,55.4,30000
h_ham_1,hampi_ruins,2025-09-30,1,0,0,72.7,30000
h_ham_1,hampi_ruins,2025-10-01,2,0,0,68.5,30000
h_ham_1,hampi_ruins,2025-10-02,3,0,1,81.7,30000
h_ham_1,hampi_ruins,2025-10-03,4,0,0,58.8,30000
h_ham_1,hampi_ruins,2025-10-04,5,1,0,81.0,30000
h_ham_1,hampi_ruins,2025-10-05,6,1,0,89.0,36000
h_ham_1,hampi_ruins,2025-10-06,0,0,0,68.2,30000
h_ham_1,hampi_ruins,2025-10-07,1,0,0,70.5,30000
h_ham_1,hampi_ruins,2025-10-08,2,0,0,74.4,30000
h_ham_1,hampi_ruins,2025-10-09,3,0,0,68.6,30000
h_ham_1,hampi_ruins,2025-10-10,4,0,0,71.4,30000
h_ham_1,hampi_ruins,2025-10-11,5,1,0,88.2,36000
h_ham_1,hampi_ruins,2025-10-12,6,1,0,83.6,30000
h_ham_1,hampi_ruins,2025-10-13,0,0,0,56.4,30000
h_ham_1,hampi_ruins,2025-10-14,1,0,0,66.5,30000
h_ham_1,hampi_ruins,2025-10-15,2,0,0,67.9,30000
h_ham_1,hampi_ruins,2025-10-16,3,0,0,58.3,30000
h_ham_1,hampi_ruins,2025-10-17,4,0,0,61.2,30000
h_ham_1,hampi_ruins,2025-10-18,5,1,0,75.9,30000
h_ham_1,hampi_ruins,2025-10-19,6,1,0,88.6,36000
h_ham_1,hampi_ruins,2025-10-20,0,0,0,59.6,30000
h_ham_1,hampi_ruins,2025-10-21,1,0,0,56.2,30000
h_ham_1,hampi_ruins,2025-10-22,2,0,0,71.6,30000
h_ham_1,hampi_ruins,2025-10-23,3,0,0,68.2,30000
h_ham_1,hampi_ruins,2025-10-24,4,0,1,93.6,36000
h_ham_1,hampi_ruins,2025-10-25,5,1,0,71.8,30000
h_ham_1,hampi_ruins,2025-10-26,6,1,0,74.9,30000
h_ham_1,hampi_ruins,2025-10-27,0,0,0,65.1,30000
h_ham_1,hampi_ruins,2025-10-28,1,0,0,60.4,30000
h_ham_1,hampi_ruins,2025-10-29,2,0,0,61.7,30000
h_ham_1,hampi_ruins,2025-10-30,3,0,0,68.2,30000
h_ham_1,hampi_ruins,2025-10-31,4,0,0,62.6,30000
h_ham_1,hampi_ruins,2025-11-01,5,1,0,97.8,36000
h_ham_1,hampi_ruins,2025-11-02,6,1,0,100.0,36000
h_ham_1,hampi_ruins,2025-11-03,0,0,0,84.9,30000
h_ham_1,hampi_ruins,2025-11-04,1,0,0,77.7,30000
h_ham_1,hampi_ruins,2025-11-05,2,0,0,79.4,30000
h_ham_1,hampi_ruins,2025-11-06,3,0,0,81.8,30000
h_ham_1,hampi_ruins,2025-11-07,4,0,0,87.2,36000
h_ham_1,hampi_ruins,2025-11-08,5,1,0,89.8,36000
h_ham_1,hampi_ruins,2025-11-09,6,1,0,96.3,36000
h_ham_1,hampi_ruins,2025-11-10,0,0,0,87.8,36000
h_ham_1,hampi_ruins,2025-11-11,1,0,0,77.4,30000
h_ham_1,hampi_ruins,2025-11-12,2,0,1,100.0,36000
h_ham_1,hampi_ruins,2025-11-13,3,0,0,81.6,30000
h_ham_1,hampi_ruins,2025-11-14,4,0,0,82.4,30000
h_ham_1,hampi_ruins,2025-11-15,5,1,0,91.1,36000
h_ham_1,hampi_ruins,2025-11-16,6,1,0,98.5,36000
h_ham_1,hampi_ruins,2025-11-17,0,0,0,92.5,36000
h_ham_1,hampi_ruins,2025-11-18,1,0,0,78.7,30000
h_ham_1,hampi_ruins,2025-11-19,2,0,0,88.9,36000
h_ham_1,hampi_ruins,2025-11-20,3,0,0,77.1,30000
h_ham_1,hampi_ruins,2025-11-21,4,0,0,82.5,30000
h_ham_1,hampi_ruins,2025-11-22,5,1,0,99.6,36000
h_ham_1,hampi_ruins,2025-11-23,6,1,0,90.6,36000
h_ham_1,hampi_ruins,2025-11-24,0,0,0,81.4,30000
h_ham_1,hampi_ruins,2025-11-25,1,0,0,76.7,30000
h_ham_1,hampi_ruins,2025-11-26,2,0,0,85.8,36000
h_ham_1,hampi_ruins,2025-11-27,3,0,0,80.3,30000
h_ham_1,hampi_ruins,2025-11-28,4,0,0,87.0,36000
h_ham_1,hampi_ruins,2025-11-29,5,1,0,91.9,36000
h_ham_1,hampi_ruins,2025-11-30,6,1,0,100.0,36000
h_ham_1,hampi_ruins,2025-12-01,0,0,0,87.3,36000
h_ham_1,hampi_ruins,2025-12-02,1,0,0,75.5,30000
h_ham_1,hampi_ruins,2025-12-03,2,0,0,86.6,36000
h_ham_1,hampi_ruins,2025-12-04,3,0,0,79.8,30000
h_ham_1,hampi_ruins,2025-12-05,4,0,0,90.1,36000
h_ham_1,hampi_ruins,2025-12-06,5,1,0,100.0,36000
h_ham_1,hampi_ruins,2025-12-07,6,1,0,100.0,36000
h_ham_1,hampi_ruins,2025-12-08,0,0,0,87.1,36000
h_ham_1,hampi_ruins,2025-12-09,1,0,0,83.2,30000
h_ham_1,hampi_ruins,2025-12-10,2,0,0,93.9,36000
h_ham_1,hampi_ruins,2025-12-11,3,0,0,91.3,36000
h_ham_1,hampi_ruins,2025-12-12,4,0,0,83.2,30000
h_ham_1,hampi_ruins,2025-12-13,5,1,0,100.0,36000
h_ham_1,hampi_ruins,2025-12-14,6,1,0,100.0,36000
h_ham_1,hampi_ruins,2025-12-15,0,0,0,79.4,30000
h_ham_1,hampi_ruins,2025-12-16,1,0,0,79.1,30000
h_ham_1,hampi_ruins,2025-12-17,2,0,0,85.3,36000
h_ham_1,hampi_ruins,2025-12-18,3,0,0,91.9,36000
h_ham_1,hampi_ruins,2025-12-19,4,0,0,79.2,30000
h_ham_1,hampi_ruins,2025-12-20,5,1,0,100.0,36000
h_ham_1,hampi_ruins,2025-12-21,6,1,0,96.8,36000
h_ham_1,hampi_ruins,2025-12-22,0,0,0,79.3,30000
h_ham_1,hampi_ruins,2025-12-23,1,0,0,92.5,36000
h_ham_1,hampi_ruins,2025-12-24,2,0,0,78.6,30000
h_ham_1,hampi_ruins,2025-12-25,3,0,1,100.0,36000
h_ham_1,hampi_ruins,2025-12-26,4,0,0,76.4,30000
h_ham_1,hampi_ruins,2025-12-27,5,1,0,96.0,36000
h_ham_1,hampi_ruins,2025-12-28,6,1,0,96.8,36000
h_ham_1,hampi_ruins,2025-12-29,0,0,0,93.2,36000
h_ham_1,hampi_ruins,2025-12-30,1,0,0,88.9,36000
h_ham_1,hampi_ruins,2025-12-31,2,0,1,100.0,36000
h_ham_1,hampi_ruins,2026-01-01,3,0,1,100.0,36000
h_ham_1,hampi_ruins,2026-01-02,4,0,0,84.4,30000
h_ham_1,hampi_ruins,2026-01-03,5,1,0,100.0,36000
h_ham_1,hampi_ruins,2026-01-04,6,1,0,93.2,36000
h_ham_1,hampi_ruins,2026-01-05,0,0,0,87.6,36000
h_ham_1,hampi_ruins,2026-01-06,1,0,0,77.3,30000
h_ham_1,hampi_ruins,2026-01-07,2,0,0,79.4,30000
h_ham_1,hampi_ruins,2026-01-08,3,0,0,76.4,30000
h_ham_1,hampi_ruins,2026-01-09,4,0,0,94.2,36000
h_ham_1,hampi_ruins,2026-01-10,5,1,0,100.0,36000
h_ham_1,hampi_ruins,2026-01-11,6,1,0,100.0,36000
h_ham_1,hampi_ruins,2026-01-12,0,0,0,93.3,36000
h_ham_1,hampi_ruins,2026-01-13,1,0,0,89.6,36000
h_ham_1,hampi_ruins,2026-01-14,2,0,0,84.3,30000
h_ham_1,hampi_ruins,2026-01-15,3,0,0,76.9,30000
h_ham_1,hampi_ruins,2026-01-16,4,0,0,94.4,36000
h_ham_1,hampi_ruins,2026-01-17,5,1,0,90.5,36000
h_ham_1,hampi_ruins,2026-01-18,6,1,0,97.9,36000
h_ham_1,hampi_ruins,2026-01-19,0,0,0,76.4,30000
h_ham_1,hampi_ruins,2026-01-20,1,0,0,84.8,30000
h_ham_1,hampi_ruins,2026-01-21,2,0,0,74.6,30000
h_ham_1,hampi_ruins,2026-01-22,3,0,0,84.2,30000
h_ham_1,hampi_ruins,2026-01-23,4,0,0,86.9,36000
h_ham_1,hampi_ruins,2026-01-24,5,1,0,100.0,36000
h_ham_1,hampi_ruins,2026-01-25,6,1,0,95.6,36000
h_ham_1,hampi_ruins,2026-01-26,0,0,1,100.0,36000
h_ham_1,hampi_ruins,2026-01-27,1,0,0,87.4,36000
h_ham_1,hampi_ruins,2026-01-28,2,0,0,93.5,36000
h_ham_1,hampi_ruins,2026-01-29,3,0,0,84.3,30000
h_ham_1,hampi_ruins,2026-01-30,4,0,0,77.0,30000
h_ham_1,hampi_ruins,2026-01-31,5,1,0,94.0,36000
h_ham_1,hampi_ruins,2026-02-01,6,1,0,99.8,36000
h_ham_1,hampi_ruins,2026-02-02,0,0,0,93.9,36000
h_ham_1,hampi_ruins,2026-02-03,1,0,0,88.2,36000
h_ham_1,hampi_ruins,2026-02-04,2,0,0,93.4,36000
h_ham_1,hampi_ruins,2026-02-05,3,0,0,93.8,36000
h_ham_1,hampi_ruins,2026-02-06,4,0,0,87.5,36000
h_ham_1,hampi_ruins,2026-02-07,5,1,0,97.5,36000
h_ham_1,hampi_ruins,2026-02-08,6,1,0,100.0,36000
h_ham_1,hampi_ruins,2026-02-09,0,0,0,75.1,30000
h_ham_1,hampi_ruins,2026-02-10,1,0,0,94.4,36000
h_ham_1,hampi_ruins,2026-02-11,2,0,0,79.0,30000
h_ham_1,hampi_ruins,2026-02-12,3,0,0,74.5,30000
h_ham_1,hampi_ruins,2026-02-13,4,0,0,82.5,30000
h_ham_1,hampi_ruins,2026-02-14,5,1,0,95.2,36000
h_ham_1,hampi_ruins,2026-02-15,6,1,0,100.0,36000
h_ham_1,hampi_ruins,2026-02-16,0,0,0,94.5,36000
h_ham_1,hampi_ruins,2026-02-17,1,0,0,85.3,36000
h_ham_1,hampi_ruins,2026-02-18,2,0,0,81.9,30000
h_ham_1,hampi_ruins,2026-02-19,3,0,0,76.2,30000
h_ham_1,hampi_ruins,2026-02-20,4,0,0,85.5,36000
h_ham_1,hampi_ruins,2026-02-21,5,1,0,92.8,36000
h_ham_1,hampi_ruins,2026-02-22,6,1,0,96.5,36000
h_ham_1,hampi_ruins,2026-02-23,0,0,0,85.0,36000
h_ham_1,hampi_ruins,2026-02-24,1,0,0,80.8,30000
h_ham_1,hampi_ruins,2026-02-25,2,0,0,75.3,30000
h_ham_1,hampi_ruins,2026-02-26,3,0,0,86.4,36000
h_ham_1,hampi_ruins,2026-02-27,4,0,0,81.2,30000
h_ham_1,hampi_ruins,2026-02-28,5,1,0,99.3,36000
h_ham_1,hampi_ruins,2026-03-01,6,1,0,84.3,30000
h_ham_1,hampi_ruins,2026-03-02,0,0,0,62.4,30000
h_ham_1,hampi_ruins,2026-03-03,1,0,0,65.3,30000
h_ham_1,hampi_ruins,2026-03-04,2,0,0,61.3,30000
h_ham_1,hampi_ruins,2026-03-05,3,0,0,55.5,30000
h_ham_1,hampi_ruins,2026-03-06,4,0,0,64.2,30000
h_ham_1,hampi_ruins,2026-03-07,5,1,0,74.4,30000
h_ham_1,hampi_ruins,2026-03-08,6,1,1,100.0,36000
h_ham_1,hampi_ruins,2026-03-09,0,0,0,63.3,30000
h_ham_1,hampi_ruins,2026-03-10,1,0,0,71.8,30000
h_ham_1,hampi_ruins,2026-03-11,2,0,0,72.5,30000
h_ham_1,hampi_ruins,2026-03-12,3,0,0,55.6,30000
h_ham_1,hampi_ruins,2026-03-13,4,0,0,68.7,30000
h_ham_1,hampi_ruins,2026-03-14,5,1,0,87.4,36000
h_ham_1,hampi_ruins,2026-03-15,6,1,0,88.2,36000
h_ham_1,hampi_ruins,2026-03-16,0,0,0,60.8,30000
h_ham_1,hampi_ruins,2026-03-17,1,0,0,58.4,30000
h_ham_1,hampi_ruins,2026-03-18,2,0,0,59.3,30000
h_ham_1,hampi_ruins,2026-03-19,3,0,0,59.5,30000
h_ham_1,hampi_ruins,2026-03-20,4,0,0,61.1,30000
h_ham_1,hampi_ruins,2026-03-21,5,1,0,81.2,30000
h_ham_1,hampi_ruins,2026-03-22,6,1,0,75.9,30000
h_ham_1,hampi_ruins,2026-03-23,0,0,0,62.2,30000
h_ham_1,hampi_ruins,2026-03-24,1,0,0,74.0,30000
h_ham_1,hampi_ruins,2026-03-25,2,0,0,60.3,30000
h_ham_1,hampi_ruins,2026-03-26,3,0,0,71.3,30000
h_ham_1,hampi_ruins,2026-03-27,4,0,0,68.2,30000
h_ham_1,hampi_ruins,2026-03-28,5,1,0,79.5,30000
h_ham_1,hampi_ruins,2026-03-29,6,1,0,71.4,30000
h_ham_1,hampi_ruins,2026-03-30,0,0,0,71.1,30000
h_ham_1,hampi_ruins,2026-03-31,1,0,0,56.5,30000
h_ham_1,hampi_ruins,2026-04-01,2,0,0,56.3,30000
h_ham_1,hampi_ruins,2026-04-02,3,0,0,54.6,30000
h_ham_1,hampi_ruins,2026-04-03,4,0,0,50.3,30000
h_ham_1,hampi_ruins,2026-04-04,5,1,0,76.2,30000
h_ham_1,hampi_ruins,2026-04-05,6,1,0,73.3,30000
h_ham_1,hampi_ruins,2026-04-06,0,0,0,48.9,30000
h_ham_1,hampi_ruins,2026-04-07,1,0,0,47.7,30000
h_ham_1,hampi_ruins,2026-04-08,2,0,0,60.1,30000
h_ham_1,hampi_ruins,2026-04-09,3,0,0,54.2,30000
h_ham_1,hampi_ruins,2026-04-10,4,0,0,60.4,30000
h_ham_1,hampi_ruins,2026-04-11,5,1,0,72.8,30000
h_ham_1,hampi_ruins,2026-04-12,6,1,0,73.6,30000
h_ham_1,hampi_ruins,2026-04-13,0,0,0,53.0,30000
h_ham_1,hampi_ruins,2026-04-14,1,0,0,50.3,30000
h_ham_1,hampi_ruins,2026-04-15,2,0,0,49.9,30000
h_ham_1,hampi_ruins,2026-04-16,3,0,0,50.7,30000
h_ham_1,hampi_ruins,2026-04-17,4,0,0,54.3,30000
h_ham_1,hampi_ruins,2026-04-18,5,1,0,60.0,30000
h_ham_1,hampi_ruins,2026-04-19,6,1,0,62.8,30000
h_ham_1,hampi_ruins,2026-04-20,0,0,0,48.1,30000
h_ham_1,hampi_ruins,2026-04-21,1,0,0,55.4,30000
h_ham_1,hampi_ruins,2026-04-22,2,0,0,43.9,30000
h_ham_1,hampi_ruins,2026-04-23,3,0,0,45.9,30000
h_ham_1,hampi_ruins,2026-04-24,4,0,0,54.4,30000
h_ham_1,hampi_ruins,2026-04-25,5,1,0,63.2,30000
h_ham_1,hampi_ruins,2026-04-26,6,1,0,76.2,30000
h_ham_1,hampi_ruins,2026-04-27,0,0,0,46.2,30000
h_ham_1,hampi_ruins,2026-04-28,1,0,0,48.8,30000
h_ham_1,hampi_ruins,2026-04-29,2,0,0,60.7,30000
h_ham_1,hampi_ruins,2026-04-30,3,0,0,60.0,30000
h_ham_1,hampi_ruins,2026-05-01,4,0,0,59.5,30000
h_ham_1,hampi_ruins,2026-05-02,5,1,0,76.0,30000
h_ham_1,hampi_ruins,2026-05-03,6,1,0,74.2,30000
h_ham_1,hampi_ruins,2026-05-04,0,0,0,58.4,30000
h_ham_1,hampi_ruins,2026-05-05,1,0,0,61.5,30000
h_ham_1,hampi_ruins,2026-05-06,2,0,0,49.0,30000
h_ham_1,hampi_ruins,2026-05-07,3,0,0,56.3,30000
h_ham_1,hampi_ruins,2026-05-08,4,0,0,51.6,30000
h_ham_1,hampi_ruins,2026-05-09,5,1,0,69.5,30000
h_ham_1,hampi_ruins,2026-05-10,6,1,0,72.8,30000
h_ham_1,hampi_ruins,2026-05-11,0,0,0,52.6,30000
h_ham_1,hampi_ruins,2026-05-12,1,0,0,49.2,30000
h_ham_1,hampi_ruins,2026-05-13,2,0,0,50.0,30000
h_ham_1,hampi_ruins,2026-05-14,3,0,0,45.3,30000
h_ham_1,hampi_ruins,2026-05-15,4,0,0,52.6,30000
h_ham_1,hampi_ruins,2026-05-16,5,1,0,64.0,30000
h_ham_1,hampi_ruins,2026-05-17,6,1,0,59.5,30000
h_ham_1,hampi_ruins,2026-05-18,0,0,0,46.5,30000
h_ham_1,hampi_ruins,2026-05-19,1,0,0,48.3,30000
h_ham_1,hampi_ruins,2026-05-20,2,0,0,61.6,30000
h_ham_1,hampi_ruins,2026-05-21,3,0,0,49.2,30000
h_ham_1,hampi_ruins,2026-05-22,4,0,0,48.4,30000
h_ham_1,hampi_ruins,2026-05-23,5,1,0,68.5,30000
h_ham_1,hampi_ruins,2026-05-24,6,1,0,67.0,30000
h_ham_1,hampi_ruins,2026-05-25,0,0,0,52.5,30000
h_ham_1,hampi_ruins,2026-05-26,1,0,0,52.0,30000
h_ham_1,hampi_ruins,2026-05-27,2,0,0,47.6,30000
h_ham_1,hampi_ruins,2026-05-28,3,0,0,57.2,30000
h_ham_1,hampi_ruins,2026-05-29,4,0,0,45.4,30000
h_ham_1,hampi_ruins,2026-05-30,5,1,0,58.4,30000
h_ham_1,hampi_ruins,2026-05-31,6,1,0,76.8,30000
h_ham_1,hampi_ruins,2026-06-01,0,0,0,44.9,30000
h_ham_1,hampi_ruins,2026-06-02,1,0,0,59.4,30000
h_ham_1,hampi_ruins,2026-06-03,2,0,0,61.6,30000
h_ham_1,hampi_ruins,2026-06-04,3,0,0,47.0,30000
h_ham_1,hampi_ruins,2026-06-05,4,0,0,43.0,30000
h_ham_1,hampi_ruins,2026-06-06,5,1,0,65.4,30000
h_ham_1,hampi_ruins,2026-06-07,6,1,0,64.3,30000
h_ham_1,hampi_ruins,2026-06-08,0,0,0,58.9,30000
h_ham_1,hampi_ruins,2026-06-09,1,0,0,54.2,30000
h_ham_1,hampi_ruins,2026-06-10,2,0,0,56.6,30000
h_ham_1,hampi_ruins,2026-06-11,3,0,0,47.6,30000
h_ham_1,hampi_ruins,2026-06-12,4,0,0,51.5,30000
h_ham_1,hampi_ruins,2026-06-13,5,1,0,71.2,30000
h_ham_1,hampi_ruins,2026-06-14,6,1,0,68.9,30000
h_ham_1,hampi_ruins,2026-06-15,0,0,0,43.0,30000
h_ham_1,hampi_ruins,2026-06-16,1,0,0,48.7,30000
h_ham_1,hampi_ruins,2026-06-17,2,0,0,45.9,30000
h_ham_1,hampi_ruins,2026-06-18,3,0,0,45.9,30000
h_ham_1,hampi_ruins,2026-06-19,4,0,0,42.6,30000
h_ham_1,hampi_ruins,2026-06-20,5,1,0,59.1,30000
h_ham_1,hampi_ruins,2026-06-21,6,1,0,69.4,30000
h_ham_1,hampi_ruins,2026-06-22,0,0,0,51.2,30000
h_ham_1,hampi_ruins,2026-06-23,1,0,0,44.9,30000
h_ham_1,hampi_ruins,2026-06-24,2,0,0,49.2,30000
h_ham_1,hampi_ruins,2026-06-25,3,0,0,48.3,30000
h_ham_1,hampi_ruins,2026-06-26,4,0,0,53.8,30000
h_ham_1,hampi_ruins,2026-06-27,5,1,0,70.2,30000
h_ham_1,hampi_ruins,2026-06-28,6,1,0,58.6,30000
h_ham_1,hampi_ruins,2026-06-29,0,0,0,59.3,30000
h_ham_1,hampi_ruins,2026-06-30,1,0,0,48.3,30000
h_ham_1,hampi_ruins,2026-07-01,2,0,0,55.9,30000
h_ham_1,hampi_ruins,2026-07-02,3,0,0,52.3,30000
h_ham_1,hampi_ruins,2026-07-03,4,0,0,42.6,30000
h_ham_1,hampi_ruins,2026-07-04,5,1,0,69.8,30000
h_ham_1,hampi_ruins,2026-07-05,6,1,0,73.2,30000
h_ham_1,hampi_ruins,2026-07-06,0,0,0,47.3,30000
h_ham_1,hampi_ruins,2026-07-07,1,0,0,53.3,30000
h_ham_1,hampi_ruins,2026-07-08,2,0,0,42.8,30000
h_ham_1,hampi_ruins,2026-07-09,3,0,0,47.0,30000
h_ham_1,hampi_ruins,2026-07-10,4,0,0,60.5,30000
h_ham_1,hampi_ruins,2026-07-11,5,1,0,62.0,30000
h_ham_1,hampi_ruins,2026-07-12,6,1,0,72.0,30000
h_ham_1,hampi_ruins,2026-07-13,0,0,0,43.4,30000
h_ham_1,hampi_ruins,2026-07-14,1,0,0,61.5,30000
h_ham_1,hampi_ruins,2026-07-15,2,0,0,55.6,30000
h_ham_1,hampi_ruins,2026-07-16,3,0,0,57.6,30000
h_ham_1,hampi_ruins,2026-07-17,4,0,0,46.4,30000
h_ham_1,hampi_ruins,2026-07-18,5,1,0,57.3,30000
h_ham_1,hampi_ruins,2026-07-19,6,1,0,75.3,30000
h_ham_1,hampi_ruins,2026-07-20,0,0,0,54.4,30000
h_ham_1,hampi_ruins,2026-07-21,1,0,0,54.5,30000
h_ham_1,hampi_ruins,2026-07-22,2,0,0,50.1,30000
h_ham_1,hampi_ruins,2026-07-23,3,0,0,47.0,30000
h_ham_1,hampi_ruins,2026-07-24,4,0,0,59.2,30000
h_ham_1,hampi_ruins,2026-07-25,5,1,0,60.1,30000
h_ham_1,hampi_ruins,2026-07-26,6,1,0,71.3,30000
h_ham_1,hampi_ruins,2026-07-27,0,0,0,45.4,30000
h_ham_1,hampi_ruins,2026-07-28,1,0,0,60.2,30000
h_ham_1,hampi_ruins,2026-07-29,2,0,0,57.3,30000
h_ham_1,hampi_ruins,2026-07-30,3,0,0,42.4,30000
h_ham_1,hampi_ruins,2026-07-31,4,0,0,43.5,30000
h_ham_1,hampi_ruins,2026-08-01,5,1,0,89.9,36000
h_ham_1,hampi_ruins,2026-08-02,6,1,0,70.2,30000
h_ham_1,hampi_ruins,2026-08-03,0,0,0,70.8,30000
h_ham_1,hampi_ruins,2026-08-04,1,0,0,55.1,30000
h_ham_1,hampi_ruins,2026-08-05,2,0,0,60.5,30000
h_ham_1,hampi_ruins,2026-08-06,3,0,0,58.9,30000
h_ham_1,hampi_ruins,2026-08-07,4,0,0,71.7,30000
h_ham_1,hampi_ruins,2026-08-08,5,1,0,83.1,30000
h_ham_1,hampi_ruins,2026-08-09,6,1,0,77.6,30000
h_ham_1,hampi_ruins,2026-08-10,0,0,0,64.4,30000
h_ham_1,hampi_ruins,2026-08-11,1,0,0,66.2,30000
h_ham_1,hampi_ruins,2026-08-12,2,0,0,65.4,30000
h_ham_1,hampi_ruins,2026-08-13,3,0,0,59.0,30000
h_ham_1,hampi_ruins,2026-08-14,4,0,0,60.9,30000
h_ham_1,hampi_ruins,2026-08-15,5,1,1,96.8,36000
h_ham_1,hampi_ruins,2026-08-16,6,1,0,83.3,30000
h_ham_1,hampi_ruins,2026-08-17,0,0,0,63.4,30000
h_ham_1,hampi_ruins,2026-08-18,1,0,0,65.1,30000
h_ham_1,hampi_ruins,2026-08-19,2,0,0,68.2,30000
h_ham_1,hampi_ruins,2026-08-20,3,0,0,72.8,30000
h_ham_1,hampi_ruins,2026-08-21,4,0,0,71.2,30000
h_ham_1,hampi_ruins,2026-08-22,5,1,0,90.0,36000
h_ham_1,hampi_ruins,2026-08-23,6,1,0,73.3,30000
h_ham_1,hampi_ruins,2026-08-24,0,0,0,55.6,30000
h_ham_1,hampi_ruins,2026-08-25,1,0,0,72.9,30000
h_ham_1,hampi_ruins,2026-08-26,2,0,0,61.1,30000
h_ham_1,hampi_ruins,2026-08-27,3,0,0,62.0,30000
h_ham_1,hampi_ruins,2026-08-28,4,0,0,55.1,30000
h_ham_1,hampi_ruins,2026-08-29,5,1,0,70.7,30000
h_ham_1,hampi_ruins,2026-08-30,6,1,0,87.1,36000
h_ham_1,hampi_ruins,2026-08-31,0,0,0,59.6,30000
h_ham_1,hampi_ruins,2026-09-01,1,0,0,55.4,30000
h_ham_1,hampi_ruins,2026-09-02,2,0,0,57.5,30000
h_ham_1,hampi_ruins,2026-09-03,3,0,0,56.2,30000
h_ham_2,hampi_ruins,2025-09-04,3,0,0,66.6,8000
h_ham_2,hampi_ruins,2025-09-05,4,0,0,66.4,8000
h_ham_2,hampi_ruins,2025-09-06,5,1,0,80.1,8000
h_ham_2,hampi_ruins,2025-09-07,6,1,0,81.4,8000
h_ham_2,hampi_ruins,2025-09-08,0,0,0,66.9,8000
h_ham_2,hampi_ruins,2025-09-09,1,0,0,63.7,8000
h_ham_2,hampi_ruins,2025-09-10,2,0,0,51.6,8000
h_ham_2,hampi_ruins,2025-09-11,3,0,0,63.5,8000
h_ham_2,hampi_ruins,2025-09-12,4,0,0,68.0,8000
h_ham_2,hampi_ruins,2025-09-13,5,1,0,66.2,8000
h_ham_2,hampi_ruins,2025-09-14,6,1,0,68.1,8000
h_ham_2,hampi_ruins,2025-09-15,0,0,0,56.2,8000
h_ham_2,hampi_ruins,2025-09-16,1,0,0,68.9,8000
h_ham_2,hampi_ruins,2025-09-17,2,0,0,63.7,8000
h_ham_2,hampi_ruins,2025-09-18,3,0,0,59.1,8000
h_ham_2,hampi_ruins,2025-09-19,4,0,0,54.1,8000
h_ham_2,hampi_ruins,2025-09-20,5,1,0,75.9,8000
h_ham_2,hampi_ruins,2025-09-21,6,1,0,76.4,8000
h_ham_2,hampi_ruins,2025-09-22,0,0,0,61.2,8000
h_ham_2,hampi_ruins,2025-09-23,1,0,0,69.9,8000
h_ham_2,hampi_ruins,2025-09-24,2,0,0,62.9,8000
h_ham_2,hampi_ruins,2025-09-25,3,0,0,66.4,8000
h_ham_2,hampi_ruins,2025-09-26,4,0,0,63.9,8000
h_ham_2,hampi_ruins,2025-09-27,5,1,0,69.0,8000
h_ham_2,hampi_ruins,2025-09-28,6,1,0,79.4,8000
h_ham_2,hampi_ruins,2025-09-29,0,0,0,55.7,8000
h_ham_2,hampi_ruins,2025-09-30,1,0,0,58.3,8000
h_ham_2,hampi_ruins,2025-10-01,2,0,0,54.5,8000
h_ham_2,hampi_ruins,2025-10-02,3,0,1,76.3,8000
h_ham_2,hampi_ruins,2025-10-03,4,0,0,53.9,8000
h_ham_2,hampi_ruins,2025-10-04,5,1,0,80.5,8000
h_ham_2,hampi_ruins,2025-10-05,6,1,0,77.8,8000
h_ham_2,hampi_ruins,2025-10-06,0,0,0,64.5,8000
h_ham_2,hampi_ruins,2025-10-07,1,0,0,52.9,8000
h_ham_2,hampi_ruins,2025-10-08,2,0,0,64.9,8000
h_ham_2,hampi_ruins,2025-10-09,3,0,0,70.0,8000
h_ham_2,hampi_ruins,2025-10-10,4,0,0,54.4,8000
h_ham_2,hampi_ruins,2025-10-11,5,1,0,84.2,8000
h_ham_2,hampi_ruins,2025-10-12,6,1,0,76.0,8000
h_ham_2,hampi_ruins,2025-10-13,0,0,0,57.8,8000
h_ham_2,hampi_ruins,2025-10-14,1,0,0,69.4,8000
h_ham_2,hampi_ruins,2025-10-15,2,0,0,57.4,8000
h_ham_2,hampi_ruins,2025-10-16,3,0,0,50.7,8000
h_ham_2,hampi_ruins,2025-10-17,4,0,0,60.8,8000
h_ham_2,hampi_ruins,2025-10-18,5,1,0,77.0,8000
h_ham_2,hampi_ruins,2025-10-19,6,1,0,73.5,8000
h_ham_2,hampi_ruins,2025-10-20,0,0,0,52.7,8000
h_ham_2,hampi_ruins,2025-10-21,1,0,0,68.5,8000
h_ham_2,hampi_ruins,2025-10-22,2,0,0,60.5,8000
h_ham_2,hampi_ruins,2025-10-23,3,0,0,56.8,8000
h_ham_2,hampi_ruins,2025-10-24,4,0,1,91.2,9600
h_ham_2,hampi_ruins,2025-10-25,5,1,0,65.2,8000
h_ham_2,hampi_ruins,2025-10-26,6,1,0,80.4,8000
h_ham_2,hampi_ruins,2025-10-27,0,0,0,57.4,8000
h_ham_2,hampi_ruins,2025-10-28,1,0,0,59.6,8000
h_ham_2,hampi_ruins,2025-10-29,2,0,0,66.5,8000
h_ham_2,hampi_ruins,2025-10-30,3,0,0,60.1,8000
h_ham_2,hampi_ruins,2025-10-31,4,0,0,67.4,8000
h_ham_2,hampi_ruins,2025-11-01,5,1,0,93.2,9600
h_ham_2,hampi_ruins,2025-11-02,6,1,0,96.6,9600
h_ham_2,hampi_ruins,2025-11-03,0,0,0,71.2,8000
h_ham_2,hampi_ruins,2025-11-04,1,0,0,86.1,9600
h_ham_2,hampi_ruins,2025-11-05,2,0,0,69.7,8000
h_ham_2,hampi_ruins,2025-11-06,3,0,0,73.5,8000
h_ham_2,hampi_ruins,2025-11-07,4,0,0,70.5,8000
h_ham_2,hampi_ruins,2025-11-08,5,1,0,87.8,9600
h_ham_2,hampi_ruins,2025-11-09,6,1,0,92.3,9600
h_ham_2,hampi_ruins,2025-11-10,0,0,0,70.0,8000
h_ham_2,hampi_ruins,2025-11-11,1,0,0,80.5,8000
h_ham_2,hampi_ruins,2025-11-12,2,0,1,100.0,9600
h_ham_2,hampi_ruins,2025-11-13,3,0,0,74.1,8000
h_ham_2,hampi_ruins,2025-11-14,4,0,0,75.5,8000
h_ham_2,hampi_ruins,2025-11-15,5,1,0,96.2,9600
h_ham_2,hampi_ruins,2025-11-16,6,1,0,93.4,9600
h_ham_2,hampi_ruins,2025-11-17,0,0,0,72.3,8000
h_ham_2,hampi_ruins,2025-11-18,1,0,0,74.3,8000
h_ham_2,hampi_ruins,2025-11-19,2,0,0,74.2,8000
h_ham_2,hampi_ruins,2025-11-20,3,0,0,85.2,9600
h_ham_2,hampi_ruins,2025-11-21,4,0,0,76.4,8000
h_ham_2,hampi_ruins,2025-11-22,5,1,0,91.6,9600
h_ham_2,hampi_ruins,2025-11-23,6,1,0,100.0,9600
h_ham_2,hampi_ruins,2025-11-24,0,0,0,77.4,8000
h_ham_2,hampi_ruins,2025-11-25,1,0,0,69.3,8000
h_ham_2,hampi_ruins,2025-11-26,2,0,0,73.8,8000
h_ham_2,hampi_ruins,2025-11-27,3,0,0,76.9,8000
h_ham_2,hampi_ruins,2025-11-28,4,0,0,84.5,8000
h_ham_2,hampi_ruins,2025-11-29,5,1,0,92.5,9600
h_ham_2,hampi_ruins,2025-11-30,6,1,0,88.6,9600
h_ham_2,hampi_ruins,2025-12-01,0,0,0,68.8,8000
h_ham_2,hampi_ruins,2025-12-02,1,0,0,85.7,9600
h_ham_2,hampi_ruins,2025-12-03,2,0,0,76.5,8000
h_ham_2,hampi_ruins,2025-12-04,3,0,0,76.7,8000
h_ham_2,hampi_ruins,2025-12-05,4,0,0,77.2,8000
h_ham_2,hampi_ruins,2025-12-06,5,1,0,83.1,8000
h_ham_2,hampi_ruins,2025-12-07,6,1,0,83.3,8000
h_ham_2,hampi_ruins,2025-12-08,0,0,0,68.3,8000
h_ham_2,hampi_ruins,2025-12-09,1,0,0,73.6,8000
h_ham_2,hampi_ruins,2025-12-10,2,0,0,84.8,8000
h_ham_2,hampi_ruins,2025-12-11,3,0,0,84.6,8000
h_ham_2,hampi_ruins,2025-12-12,4,0,0,81.2,8000
h_ham_2,hampi_ruins,2025-12-13,5,1,0,93.4,9600
h_ham_2,hampi_ruins,2025-12-14,6,1,0,93.5,9600
h_ham_2,hampi_ruins,2025-12-15,0,0,0,87.4,9600
h_ham_2,hampi_ruins,2025-12-16,1,0,0,83.5,8000
h_ham_2,hampi_ruins,2025-12-17,2,0,0,73.3,8000
h_ham_2,hampi_ruins,2025-12-18,3,0,0,73.2,8000
h_ham_2,hampi_ruins,2025-12-19,4,0,0,68.3,8000
h_ham_2,hampi_ruins,2025-12-20,5,1,0,87.8,9600
h_ham_2,hampi_ruins,2025-12-21,6,1,0,97.8,9600
h_ham_2,hampi_ruins,2025-12-22,0,0,0,79.6,8000
h_ham_2,hampi_ruins,2025-12-23,1,0,0,68.3,8000
h_ham_2,hampi_ruins,2025-12-24,2,0,0,84.6,8000
h_ham_2,hampi_ruins,2025-12-25,3,0,1,100.0,9600
h_ham_2,hampi_ruins,2025-12-26,4,0,0,86.2,9600
h_ham_2,hampi_ruins,2025-12-27,5,1,0,87.9,9600
h_ham_2,hampi_ruins,2025-12-28,6,1,0,86.3,9600
h_ham_2,hampi_ruins,2025-12-29,0,0,0,71.0,8000
h_ham_2,hampi_ruins,2025-12-30,1,0,0,81.6,8000
h_ham_2,hampi_ruins,2025-12-31,2,0,1,100.0,9600
h_ham_2,hampi_ruins,2026-01-01,3,0,1,99.9,9600
h_ham_2,hampi_ruins,2026-01-02,4,0,0,73.5,8000
h_ham_2,hampi_ruins,2026-01-03,5,1,0,98.4,9600
h_ham_2,hampi_ruins,2026-01-04,6,1,0,98.8,9600
h_ham_2,hampi_ruins,2026-01-05,0,0,0,86.5,9600
h_ham_2,hampi_ruins,2026-01-06,1,0,0,71.7,8000
h_ham_2,hampi_ruins,2026-01-07,2,0,0,79.7,8000
h_ham_2,hampi_ruins,2026-01-08,3,0,0,68.9,8000
h_ham_2,hampi_ruins,2026-01-09,4,0,0,87.4,9600
h_ham_2,hampi_ruins,2026-01-10,5,1,0,86.4,9600
h_ham_2,hampi_ruins,2026-01-11,6,1,0,95.9,9600
h_ham_2,hampi_ruins,2026-01-12,0,0,0,82.9,8000
h_ham_2,hampi_ruins,2026-01-13,1,0,0,85.4,9600
h_ham_2,hampi_ruins,2026-01-14,2,0,0,86.7,9600
h_ham_2,hampi_ruins,2026-01-15,3,0,0,81.0,8000
h_ham_2,hampi_ruins,2026-01-16,4,0,0,76.6,8000
h_ham_2,hampi_ruins,2026-01-17,5,1,0,97.3,9600
h_ham_2,hampi_ruins,2026-01-18,6,1,0,87.4,9600
h_ham_2,hampi_ruins,2026-01-19,0,0,0,76.4,8000
h_ham_2,hampi_ruins,2026-01-20,1,0,0,68.5,8000
h_ham_2,hampi_ruins,2026-01-21,2,0,0,78.4,8000
h_ham_2,hampi_ruins,2026-01-22,3,0,0,68.4,8000
h_ham_2,hampi_ruins,2026-01-23,4,0,0,83.5,8000
h_ham_2,hampi_ruins,2026-01-24,5,1,0,94.8,9600
h_ham_2,hampi_ruins,2026-01-25,6,1,0,94.3,9600
h_ham_2,hampi_ruins,2026-01-26,0,0,1,99.7,9600
h_ham_2,hampi_ruins,2026-01-27,1,0,0,86.9,9600
h_ham_2,hampi_ruins,2026-01-28,2,0,0,81.1,8000
h_ham_2,hampi_ruins,2026-01-29,3,0,0,70.0,8000
h_ham_2,hampi_ruins,2026-01-30,4,0,0,72.7,8000
h_ham_2,hampi_ruins,2026-01-31,5,1,0,85.8,9600
h_ham_2,hampi_ruins,2026-02-01,6,1,0,90.0,9600
h_ham_2,hampi_ruins,2026-02-02,0,0,0,74.3,8000
h_ham_2,hampi_ruins,2026-02-03,1,0,0,71.3,8000
h_ham_2,hampi_ruins,2026-02-04,2,0,0,76.6,8000
h_ham_2,hampi_ruins,2026-02-05,3,0,0,72.1,8000
h_ham_2,hampi_ruins,2026-02-06,4,0,0,84.6,8000
h_ham_2,hampi_ruins,2026-02-07,5,1,0,100.0,9600
h_ham_2,hampi_ruins,2026-02-08,6,1,0,87.9,9600
h_ham_2,hampi_ruins,2026-02-09,0,0,0,79.1,8000
h_ham_2,hampi_ruins,2026-02-10,1,0,0,86.8,9600
h_ham_2,hampi_ruins,2026-02-11,2,0,0,72.2,8000
h_ham_2,hampi_ruins,2026-02-12,3,0,0,69.5,8000
h_ham_2,hampi_ruins,2026-02-13,4,0,0,86.7,9600
h_ham_2,hampi_ruins,2026-02-14,5,1,0,98.3,9600
h_ham_2,hampi_ruins,2026-02-15,6,1,0,85.8,9600
h_ham_2,hampi_ruins,2026-02-16,0,0,0,77.5,8000
h_ham_2,hampi_ruins,2026-02-17,1,0,0,77.3,8000
h_ham_2,hampi_ruins,2026-02-18,2,0,0,85.2,9600
h_ham_2,hampi_ruins,2026-02-19,3,0,0,85.8,9600
h_ham_2,hampi_ruins,2026-02-20,4,0,0,77.4,8000
h_ham_2,hampi_ruins,2026-02-21,5,1,0,87.0,9600
h_ham_2,hampi_ruins,2026-02-22,6,1,0,93.3,9600
h_ham_2,hampi_ruins,2026-02-23,0,0,0,73.3,8000
h_ham_2,hampi_ruins,2026-02-24,1,0,0,70.6,8000
h_ham_2,hampi_ruins,2026-02-25,2,0,0,74.9,8000
h_ham_2,hampi_ruins,2026-02-26,3,0,0,82.1,8000
h_ham_2,hampi_ruins,2026-02-27,4,0,0,79.4,8000
h_ham_2,hampi_ruins,2026-02-28,5,1,0,86.1,9600
h_ham_2,hampi_ruins,2026-03-01,6,1,0,73.5,8000
h_ham_2,hampi_ruins,2026-03-02,0,0,0,55.7,8000
h_ham_2,hampi_ruins,2026-03-03,1,0,0,62.0,8000
h_ham_2,hampi_ruins,2026-03-04,2,0,0,66.0,8000
h_ham_2,hampi_ruins,2026-03-05,3,0,0,54.4,8000
h_ham_2,hampi_ruins,2026-03-06,4,0,0,68.1,8000
h_ham_2,hampi_ruins,2026-03-07,5,1,0,74.0,8000
h_ham_2,hampi_ruins,2026-03-08,6,1,1,94.4,9600
h_ham_2,hampi_ruins,2026-03-09,0,0,0,54.6,8000
h_ham_2,hampi_ruins,2026-03-10,1,0,0,53.9,8000
h_ham_2,hampi_ruins,2026-03-11,2,0,0,55.2,8000
h_ham_2,hampi_ruins,2026-03-12,3,0,0,51.5,8000
h_ham_2,hampi_ruins,2026-03-13,4,0,0,51.8,8000
h_ham_2,hampi_ruins,2026-03-14,5,1,0,66.4,8000
h_ham_2,hampi_ruins,2026-03-15,6,1,0,78.4,8000
h_ham_2,hampi_ruins,2026-03-16,0,0,0,50.3,8000
h_ham_2,hampi_ruins,2026-03-17,1,0,0,63.5,8000
h_ham_2,hampi_ruins,2026-03-18,2,0,0,52.4,8000
h_ham_2,hampi_ruins,2026-03-19,3,0,0,62.4,8000
h_ham_2,hampi_ruins,2026-03-20,4,0,0,59.3,8000
h_ham_2,hampi_ruins,2026-03-21,5,1,0,75.2,8000
h_ham_2,hampi_ruins,2026-03-22,6,1,0,66.6,8000
h_ham_2,hampi_ruins,2026-03-23,0,0,0,66.7,8000
h_ham_2,hampi_ruins,2026-03-24,1,0,0,65.6,8000
h_ham_2,hampi_ruins,2026-03-25,2,0,0,69.1,8000
h_ham_2,hampi_ruins,2026-03-26,3,0,0,53.7,8000
h_ham_2,hampi_ruins,2026-03-27,4,0,0,68.4,8000
h_ham_2,hampi_ruins,2026-03-28,5,1,0,68.9,8000
h_ham_2,hampi_ruins,2026-03-29,6,1,0,68.7,8000
h_ham_2,hampi_ruins,2026-03-30,0,0,0,59.4,8000
h_ham_2,hampi_ruins,2026-03-31,1,0,0,56.6,8000
h_ham_2,hampi_ruins,2026-04-01,2,0,0,46.2,8000
h_ham_2,hampi_ruins,2026-04-02,3,0,0,57.9,8000
h_ham_2,hampi_ruins,2026-04-03,4,0,0,42.9,8000
h_ham_2,hampi_ruins,2026-04-04,5,1,0,56.1,8000
h_ham_2,hampi_ruins,2026-04-05,6,1,0,59.4,8000
h_ham_2,hampi_ruins,2026-04-06,0,0,0,53.7,8000
h_ham_2,hampi_ruins,2026-04-07,1,0,0,49.1,8000
h_ham_2,hampi_ruins,2026-04-08,2,0,0,56.2,8000
h_ham_2,hampi_ruins,2026-04-09,3,0,0,52.9,8000
h_ham_2,hampi_ruins,2026-04-10,4,0,0,41.9,8000
h_ham_2,hampi_ruins,2026-04-11,5,1,0,57.1,8000
h_ham_2,hampi_ruins,2026-04-12,6,1,0,66.0,8000
h_ham_2,hampi_ruins,2026-04-13,0,0,0,47.1,8000
h_ham_2,hampi_ruins,2026-04-14,1,0,0,47.9,8000
h_ham_2,hampi_ruins,2026-04-15,2,0,0,38.3,6400
h_ham_2,hampi_ruins,2026-04-16,3,0,0,46.0,8000
h_ham_2,hampi_ruins,2026-04-17,4,0,0,55.9,8000
h_ham_2,hampi_ruins,2026-04-18,5,1,0,70.9,8000
h_ham_2,hampi_ruins,2026-04-19,6,1,0,63.4,8000
h_ham_2,hampi_ruins,2026-04-20,0,0,0,56.7,8000
h_ham_2,hampi_ruins,2026-04-21,1,0,0,44.6,8000
h_ham_2,hampi_ruins,2026-04-22,2,0,0,56.5,8000
h_ham_2,hampi_ruins,2026-04-23,3,0,0,40.0,8000
h_ham_2,hampi_ruins,2026-04-24,4,0,0,56.9,8000
h_ham_2,hampi_ruins,2026-04-25,5,1,0,60.3,8000
h_ham_2,hampi_ruins,2026-04-26,6,1,0,59.9,8000
h_ham_2,hampi_ruins,2026-04-27,0,0,0,52.2,8000
h_ham_2,hampi_ruins,2026-04-28,1,0,0,56.6,8000
h_ham_2,hampi_ruins,2026-04-29,2,0,0,49.9,8000
h_ham_2,hampi_ruins,2026-04-30,3,0,0,47.9,8000
h_ham_2,hampi_ruins,2026-05-01,4,0,0,45.0,8000
h_ham_2,hampi_ruins,2026-05-02,5,1,0,54.6,8000
h_ham_2,hampi_ruins,2026-05-03,6,1,0,70.0,8000
h_ham_2,hampi_ruins,2026-05-04,0,0,0,54.1,8000
h_ham_2,hampi_ruins,2026-05-05,1,0,0,42.8,8000
h_ham_2,hampi_ruins,2026-05-06,2,0,0,51.8,8000
h_ham_2,hampi_ruins,2026-05-07,3,0,0,45.5,8000
h_ham_2,hampi_ruins,2026-05-08,4,0,0,38.5,6400
h_ham_2,hampi_ruins,2026-05-09,5,1,0,72.8,8000
h_ham_2,hampi_ruins,2026-05-10,6,1,0,69.9,8000
h_ham_2,hampi_ruins,2026-05-11,0,0,0,45.2,8000
h_ham_2,hampi_ruins,2026-05-12,1,0,0,55.9,8000
h_ham_2,hampi_ruins,2026-05-13,2,0,0,41.9,8000
h_ham_2,hampi_ruins,2026-05-14,3,0,0,56.3,8000
h_ham_2,hampi_ruins,2026-05-15,4,0,0,57.8,8000
h_ham_2,hampi_ruins,2026-05-16,5,1,0,66.7,8000
h_ham_2,hampi_ruins,2026-05-17,6,1,0,69.6,8000
h_ham_2,hampi_ruins,2026-05-18,0,0,0,53.0,8000
h_ham_2,hampi_ruins,2026-05-19,1,0,0,54.6,8000
h_ham_2,hampi_ruins,2026-05-20,2,0,0,56.2,8000
h_ham_2,hampi_ruins,2026-05-21,3,0,0,52.1,8000
h_ham_2,hampi_ruins,2026-05-22,4,0,0,43.4,8000
h_ham_2,hampi_ruins,2026-05-23,5,1,0,66.2,8000
h_ham_2,hampi_ruins,2026-05-24,6,1,0,57.8,8000
h_ham_2,hampi_ruins,2026-05-25,0,0,0,44.6,8000
h_ham_2,hampi_ruins,2026-05-26,1,0,0,48.1,8000
h_ham_2,hampi_ruins,2026-05-27,2,0,0,46.2,8000
h_ham_2,hampi_ruins,2026-05-28,3,0,0,45.7,8000
h_ham_2,hampi_ruins,2026-05-29,4,0,0,41.9,8000
h_ham_2,hampi_ruins,2026-05-30,5,1,0,73.0,8000
h_ham_2,hampi_ruins,2026-05-31,6,1,0,55.6,8000
h_ham_2,hampi_ruins,2026-06-01,0,0,0,43.0,8000
h_ham_2,hampi_ruins,2026-06-02,1,0,0,51.7,8000
h_ham_2,hampi_ruins,2026-06-03,2,0,0,49.2,8000
h_ham_2,hampi_ruins,2026-06-04,3,0,0,51.4,8000
h_ham_2,hampi_ruins,2026-06-05,4,0,0,39.9,6400
h_ham_2,hampi_ruins,2026-06-06,5,1,0,59.3,8000
h_ham_2,hampi_ruins,2026-06-07,6,1,0,57.1,8000
h_ham_2,hampi_ruins,2026-06-08,0,0,0,57.9,8000
h_ham_2,hampi_ruins,2026-06-09,1,0,0,49.1,8000
h_ham_2,hampi_ruins,2026-06-10,2,0,0,38.7,6400
h_ham_2,hampi_ruins,2026-06-11,3,0,0,52.7,8000
h_ham_2,hampi_ruins,2026-06-12,4,0,0,57.1,8000
h_ham_2,hampi_ruins,2026-06-13,5,1,0,57.8,8000
h_ham_2,hampi_ruins,2026-06-14,6,1,0,57.9,8000
h_ham_2,hampi_ruins,2026-06-15,0,0,0,38.1,6400
h_ham_2,hampi_ruins,2026-06-16,1,0,0,54.9,8000
h_ham_2,hampi_ruins,2026-06-17,2,0,0,44.1,8000
h_ham_2,hampi_ruins,2026-06-18,3,0,0,44.5,8000
h_ham_2,hampi_ruins,2026-06-19,4,0,0,38.4,6400
h_ham_2,hampi_ruins,2026-06-20,5,1,0,57.7,8000
h_ham_2,hampi_ruins,2026-06-21,6,1,0,70.0,8000
h_ham_2,hampi_ruins,2026-06-22,0,0,0,45.0,8000
h_ham_2,hampi_ruins,2026-06-23,1,0,0,40.6,8000
h_ham_2,hampi_ruins,2026-06-24,2,0,0,46.5,8000
h_ham_2,hampi_ruins,2026-06-25,3,0,0,52.9,8000
h_ham_2,hampi_ruins,2026-06-26,4,0,0,42.0,8000
h_ham_2,hampi_ruins,2026-06-27,5,1,0,53.3,8000
h_ham_2,hampi_ruins,2026-06-28,6,1,0,67.7,8000
h_ham_2,hampi_ruins,2026-06-29,0,0,0,46.2,8000
h_ham_2,hampi_ruins,2026-06-30,1,0,0,50.9,8000
h_ham_2,hampi_ruins,2026-07-01,2,0,0,41.2,8000
h_ham_2,hampi_ruins,2026-07-02,3,0,0,40.4,8000
h_ham_2,hampi_ruins,2026-07-03,4,0,0,47.1,8000
h_ham_2,hampi_ruins,2026-07-04,5,1,0,62.7,8000
h_ham_2,hampi_ruins,2026-07-05,6,1,0,65.2,8000
h_ham_2,hampi_ruins,2026-07-06,0,0,0,53.2,8000
h_ham_2,hampi_ruins,2026-07-07,1,0,0,41.6,8000
h_ham_2,hampi_ruins,2026-07-08,2,0,0,56.3,8000
h_ham_2,hampi_ruins,2026-07-09,3,0,0,57.7,8000
h_ham_2,hampi_ruins,2026-07-10,4,0,0,41.8,8000
h_ham_2,hampi_ruins,2026-07-11,5,1,0,60.5,8000
h_ham_2,hampi_ruins,2026-07-12,6,1,0,72.3,8000
h_ham_2,hampi_ruins,2026-07-13,0,0,0,39.2,6400
h_ham_2,hampi_ruins,2026-07-14,1,0,0,41.8,8000
h_ham_2,hampi_ruins,2026-07-15,2,0,0,54.4,8000
h_ham_2,hampi_ruins,2026-07-16,3,0,0,55.2,8000
h_ham_2,hampi_ruins,2026-07-17,4,0,0,39.7,6400
h_ham_2,hampi_ruins,2026-07-18,5,1,0,66.4,8000
h_ham_2,hampi_ruins,2026-07-19,6,1,0,62.8,8000
h_ham_2,hampi_ruins,2026-07-20,0,0,0,48.0,8000
h_ham_2,hampi_ruins,2026-07-21,1,0,0,45.3,8000
h_ham_2,hampi_ruins,2026-07-22,2,0,0,52.2,8000
h_ham_2,hampi_ruins,2026-07-23,3,0,0,49.0,8000
h_ham_2,hampi_ruins,2026-07-24,4,0,0,40.4,8000
h_ham_2,hampi_ruins,2026-07-25,5,1,0,61.9,8000
h_ham_2,hampi_ruins,2026-07-26,6,1,0,58.1,8000
h_ham_2,hampi_ruins,2026-07-27,0,0,0,53.2,8000
h_ham_2,hampi_ruins,2026-07-28,1,0,0,52.3,8000
h_ham_2,hampi_ruins,2026-07-29,2,0,0,38.4,6400
h_ham_2,hampi_ruins,2026-07-30,3,0,0,53.9,8000
h_ham_2,hampi_ruins,2026-07-31,4,0,0,39.3,6400
h_ham_2,hampi_ruins,2026-08-01,5,1,0,72.8,8000
h_ham_2,hampi_ruins,2026-08-02,6,1,0,71.9,8000
h_ham_2,hampi_ruins,2026-08-03,0,0,0,53.6,8000
h_ham_2,hampi_ruins,2026-08-04,1,0,0,67.6,8000
h_ham_2,hampi_ruins,2026-08-05,2,0,0,53.6,8000
h_ham_2,hampi_ruins,2026-08-06,3,0,0,67.1,8000
h_ham_2,hampi_ruins,2026-08-07,4,0,0,59.2,8000
h_ham_2,hampi_ruins,2026-08-08,5,1,0,74.5,8000
h_ham_2,hampi_ruins,2026-08-09,6,1,0,73.8,8000
h_ham_2,hampi_ruins,2026-08-10,0,0,0,62.1,8000
h_ham_2,hampi_ruins,2026-08-11,1,0,0,68.8,8000
h_ham_2,hampi_ruins,2026-08-12,2,0,0,54.6,8000
h_ham_2,hampi_ruins,2026-08-13,3,0,0,53.8,8000
h_ham_2,hampi_ruins,2026-08-14,4,0,0,69.6,8000
h_ham_2,hampi_ruins,2026-08-15,5,1,1,93.3,9600
h_ham_2,hampi_ruins,2026-08-16,6,1,0,67.8,8000
h_ham_2,hampi_ruins,2026-08-17,0,0,0,69.4,8000
h_ham_2,hampi_ruins,2026-08-18,1,0,0,59.0,8000
h_ham_2,hampi_ruins,2026-08-19,2,0,0,66.8,8000
h_ham_2,hampi_ruins,2026-08-20,3,0,0,63.6,8000
h_ham_2,hampi_ruins,2026-08-21,4,0,0,67.3,8000
h_ham_2,hampi_ruins,2026-08-22,5,1,0,68.4,8000
h_ham_2,hampi_ruins,2026-08-23,6,1,0,78.5,8000
h_ham_2,hampi_ruins,2026-08-24,0,0,0,53.1,8000
h_ham_2,hampi_ruins,2026-08-25,1,0,0,66.6,8000
h_ham_2,hampi_ruins,2026-08-26,2,0,0,51.3,8000
h_ham_2,hampi_ruins,2026-08-27,3,0,0,51.4,8000
h_ham_2,hampi_ruins,2026-08-28,4,0,0,55.0,8000
h_ham_2,hampi_ruins,2026-08-29,5,1,0,67.7,8000
h_ham_2,hampi_ruins,2026-08-30,6,1,0,79.2,8000
h_ham_2,hampi_ruins,2026-08-31,0,0,0,51.9,8000
h_ham_2,hampi_ruins,2026-09-01,1,0,0,63.1,8000
h_ham_2,hampi_ruins,2026-09-02,2,0,0,50.1,8000
h_ham_2,hampi_ruins,2026-09-03,3,0,0,68.2,8000
h_man_1,manali,2025-09-04,3,0,0,69.9,15000
h_man_1,manali,2025-09-05,4,0,0,63.0,15000
h_man_1,manali,2025-09-06,5,1,0,86.0,18000
h_man_1,manali,2025-09-07,6,1,0,80.0,15000
h_man_1,manali,2025-09-08,0,0,0,66.7,15000
h_man_1,manali,2025-09-09,1,0,0,61.5,15000
h_man_1,manali,2025-09-10,2,0,0,68.4,15000
h_man_1,manali,2025-09-11,3,0,0,71.4,15000
h_man_1,manali,2025-09-12,4,0,0,59.3,15000
h_man_1,manali,2025-09-13,5,1,0,79.7,15000
h_man_1,manali,2025-09-14,6,1,0,74.5,15000
h_man_1,manali,2025-09-15,0,0,0,69.8,15000
h_man_1,manali,2025-09-16,1,0,0,73.4,15000
h_man_1,manali,2025-09-17,2,0,0,63.6,15000
h_man_1,manali,2025-09-18,3,0,0,69.1,15000
h_man_1,manali,2025-09-19,4,0,0,57.3,15000
h_man_1,manali,2025-09-20,5,1,0,76.4,15000
h_man_1,manali,2025-09-21,6,1,0,84.2,15000
h_man_1,manali,2025-09-22,0,0,0,69.5,15000
h_man_1,manali,2025-09-23,1,0,0,70.2,15000
h_man_1,manali,2025-09-24,2,0,0,62.4,15000
h_man_1,manali,2025-09-25,3,0,0,74.6,15000
h_man_1,manali,2025-09-26,4,0,0,73.3,15000
h_man_1,manali,2025-09-27,5,1,0,71.4,15000
h_man_1,manali,2025-09-28,6,1,0,84.3,15000
h_man_1,manali,2025-09-29,0,0,0,61.9,15000
h_man_1,manali,2025-09-30,1,0,0,70.9,15000
h_man_1,manali,2025-10-01,2,0,0,71.0,15000
h_man_1,manali,2025-10-02,3,0,1,94.5,18000
h_man_1,manali,2025-10-03,4,0,0,66.3,15000
h_man_1,manali,2025-10-04,5,1,0,89.7,18000
h_man_1,manali,2025-10-05,6,1,0,89.7,18000
h_man_1,manali,2025-10-06,0,0,0,64.5,15000
h_man_1,manali,2025-10-07,1,0,0,62.0,15000
h_man_1,manali,2025-10-08,2,0,0,67.1,15000
h_man_1,manali,2025-10-09,3,0,0,72.9,15000
h_man_1,manali,2025-10-10,4,0,0,68.2,15000
h_man_1,manali,2025-10-11,5,1,0,75.4,15000
h_man_1,manali,2025-10-12,6,1,0,80.4,15000
h_man_1,manali,2025-10-13,0,0,0,75.0,15000
h_man_1,manali,2025-10-14,1,0,0,64.8,15000
h_man_1,manali,2025-10-15,2,0,0,61.3,15000
h_man_1,manali,2025-10-16,3,0,0,59.0,15000
h_man_1,manali,2025-10-17,4,0,0,72.6,15000
h_man_1,manali,2025-10-18,5,1,0,76.9,15000
h_man_1,manali,2025-10-19,6,1,0,76.1,15000
h_man_1,manali,2025-10-20,0,0,0,57.9,15000
h_man_1,manali,2025-10-21,1,0,0,63.0,15000
h_man_1,manali,2025-10-22,2,0,0,60.1,15000
h_man_1,manali,2025-10-23,3,0,0,65.2,15000
h_man_1,manali,2025-10-24,4,0,1,86.5,18000
h_man_1,manali,2025-10-25,5,1,0,70.1,15000
h_man_1,manali,2025-10-26,6,1,0,72.8,15000
h_man_1,manali,2025-10-27,0,0,0,65.9,15000
h_man_1,manali,2025-10-28,1,0,0,56.5,15000
h_man_1,manali,2025-10-29,2,0,0,70.7,15000
h_man_1,manali,2025-10-30,3,0,0,63.6,15000
h_man_1,manali,2025-10-31,4,0,0,55.4,15000
h_man_1,manali,2025-11-01,5,1,0,99.3,18000
h_man_1,manali,2025-11-02,6,1,0,97.3,18000
h_man_1,manali,2025-11-03,0,0,0,87.1,18000
h_man_1,manali,2025-11-04,1,0,0,84.0,15000
h_man_1,manali,2025-11-05,2,0,0,77.1,15000
h_man_1,manali,2025-11-06,3,0,0,93.1,18000
h_man_1,manali,2025-11-07,4,0,0,84.6,15000
h_man_1,manali,2025-11-08,5,1,0,95.5,18000
h_man_1,manali,2025-11-09,6,1,0,100.0,18000
h_man_1,manali,2025-11-10,0,0,0,87.0,18000
h_man_1,manali,2025-11-11,1,0,0,86.5,18000
h_man_1,manali,2025-11-12,2,0,1,100.0,18000
h_man_1,manali,2025-11-13,3,0,0,77.2,15000
h_man_1,manali,2025-11-14,4,0,0,83.4,15000
h_man_1,manali,2025-11-15,5,1,0,93.7,18000
h_man_1,manali,2025-11-16,6,1,0,100.0,18000
h_man_1,manali,2025-11-17,0,0,0,89.3,18000
h_man_1,manali,2025-11-18,1,0,0,89.7,18000
h_man_1,manali,2025-11-19,2,0,0,77.7,15000
h_man_1,manali,2025-11-20,3,0,0,77.0,15000
h_man_1,manali,2025-11-21,4,0,0,80.0,15000
h_man_1,manali,2025-11-22,5,1,0,100.0,18000
h_man_1,manali,2025-11-23,6,1,0,100.0,18000
h_man_1,manali,2025-11-24,0,0,0,80.6,15000
h_man_1,manali,2025-11-25,1,0,0,91.7,18000
h_man_1,manali,2025-11-26,2,0,0,88.2,18000
h_man_1,manali,2025-11-27,3,0,0,83.6,15000
h_man_1,manali,2025-11-28,4,0,0,83.9,15000
h_man_1,manali,2025-11-29,5,1,0,100.0,18000
h_man_1,manali,2025-11-30,6,1,0,93.7,18000
h_man_1,manali,2025-12-01,0,0,0,88.5,18000
h_man_1,manali,2025-12-02,1,0,0,85.0,18000
h_man_1,manali,2025-12-03,2,0,0,86.2,18000
h_man_1,manali,2025-12-04,3,0,0,92.7,18000
h_man_1,manali,2025-12-05,4,0,0,77.2,15000
h_man_1,manali,2025-12-06,5,1,0,97.0,18000
h_man_1,manali,2025-12-07,6,1,0,100.0,18000
h_man_1,manali,2025-12-08,0,0,0,75.4,15000
h_man_1,manali,2025-12-09,1,0,0,82.4,15000
h_man_1,manali,2025-12-10,2,0,0,83.0,15000
h_man_1,manali,2025-12-11,3,0,0,84.3,15000
h_man_1,manali,2025-12-12,4,0,0,81.0,15000
h_man_1,manali,2025-12-13,5,1,0,100.0,18000
h_man_1,manali,2025-12-14,6,1,0,89.9,18000
h_man_1,manali,2025-12-15,0,0,0,80.8,15000
h_man_1,manali,2025-12-16,1,0,0,77.3,15000
h_man_1,manali,2025-12-17,2,0,0,92.0,18000
h_man_1,manali,2025-12-18,3,0,0,87.8,18000
h_man_1,manali,2025-12-19,4,0,0,92.3,18000
h_man_1,manali,2025-12-20,5,1,0,92.6,18000
h_man_1,manali,2025-12-21,6,1,0,95.2,18000
h_man_1,manali,2025-12-22,0,0,0,79.8,15000
h_man_1,manali,2025-12-23,1,0,0,87.8,18000
h_man_1,manali,2025-12-24,2,0,0,81.6,15000
h_man_1,manali,2025-12-25,3,0,1,100.0,18000
h_man_1,manali,2025-12-26,4,0,0,78.2,15000
h_man_1,manali,2025-12-27,5,1,0,92.2,18000
h_man_1,manali,2025-12-28,6,1,0,98.7,18000
h_man_1,manali,2025-12-29,0,0,0,92.1,18000
h_man_1,manali,2025-12-30,1,0,0,91.8,18000
h_man_1,manali,2025-12-31,2,0,1,100.0,18000
h_man_1,manali,2026-01-01,3,0,1,100.0,18000
h_man_1,manali,2026-01-02,4,0,0,93.7,18000
h_man_1,manali,2026-01-03,5,1,0,90.9,18000
h_man_1,manali,2026-01-04,6,1,0,92.3,18000
h_man_1,manali,2026-01-05,0,0,0,82.0,15000
h_man_1,manali,2026-01-06,1,0,0,78.7,15000
h_man_1,manali,2026-01-07,2,0,0,88.8,18000
h_man_1,manali,2026-01-08,3,0,0,79.6,15000
h_man_1,manali,2026-01-09,4,0,0,75.5,15000
h_man_1,manali,2026-01-10,5,1,0,100.0,18000
h_man_1,manali,2026-01-11,6,1,0,100.0,18000
h_man_1,manali,2026-01-12,0,0,0,87.5,18000
h_man_1,manali,2026-01-13,1,0,0,75.8,15000
h_man_1,manali,2026-01-14,2,0,0,80.4,15000
h_man_1,manali,2026-01-15,3,0,0,77.7,15000
h_man_1,manali,2026-01-16,4,0,0,94.3,18000
h_man_1,manali,2026-01-17,5,1,0,91.5,18000
h_man_1,manali,2026-01-18,6,1,0,100.0,18000
h_man_1,manali,2026-01-19,0,0,0,94.5,18000
h_man_1,manali,2026-01-20,1,0,0,89.1,18000
h_man_1,manali,2026-01-21,2,0,0,89.2,18000
h_man_1,manali,2026-01-22,3,0,0,87.8,18000
h_man_1,manali,2026-01-23,4,0,0,89.0,18000
h_man_1,manali,2026-01-24,5,1,0,99.0,18000
h_man_1,manali,2026-01-25,6,1,0,91.1,18000
h_man_1,manali,2026-01-26,0,0,1,100.0,18000
h_man_1,manali,2026-01-27,1,0,0,85.4,18000
h_man_1,manali,2026-01-28,2,0,0,92.4,18000
h_man_1,manali,2026-01-29,3,0,0,80.5,15000
h_man_1,manali,2026-01-30,4,0,0,76.1,15000
h_man_1,manali,2026-01-31,5,1,0,100.0,18000
h_man_1,manali,2026-02-01,6,1,0,98.8,18000
h_man_1,manali,2026-02-02,0,0,0,82.5,15000
h_man_1,manali,2026-02-03,1,0,0,74.5,15000
h_man_1,manali,2026-02-04,2,0,0,93.2,18000
h_man_1,manali,2026-02-05,3,0,0,75.4,15000
h_man_1,manali,2026-02-06,4,0,0,87.3,18000
h_man_1,manali,2026-02-07,5,1,0,90.5,18000
h_man_1,manali,2026-02-08,6,1,0,91.6,18000
h_man_1,manali,2026-02-09,0,0,0,81.4,15000
h_man_1,manali,2026-02-10,1,0,0,93.8,18000
h_man_1,manali,2026-02-11,2,0,0,80.8,15000
h_man_1,manali,2026-02-12,3,0,0,75.3,15000
h_man_1,manali,2026-02-13,4,0,0,77.5,15000
h_man_1,manali,2026-02-14,5,1,0,93.2,18000
h_man_1,manali,2026-02-15,6,1,0,99.4,18000
h_man_1,manali,2026-02-16,0,0,0,82.5,15000
h_man_1,manali,2026-02-17,1,0,0,86.5,18000
h_man_1,manali,2026-02-18,2,0,0,75.2,15000
h_man_1,manali,2026-02-19,3,0,0,83.8,15000
h_man_1,manali,2026-02-20,4,0,0,86.1,18000
h_man_1,manali,2026-02-21,5,1,0,89.8,18000
h_man_1,manali,2026-02-22,6,1,0,97.9,18000
h_man_1,manali,2026-02-23,0,0,0,85.4,18000
h_man_1,manali,2026-02-24,1,0,0,82.7,15000
h_man_1,manali,2026-02-25,2,0,0,76.6,15000
h_man_1,manali,2026-02-26,3,0,0,74.6,15000
h_man_1,manali,2026-02-27,4,0,0,85.5,18000
h_man_1,manali,2026-02-28,5,1,0,92.5,18000
h_man_1,manali,2026-03-01,6,1,0,88.0,18000
h_man_1,manali,2026-03-02,0,0,0,70.9,15000
h_man_1,manali,2026-03-03,1,0,0,67.1,15000
h_man_1,manali,2026-03-04,2,0,0,73.3,15000
h_man_1,manali,2026-03-05,3,0,0,67.9,15000
h_man_1,manali,2026-03-06,4,0,0,74.0,15000
h_man_1,manali,2026-03-07,5,1,0,71.5,15000
h_man_1,manali,2026-03-08,6,1,1,100.0,18000
h_man_1,manali,2026-03-09,0,0,0,57.8,15000
h_man_1,manali,2026-03-10,1,0,0,72.2,15000
h_man_1,manali,2026-03-11,2,0,0,65.7,15000
h_man_1,manali,2026-03-12,3,0,0,60.2,15000
h_man_1,manali,2026-03-13,4,0,0,55.3,15000
h_man_1,manali,2026-03-14,5,1,0,87.9,18000
h_man_1,manali,2026-03-15,6,1,0,78.1,15000
h_man_1,manali,2026-03-16,0,0,0,59.2,15000
h_man_1,manali,2026-03-17,1,0,0,66.4,15000
h_man_1,manali,2026-03-18,2,0,0,67.2,15000
h_man_1,manali,2026-03-19,3,0,0,72.7,15000
h_man_1,manali,2026-03-20,4,0,0,65.4,15000
h_man_1,manali,2026-03-21,5,1,0,75.8,15000
h_man_1,manali,2026-03-22,6,1,0,83.9,15000
h_man_1,manali,2026-03-23,0,0,0,65.6,15000
h_man_1,manali,2026-03-24,1,0,0,61.0,15000
h_man_1,manali,2026-03-25,2,0,0,67.1,15000
h_man_1,manali,2026-03-26,3,0,0,73.9,15000
h_man_1,manali,2026-03-27,4,0,0,57.0,15000
h_man_1,manali,2026-03-28,5,1,0,86.9,18000
h_man_1,manali,2026-03-29,6,1,0,79.4,15000
h_man_1,manali,2026-03-30,0,0,0,64.8,15000
h_man_1,manali,2026-03-31,1,0,0,69.0,15000
h_man_1,manali,2026-04-01,2,0,0,56.9,15000
h_man_1,manali,2026-04-02,3,0,0,47.9,15000
h_man_1,manali,2026-04-03,4,0,0,58.8,15000
h_man_1,manali,2026-04-04,5,1,0,64.3,15000
h_man_1,manali,2026-04-05,6,1,0,57.5,15000
h_man_1,manali,2026-04-06,0,0,0,52.7,15000
h_man_1,manali,2026-04-07,1,0,0,56.5,15000
h_man_1,manali,2026-04-08,2,0,0,48.1,15000
h_man_1,manali,2026-04-09,3,0,0,60.9,15000
h_man_1,manali,2026-04-10,4,0,0,53.6,15000
h_man_1,manali,2026-04-11,5,1,0,63.0,15000
h_man_1,manali,2026-04-12,6,1,0,72.8,15000
h_man_1,manali,2026-04-13,0,0,0,61.0,15000
h_man_1,manali,2026-04-14,1,0,0,55.7,15000
h_man_1,manali,2026-04-15,2,0,0,46.3,15000
h_man_1,manali,2026-04-16,3,0,0,44.5,15000
h_man_1,manali,2026-04-17,4,0,0,46.9,15000
h_man_1,manali,2026-04-18,5,1,0,75.2,15000
h_man_1,manali,2026-04-19,6,1,0,62.5,15000
h_man_1,manali,2026-04-20,0,0,0,60.4,15000
h_man_1,manali,2026-04-21,1,0,0,57.1,15000
h_man_1,manali,2026-04-22,2,0,0,58.0,15000
h_man_1,manali,2026-04-23,3,0,0,52.2,15000
h_man_1,manali,2026-04-24,4,0,0,47.7,15000
h_man_1,manali,2026-04-25,5,1,0,64.9,15000
h_man_1,manali,2026-04-26,6,1,0,68.2,15000
h_man_1,manali,2026-04-27,0,0,0,53.8,15000
h_man_1,manali,2026-04-28,1,0,0,44.2,15000
h_man_1,manali,2026-04-29,2,0,0,56.0,15000
h_man_1,manali,2026-04-30,3,0,0,53.4,15000
h_man_1,manali,2026-05-01,4,0,0,60.1,15000
h_man_1,manali,2026-05-02,5,1,0,59.2,15000
h_man_1,manali,2026-05-03,6,1,0,67.8,15000
h_man_1,manali,2026-05-04,0,0,0,57.3,15000
h_man_1,manali,2026-05-05,1,0,0,56.6,15000
h_man_1,manali,2026-05-06,2,0,0,48.4,15000
h_man_1,manali,2026-05-07,3,0,0,59.0,15000
h_man_1,manali,2026-05-08,4,0,0,56.6,15000
h_man_1,manali,2026-05-09,5,1,0,70.0,15000
h_man_1,manali,2026-05-10,6,1,0,64.4,15000
h_man_1,manali,2026-05-11,0,0,0,53.4,15000
h_man_1,manali,2026-05-12,1,0,0,43.9,15000
h_man_1,manali,2026-05-13,2,0,0,59.6,15000
h_man_1,manali,2026-05-14,3,0,0,49.2,15000
h_man_1,manali,2026-05-15,4,0,0,50.6,15000
h_man_1,manali,2026-05-16,5,1,0,62.4,15000
h_man_1,manali,2026-05-17,6,1,0,73.6,15000
h_man_1,manali,2026-05-18,0,0,0,53.6,15000
h_man_1,manali,2026-05-19,1,0,0,42.8,15000
h_man_1,manali,2026-05-20,2,0,0,60.5,15000
h_man_1,manali,2026-05-21,3,0,0,56.3,15000
h_man_1,manali,2026-05-22,4,0,0,45.6,15000
h_man_1,manali,2026-05-23,5,1,0,69.5,15000
h_man_1,manali,2026-05-24,6,1,0,63.1,15000
h_man_1,manali,2026-05-25,0,0,0,53.2,15000
h_man_1,manali,2026-05-26,1,0,0,46.5,15000
h_man_1,manali,2026-05-27,2,0,0,61.6,15000
h_man_1,manali,2026-05-28,3,0,0,48.8,15000
h_man_1,manali,2026-05-29,4,0,0,56.6,15000
h_man_1,manali,2026-05-30,5,1,0,57.9,15000
h_man_1,manali,2026-05-31,6,1,0,69.0,15000
h_man_1,manali,2026-06-01,0,0,0,42.2,15000
h_man_1,manali,2026-06-02,1,0,0,43.8,15000
h_man_1,manali,2026-06-03,2,0,0,51.8,15000
h_man_1,manali,2026-06-04,3,0,0,49.0,15000
h_man_1,manali,2026-06-05,4,0,0,54.7,15000
h_man_1,manali,2026-06-06,5,1,0,70.7,15000
h_man_1,manali,2026-06-07,6,1,0,71.0,15000
h_man_1,manali,2026-06-08,0,0,0,44.8,15000
h_man_1,manali,2026-06-09,1,0,0,57.4,15000
h_man_1,manali,2026-06-10,2,0,0,47.3,15000
h_man_1,manali,2026-06-11,3,0,0,61.6,15000
h_man_1,manali,2026-06-12,4,0,0,46.8,15000
h_man_1,manali,2026-06-13,5,1,0,58.0,15000
h_man_1,manali,2026-06-14,6,1,0,58.2,15000
h_man_1,manali,2026-06-15,0,0,0,45.9,15000
h_man_1,manali,2026-06-16,1,0,0,60.0,15000
h_man_1,manali,2026-06-17,2,0,0,46.2,15000
h_man_1,manali,2026-06-18,3,0,0,50.3,15000
h_man_1,manali,2026-06-19,4,0,0,57.5,15000
h_man_1,manali,2026-06-20,5,1,0,63.1,15000
h_man_1,manali,2026-06-21,6,1,0,76.5,15000
h_man_1,manali,2026-06-22,0,0,0,56.3,15000
h_man_1,manali,2026-06-23,1,0,0,61.4,15000
h_man_1,manali,2026-06-24,2,0,0,52.4,15000
h_man_1,manali,2026-06-25,3,0,0,42.8,15000
h_man_1,manali,2026-06-26,4,0,0,48.6,15000
h_man_1,manali,2026-06-27,5,1,0,70.2,15000
h_man_1,manali,2026-06-28,6,1,0,57.7,15000
h_man_1,manali,2026-06-29,0,0,0,46.5,15000
h_man_1,manali,2026-06-30,1,0,0,46.2,15000
h_man_1,manali,2026-07-01,2,0,0,55.3,15000
h_man_1,manali,2026-07-02,3,0,0,59.7,15000
h_man_1,manali,2026-07-03,4,0,0,60.2,15000
h_man_1,manali,2026-07-04,5,1,0,67.3,15000
h_man_1,manali,2026-07-05,6,1,0,59.7,15000
h_man_1,manali,2026-07-06,0,0,0,61.9,15000
h_man_1,manali,2026-07-07,1,0,0,47.3,15000
h_man_1,manali,2026-07-08,2,0,0,47.4,15000
h_man_1,manali,2026-07-09,3,0,0,44.2,15000
h_man_1,manali,2026-07-10,4,0,0,48.1,15000
h_man_1,manali,2026-07-11,5,1,0,61.2,15000
h_man_1,manali,2026-07-12,6,1,0,72.6,15000
h_man_1,manali,2026-07-13,0,0,0,51.8,15000
h_man_1,manali,2026-07-14,1,0,0,52.9,15000
h_man_1,manali,2026-07-15,2,0,0,46.3,15000
h_man_1,manali,2026-07-16,3,0,0,55.0,15000
h_man_1,manali,2026-07-17,4,0,0,47.8,15000
h_man_1,manali,2026-07-18,5,1,0,61.8,15000
h_man_1,manali,2026-07-19,6,1,0,68.3,15000
h_man_1,manali,2026-07-20,0,0,0,54.3,15000
h_man_1,manali,2026-07-21,1,0,0,54.2,15000
h_man_1,manali,2026-07-22,2,0,0,54.9,15000
h_man_1,manali,2026-07-23,3,0,0,45.1,15000
h_man_1,manali,2026-07-24,4,0,0,56.8,15000
h_man_1,manali,2026-07-25,5,1,0,62.7,15000
h_man_1,manali,2026-07-26,6,1,0,74.6,15000
h_man_1,manali,2026-07-27,0,0,0,59.3,15000
h_man_1,manali,2026-07-28,1,0,0,48.3,15000
h_man_1,manali,2026-07-29,2,0,0,52.3,15000
h_man_1,manali,2026-07-30,3,0,0,42.7,15000
h_man_1,manali,2026-07-31,4,0,0,59.3,15000
h_man_1,manali,2026-08-01,5,1,0,78.9,15000
h_man_1,manali,2026-08-02,6,1,0,85.5,18000
h_man_1,manali,2026-08-03,0,0,0,71.8,15000
h_man_1,manali,2026-08-04,1,0,0,64.1,15000
h_man_1,manali,2026-08-05,2,0,0,67.8,15000
h_man_1,manali,2026-08-06,3,0,0,68.7,15000
h_man_1,manali,2026-08-07,4,0,0,57.8,15000
h_man_1,manali,2026-08-08,5,1,0,72.1,15000
h_man_1,manali,2026-08-09,6,1,0,80.4,15000
h_man_1,manali,2026-08-10,0,0,0,56.0,15000
h_man_1,manali,2026-08-11,1,0,0,57.1,15000
h_man_1,manali,2026-08-12,2,0,0,70.1,15000
h_man_1,manali,2026-08-13,3,0,0,63.4,15000
h_man_1,manali,2026-08-14,4,0,0,63.3,15000
h_man_1,manali,2026-08-15,5,1,1,97.8,18000
h_man_1,manali,2026-08-16,6,1,0,78.1,15000
h_man_1,manali,2026-08-17,0,0,0,74.9,15000
h_man_1,manali,2026-08-18,1,0,0,59.3,15000
h_man_1,manali,2026-08-19,2,0,0,62.1,15000
h_man_1,manali,2026-08-20,3,0,0,61.5,15000
h_man_1,manali,2026-08-21,4,0,0,57.6,15000
h_man_1,manali,2026-08-22,5,1,0,84.8,15000
h_man_1,manali,2026-08-23,6,1,0,76.7,15000
h_man_1,manali,2026-08-24,0,0,0,59.4,15000
h_man_1,manali,2026-08-25,1,0,0,73.6,15000
h_man_1,manali,2026-08-26,2,0,0,56.1,15000
h_man_1,manali,2026-08-27,3,0,0,58.7,15000
h_man_1,manali,2026-08-28,4,0,0,62.5,15000
h_man_1,manali,2026-08-29,5,1,0,83.6,15000
h_man_1,manali,2026-08-30,6,1,0,84.7,15000
h_man_1,manali,2026-08-31,0,0,0,68.3,15000
h_man_1,manali,2026-09-01,1,0,0,73.4,15000
h_man_1,manali,2026-09-02,2,0,0,64.3,15000
h_man_1,manali,2026-09-03,3,0,0,72.5,15000
h_man_2,manali,2025-09-04,3,0,0,57.8,1000
h_man_2,manali,2025-09-05,4,0,0,46.4,1000
h_man_2,manali,2025-09-06,5,1,0,77.6,1000
h_man_2,manali,2025-09-07,6,1,0,79.5,1000
h_man_2,manali,2025-09-08,0,0,0,47.3,1000
h_man_2,manali,2025-09-09,1,0,0,64.4,1000
h_man_2,manali,2025-09-10,2,0,0,51.4,1000
h_man_2,manali,2025-09-11,3,0,0,61.8,1000
h_man_2,manali,2025-09-12,4,0,0,46.9,1000
h_man_2,manali,2025-09-13,5,1,0,70.9,1000
h_man_2,manali,2025-09-14,6,1,0,63.6,1000
h_man_2,manali,2025-09-15,0,0,0,61.5,1000
h_man_2,manali,2025-09-16,1,0,0,55.5,1000
h_man_2,manali,2025-09-17,2,0,0,60.1,1000
h_man_2,manali,2025-09-18,3,0,0,47.2,1000
h_man_2,manali,2025-09-19,4,0,0,57.1,1000
h_man_2,manali,2025-09-20,5,1,0,68.4,1000
h_man_2,manali,2025-09-21,6,1,0,67.4,1000
h_man_2,manali,2025-09-22,0,0,0,51.3,1000
h_man_2,manali,2025-09-23,1,0,0,54.7,1000
h_man_2,manali,2025-09-24,2,0,0,48.3,1000
h_man_2,manali,2025-09-25,3,0,0,50.4,1000
h_man_2,manali,2025-09-26,4,0,0,58.2,1000
h_man_2,manali,2025-09-27,5,1,0,68.4,1000
h_man_2,manali,2025-09-28,6,1,0,64.5,1000
h_man_2,manali,2025-09-29,0,0,0,62.7,1000
h_man_2,manali,2025-09-30,1,0,0,48.4,1000
h_man_2,manali,2025-10-01,2,0,0,47.3,1000
h_man_2,manali,2025-10-02,3,0,1,76.3,1000
h_man_2,manali,2025-10-03,4,0,0,59.5,1000
h_man_2,manali,2025-10-04,5,1,0,70.2,1000
h_man_2,manali,2025-10-05,6,1,0,71.6,1000
h_man_2,manali,2025-10-06,0,0,0,63.9,1000
h_man_2,manali,2025-10-07,1,0,0,47.9,1000
h_man_2,manali,2025-10-08,2,0,0,55.9,1000
h_man_2,manali,2025-10-09,3,0,0,61.9,1000
h_man_2,manali,2025-10-10,4,0,0,47.3,1000
h_man_2,manali,2025-10-11,5,1,0,60.6,1000
h_man_2,manali,2025-10-12,6,1,0,79.1,1000
h_man_2,manali,2025-10-13,0,0,0,53.7,1000
h_man_2,manali,2025-10-14,1,0,0,47.3,1000
h_man_2,manali,2025-10-15,2,0,0,45.7,1000
h_man_2,manali,2025-10-16,3,0,0,48.6,1000
h_man_2,manali,2025-10-17,4,0,0,59.1,1000
h_man_2,manali,2025-10-18,5,1,0,77.8,1000
h_man_2,manali,2025-10-19,6,1,0,70.2,1000
h_man_2,manali,2025-10-20,0,0,0,55.8,1000
h_man_2,manali,2025-10-21,1,0,0,50.7,1000
h_man_2,manali,2025-10-22,2,0,0,53.4,1000
h_man_2,manali,2025-10-23,3,0,0,49.5,1000
h_man_2,manali,2025-10-24,4,0,1,80.4,1000
h_man_2,manali,2025-10-25,5,1,0,76.7,1000
h_man_2,manali,2025-10-26,6,1,0,77.2,1000
h_man_2,manali,2025-10-27,0,0,0,53.7,1000
h_man_2,manali,2025-10-28,1,0,0,47.9,1000
h_man_2,manali,2025-10-29,2,0,0,49.4,1000
h_man_2,manali,2025-10-30,3,0,0,53.4,1000
h_man_2,manali,2025-10-31,4,0,0,63.0,1000
h_man_2,manali,2025-11-01,5,1,0,94.5,1200
h_man_2,manali,2025-11-02,6,1,0,78.1,1000
h_man_2,manali,2025-11-03,0,0,0,70.3,1000
h_man_2,manali,2025-11-04,1,0,0,75.7,1000
h_man_2,manali,2025-11-05,2,0,0,81.3,1000
h_man_2,manali,2025-11-06,3,0,0,81.2,1000
h_man_2,manali,2025-11-07,4,0,0,64.4,1000
h_man_2,manali,2025-11-08,5,1,0,96.1,1200
h_man_2,manali,2025-11-09,6,1,0,92.2,1200
h_man_2,manali,2025-11-10,0,0,0,62.8,1000
h_man_2,manali,2025-11-11,1,0,0,77.0,1000
h_man_2,manali,2025-11-12,2,0,1,99.5,1200
h_man_2,manali,2025-11-13,3,0,0,70.0,1000
h_man_2,manali,2025-11-14,4,0,0,74.2,1000
h_man_2,manali,2025-11-15,5,1,0,96.3,1200
h_man_2,manali,2025-11-16,6,1,0,81.3,1000
h_man_2,manali,2025-11-17,0,0,0,73.8,1000
h_man_2,manali,2025-11-18,1,0,0,65.2,1000
h_man_2,manali,2025-11-19,2,0,0,66.3,1000
h_man_2,manali,2025-11-20,3,0,0,66.4,1000
h_man_2,manali,2025-11-21,4,0,0,78.1,1000
h_man_2,manali,2025-11-22,5,1,0,80.1,1000
h_man_2,manali,2025-11-23,6,1,0,89.7,1200
h_man_2,manali,2025-11-24,0,0,0,68.7,1000
h_man_2,manali,2025-11-25,1,0,0,76.1,1000
h_man_2,manali,2025-11-26,2,0,0,66.8,1000
h_man_2,manali,2025-11-27,3,0,0,73.1,1000
h_man_2,manali,2025-11-28,4,0,0,64.4,1000
h_man_2,manali,2025-11-29,5,1,0,86.5,1200
h_man_2,manali,2025-11-30,6,1,0,95.3,1200
h_man_2,manali,2025-12-01,0,0,0,75.8,1000
h_man_2,manali,2025-12-02,1,0,0,66.9,1000
h_man_2,manali,2025-12-03,2,0,0,65.6,1000
h_man_2,manali,2025-12-04,3,0,0,67.3,1000
h_man_2,manali,2025-12-05,4,0,0,75.0,1000
h_man_2,manali,2025-12-06,5,1,0,83.7,1000
h_man_2,manali,2025-12-07,6,1,0,82.0,1000
h_man_2,manali,2025-12-08,0,0,0,78.5,1000
h_man_2,manali,2025-12-09,1,0,0,73.5,1000
h_man_2,manali,2025-12-10,2,0,0,81.0,1000
h_man_2,manali,2025-12-11,3,0,0,63.2,1000
h_man_2,manali,2025-12-12,4,0,0,76.0,1000
h_man_2,manali,2025-12-13,5,1,0,78.0,1000
h_man_2,manali,2025-12-14,6,1,0,78.5,1000
h_man_2,manali,2025-12-15,0,0,0,67.8,1000
h_man_2,manali,2025-12-16,1,0,0,63.8,1000
h_man_2,manali,2025-12-17,2,0,0,80.4,1000
h_man_2,manali,2025-12-18,3,0,0,69.3,1000
h_man_2,manali,2025-12-19,4,0,0,69.8,1000
h_man_2,manali,2025-12-20,5,1,0,96.3,1200
h_man_2,manali,2025-12-21,6,1,0,85.7,1200
h_man_2,manali,2025-12-22,0,0,0,66.7,1000
h_man_2,manali,2025-12-23,1,0,0,65.3,1000
h_man_2,manali,2025-12-24,2,0,0,64.8,1000
h_man_2,manali,2025-12-25,3,0,1,99.6,1200
h_man_2,manali,2025-12-26,4,0,0,75.2,1000
h_man_2,manali,2025-12-27,5,1,0,90.6,1200
h_man_2,manali,2025-12-28,6,1,0,94.8,1200
h_man_2,manali,2025-12-29,0,0,0,66.7,1000
h_man_2,manali,2025-12-30,1,0,0,76.5,1000
h_man_2,manali,2025-12-31,2,0,1,91.4,1200
h_man_2,manali,2026-01-01,3,0,1,100.0,1200
h_man_2,manali,2026-01-02,4,0,0,62.5,1000
h_man_2,manali,2026-01-03,5,1,0,77.3,1000
h_man_2,manali,2026-01-04,6,1,0,92.1,1200
h_man_2,manali,2026-01-05,0,0,0,81.2,1000
h_man_2,manali,2026-01-06,1,0,0,62.4,1000
h_man_2,manali,2026-01-07,2,0,0,76.4,1000
h_man_2,manali,2026-01-08,3,0,0,74.0,1000
h_man_2,manali,2026-01-09,4,0,0,71.2,1000
h_man_2,manali,2026-01-10,5,1,0,84.2,1000
h_man_2,manali,2026-01-11,6,1,0,89.7,1200
h_man_2,manali,2026-01-12,0,0,0,68.5,1000
h_man_2,manali,2026-01-13,1,0,0,67.2,1000
h_man_2,manali,2026-01-14,2,0,0,77.2,1000
h_man_2,manali,2026-01-15,3,0,0,72.7,1000
h_man_2,manali,2026-01-16,4,0,0,68.6,1000
h_man_2,manali,2026-01-17,5,1,0,92.3,1200
h_man_2,manali,2026-01-18,6,1,0,86.4,1200
h_man_2,manali,2026-01-19,0,0,0,64.2,1000
h_man_2,manali,2026-01-20,1,0,0,75.2,1000
h_man_2,manali,2026-01-21,2,0,0,64.3,1000
h_man_2,manali,2026-01-22,3,0,0,74.5,1000
h_man_2,manali,2026-01-23,4,0,0,66.3,1000
h_man_2,manali,2026-01-24,5,1,0,78.7,1000
h_man_2,manali,2026-01-25,6,1,0,89.3,1200
h_man_2,manali,2026-01-26,0,0,1,100.0,1200
h_man_2,manali,2026-01-27,1,0,0,63.5,1000
h_man_2,manali,2026-01-28,2,0,0,78.3,1000
h_man_2,manali,2026-01-29,3,0,0,71.2,1000
h_man_2,manali,2026-01-30,4,0,0,74.6,1000
h_man_2,manali,2026-01-31,5,1,0,92.2,1200
h_man_2,manali,2026-02-01,6,1,0,92.8,1200
h_man_2,manali,2026-02-02,0,0,0,63.6,1000
h_man_2,manali,2026-02-03,1,0,0,72.3,1000
h_man_2,manali,2026-02-04,2,0,0,75.3,1000
h_man_2,manali,2026-02-05,3,0,0,64.6,1000
h_man_2,manali,2026-02-06,4,0,0,62.3,1000
h_man_2,manali,2026-02-07,5,1,0,85.5,1200
h_man_2,manali,2026-02-08,6,1,0,79.3,1000
h_man_2,manali,2026-02-09,0,0,0,77.4,1000
h_man_2,manali,2026-02-10,1,0,0,69.7,1000
h_man_2,manali,2026-02-11,2,0,0,72.0,1000
h_man_2,manali,2026-02-12,3,0,0,67.3,1000
h_man_2,manali,2026-02-13,4,0,0,76.9,1000
h_man_2,manali,2026-02-14,5,1,0,95.5,1200
h_man_2,manali,2026-02-15,6,1,0,90.4,1200
h_man_2,manali,2026-02-16,0,0,0,78.7,1000
h_man_2,manali,2026-02-17,1,0,0,68.3,1000
h_man_2,manali,2026-02-18,2,0,0,67.9,1000
h_man_2,manali,2026-02-19,3,0,0,77.5,1000
h_man_2,manali,2026-02-20,4,0,0,64.3,1000
h_man_2,manali,2026-02-21,5,1,0,91.9,1200
h_man_2,manali,2026-02-22,6,1,0,93.4,1200
h_man_2,manali,2026-02-23,0,0,0,62.4,1000
h_man_2,manali,2026-02-24,1,0,0,66.7,1000
h_man_2,manali,2026-02-25,2,0,0,76.5,1000
h_man_2,manali,2026-02-26,3,0,0,69.6,1000
h_man_2,manali,2026-02-27,4,0,0,62.3,1000
h_man_2,manali,2026-02-28,5,1,0,88.8,1200
h_man_2,manali,2026-03-01,6,1,0,71.5,1000
h_man_2,manali,2026-03-02,0,0,0,63.8,1000
h_man_2,manali,2026-03-03,1,0,0,59.2,1000
h_man_2,manali,2026-03-04,2,0,0,57.9,1000
h_man_2,manali,2026-03-05,3,0,0,47.7,1000
h_man_2,manali,2026-03-06,4,0,0,46.5,1000
h_man_2,manali,2026-03-07,5,1,0,76.1,1000
h_man_2,manali,2026-03-08,6,1,1,100.0,1200
h_man_2,manali,2026-03-09,0,0,0,60.2,1000
h_man_2,manali,2026-03-10,1,0,0,49.9,1000
h_man_2,manali,2026-03-11,2,0,0,60.2,1000
h_man_2,manali,2026-03-12,3,0,0,55.7,1000
h_man_2,manali,2026-03-13,4,0,0,46.8,1000
h_man_2,manali,2026-03-14,5,1,0,73.3,1000
h_man_2,manali,2026-03-15,6,1,0,74.1,1000
h_man_2,manali,2026-03-16,0,0,0,47.2,1000
h_man_2,manali,2026-03-17,1,0,0,58.9,1000
h_man_2,manali,2026-03-18,2,0,0,58.4,1000
h_man_2,manali,2026-03-19,3,0,0,64.4,1000
h_man_2,manali,2026-03-20,4,0,0,47.1,1000
h_man_2,manali,2026-03-21,5,1,0,65.4,1000
h_man_2,manali,2026-03-22,6,1,0,79.9,1000
h_man_2,manali,2026-03-23,0,0,0,48.0,1000
h_man_2,manali,2026-03-24,1,0,0,58.3,1000
h_man_2,manali,2026-03-25,2,0,0,55.9,1000
h_man_2,manali,2026-03-26,3,0,0,48.8,1000
h_man_2,manali,2026-03-27,4,0,0,61.0,1000
h_man_2,manali,2026-03-28,5,1,0,77.2,1000
h_man_2,manali,2026-03-29,6,1,0,61.6,1000
h_man_2,manali,2026-03-30,0,0,0,64.6,1000
h_man_2,manali,2026-03-31,1,0,0,48.0,1000
h_man_2,manali,2026-04-01,2,0,0,49.3,1000
h_man_2,manali,2026-04-02,3,0,0,50.3,1000
h_man_2,manali,2026-04-03,4,0,0,35.6,800
h_man_2,manali,2026-04-04,5,1,0,61.2,1000
h_man_2,manali,2026-04-05,6,1,0,50.6,1000
h_man_2,manali,2026-04-06,0,0,0,39.0,800
h_man_2,manali,2026-04-07,1,0,0,46.7,1000
h_man_2,manali,2026-04-08,2,0,0,50.9,1000
h_man_2,manali,2026-04-09,3,0,0,34.2,800
h_man_2,manali,2026-04-10,4,0,0,37.5,800
h_man_2,manali,2026-04-11,5,1,0,60.8,1000
h_man_2,manali,2026-04-12,6,1,0,65.3,1000
h_man_2,manali,2026-04-13,0,0,0,47.5,1000
h_man_2,manali,2026-04-14,1,0,0,39.8,800
h_man_2,manali,2026-04-15,2,0,0,36.5,800
h_man_2,manali,2026-04-16,3,0,0,38.6,800
h_man_2,manali,2026-04-17,4,0,0,48.6,1000
h_man_2,manali,2026-04-18,5,1,0,49.3,1000
h_man_2,manali,2026-04-19,6,1,0,53.1,1000
h_man_2,manali,2026-04-20,0,0,0,51.2,1000
h_man_2,manali,2026-04-21,1,0,0,49.9,1000
h_man_2,manali,2026-04-22,2,0,0,44.3,1000
h_man_2,manali,2026-04-23,3,0,0,36.4,800
h_man_2,manali,2026-04-24,4,0,0,36.2,800
h_man_2,manali,2026-04-25,5,1,0,61.7,1000
h_man_2,manali,2026-04-26,6,1,0,61.1,1000
h_man_2,manali,2026-04-27,0,0,0,48.7,1000
h_man_2,manali,2026-04-28,1,0,0,46.8,1000
h_man_2,manali,2026-04-29,2,0,0,50.8,1000
h_man_2,manali,2026-04-30,3,0,0,52.4,1000
h_man_2,manali,2026-05-01,4,0,0,37.6,800
h_man_2,manali,2026-05-02,5,1,0,50.3,1000
h_man_2,manali,2026-05-03,6,1,0,60.4,1000
h_man_2,manali,2026-05-04,0,0,0,40.1,1000
h_man_2,manali,2026-05-05,1,0,0,42.5,1000
h_man_2,manali,2026-05-06,2,0,0,44.7,1000
h_man_2,manali,2026-05-07,3,0,0,50.1,1000
h_man_2,manali,2026-05-08,4,0,0,42.9,1000
h_man_2,manali,2026-05-09,5,1,0,63.0,1000
h_man_2,manali,2026-05-10,6,1,0,68.7,1000
h_man_2,manali,2026-05-11,0,0,0,35.4,800
h_man_2,manali,2026-05-12,1,0,0,52.8,1000
h_man_2,manali,2026-05-13,2,0,0,51.7,1000
h_man_2,manali,2026-05-14,3,0,0,43.9,1000
h_man_2,manali,2026-05-15,4,0,0,42.1,1000
h_man_2,manali,2026-05-16,5,1,0,52.8,1000
h_man_2,manali,2026-05-17,6,1,0,51.6,1000
h_man_2,manali,2026-05-18,0,0,0,40.4,1000
h_man_2,manali,2026-05-19,1,0,0,40.5,1000
h_man_2,manali,2026-05-20,2,0,0,52.4,1000
h_man_2,manali,2026-05-21,3,0,0,36.2,800
h_man_2,manali,2026-05-22,4,0,0,52.7,1000
h_man_2,manali,2026-05-23,5,1,0,51.2,1000
h_man_2,manali,2026-05-24,6,1,0,50.9,1000
h_man_2,manali,2026-05-25,0,0,0,35.1,800
h_man_2,manali,2026-05-26,1,0,0,53.9,1000
h_man_2,manali,2026-05-27,2,0,0,49.3,1000
h_man_2,manali,2026-05-28,3,0,0,40.4,1000
h_man_2,manali,2026-05-29,4,0,0,40.1,1000
h_man_2,manali,2026-05-30,5,1,0,53.0,1000
h_man_2,manali,2026-05-31,6,1,0,60.2,1000
h_man_2,manali,2026-06-01,0,0,0,34.4,800
h_man_2,manali,2026-06-02,1,0,0,40.1,1000
h_man_2,manali,2026-06-03,2,0,0,37.7,800
h_man_2,manali,2026-06-04,3,0,0,37.4,800
h_man_2,manali,2026-06-05,4,0,0,46.4,1000
h_man_2,manali,2026-06-06,5,1,0,62.9,1000
h_man_2,manali,2026-06-07,6,1,0,68.7,1000
h_man_2,manali,2026-06-08,0,0,0,40.9,1000
h_man_2,manali,2026-06-09,1,0,0,38.7,800
h_man_2,manali,2026-06-10,2,0,0,51.0,1000
h_man_2,manali,2026-06-11,3,0,0,36.4,800
h_man_2,manali,2026-06-12,4,0,0,39.3,800
h_man_2,manali,2026-06-13,5,1,0,62.3,1000
h_man_2,manali,2026-06-14,6,1,0,49.0,1000
h_man_2,manali,2026-06-15,0,0,0,42.6,1000
h_man_2,manali,2026-06-16,1,0,0,40.5,1000
h_man_2,manali,2026-06-17,2,0,0,45.0,1000
h_man_2,manali,2026-06-18,3,0,0,42.7,1000
h_man_2,manali,2026-06-19,4,0,0,36.3,800
h_man_2,manali,2026-06-20,5,1,0,59.1,1000
h_man_2,manali,2026-06-21,6,1,0,57.3,1000
h_man_2,manali,2026-06-22,0,0,0,50.2,1000
h_man_2,manali,2026-06-23,1,0,0,45.6,1000
h_man_2,manali,2026-06-24,2,0,0,50.4,1000
h_man_2,manali,2026-06-25,3,0,0,41.0,1000
h_man_2,manali,2026-06-26,4,0,0,49.0,1000
h_man_2,manali,2026-06-27,5,1,0,63.3,1000
h_man_2,manali,2026-06-28,6,1,0,57.8,1000
h_man_2,manali,2026-06-29,0,0,0,43.0,1000
h_man_2,manali,2026-06-30,1,0,0,39.4,800
h_man_2,manali,2026-07-01,2,0,0,46.1,1000
h_man_2,manali,2026-07-02,3,0,0,51.1,1000
h_man_2,manali,2026-07-03,4,0,0,45.8,1000
h_man_2,manali,2026-07-04,5,1,0,58.8,1000
h_man_2,manali,2026-07-05,6,1,0,62.2,1000
h_man_2,manali,2026-07-06,0,0,0,53.7,1000
h_man_2,manali,2026-07-07,1,0,0,46.3,1000
h_man_2,manali,2026-07-08,2,0,0,53.0,1000
h_man_2,manali,2026-07-09,3,0,0,51.0,1000
h_man_2,manali,2026-07-10,4,0,0,50.7,1000
h_man_2,manali,2026-07-11,5,1,0,53.9,1000
h_man_2,manali,2026-07-12,6,1,0,60.9,1000
h_man_2,manali,2026-07-13,0,0,0,53.2,1000
h_man_2,manali,2026-07-14,1,0,0,52.0,1000
h_man_2,manali,2026-07-15,2,0,0,52.1,1000
h_man_2,manali,2026-07-16,3,0,0,36.4,800
h_man_2,manali,2026-07-17,4,0,0,41.1,1000
h_man_2,manali,2026-07-18,5,1,0,53.0,1000
h_man_2,manali,2026-07-19,6,1,0,49.4,1000
h_man_2,manali,2026-07-20,0,0,0,48.6,1000
h_man_2,manali,2026-07-21,1,0,0,49.8,1000
h_man_2,manali,2026-07-22,2,0,0,35.2,800
h_man_2,manali,2026-07-23,3,0,0,36.2,800
h_man_2,manali,2026-07-24,4,0,0,41.4,1000
h_man_2,manali,2026-07-25,5,1,0,52.4,1000
h_man_2,manali,2026-07-26,6,1,0,58.1,1000
h_man_2,manali,2026-07-27,0,0,0,45.6,1000
h_man_2,manali,2026-07-28,1,0,0,53.7,1000
h_man_2,manali,2026-07-29,2,0,0,41.0,1000
h_man_2,manali,2026-07-30,3,0,0,50.7,1000
h_man_2,manali,2026-07-31,4,0,0,44.9,1000
h_man_2,manali,2026-08-01,5,1,0,62.2,1000
h_man_2,manali,2026-08-02,6,1,0,72.5,1000
h_man_2,manali,2026-08-03,0,0,0,54.9,1000
h_man_2,manali,2026-08-04,1,0,0,46.3,1000
h_man_2,manali,2026-08-05,2,0,0,60.1,1000
h_man_2,manali,2026-08-06,3,0,0,55.0,1000
h_man_2,manali,2026-08-07,4,0,0,61.6,1000
h_man_2,manali,2026-08-08,5,1,0,64.1,1000
h_man_2,manali,2026-08-09,6,1,0,69.0,1000
h_man_2,manali,2026-08-10,0,0,0,64.4,1000
h_man_2,manali,2026-08-11,1,0,0,59.2,1000
h_man_2,manali,2026-08-12,2,0,0,61.9,1000
h_man_2,manali,2026-08-13,3,0,0,47.3,1000
h_man_2,manali,2026-08-14,4,0,0,49.3,1000
h_man_2,manali,2026-08-15,5,1,1,99.4,1200
h_man_2,manali,2026-08-16,6,1,0,61.1,1000
h_man_2,manali,2026-08-17,0,0,0,57.4,1000
h_man_2,manali,2026-08-18,1,0,0,58.2,1000
h_man_2,manali,2026-08-19,2,0,0,62.9,1000
h_man_2,manali,2026-08-20,3,0,0,63.9,1000
h_man_2,manali,2026-08-21,4,0,0,51.8,1000
h_man_2,manali,2026-08-22,5,1,0,76.3,1000
h_man_2,manali,2026-08-23,6,1,0,71.8,1000
h_man_2,manali,2026-08-24,0,0,0,60.5,1000
h_man_2,manali,2026-08-25,1,0,0,51.0,1000
h_man_2,manali,2026-08-26,2,0,0,50.2,1000
h_man_2,manali,2026-08-27,3,0,0,62.9,1000
h_man_2,manali,2026-08-28,4,0,0,51.2,1000
h_man_2,manali,2026-08-29,5,1,0,62.8,1000
h_man_2,manali,2026-08-30,6,1,0,62.6,1000
h_man_2,manali,2026-08-31,0,0,0,50.0,1000
h_man_2,manali,2026-09-01,1,0,0,61.1,1000
h_man_2,manali,2026-09-02,2,0,0,62.3,1000
h_man_2,manali,2026-09-03,3,0,0,61.5,1000
h_mys_1,mysore_palace,2025-09-04,3,0,0,65.5,9000
h_mys_1,mysore_palace,2025-09-05,4,0,0,64.4,9000
h_mys_1,mysore_palace,2025-09-06,5,1,0,81.6,9000
h_mys_1,mysore_palace,2025-09-07,6,1,0,74.5,9000
h_mys_1,mysore_palace,2025-09-08,0,0,0,57.4,9000
h_mys_1,mysore_palace,2025-09-09,1,0,0,71.7,9000
h_mys_1,mysore_palace,2025-09-10,2,0,0,65.6,9000
h_mys_1,mysore_palace,2025-09-11,3,0,0,72.2,9000
h_mys_1,mysore_palace,2025-09-12,4,0,0,58.5,9000
h_mys_1,mysore_palace,2025-09-13,5,1,0,74.3,9000
h_mys_1,mysore_palace,2025-09-14,6,1,0,83.6,9000
h_mys_1,mysore_palace,2025-09-15,0,0,0,61.9,9000
h_mys_1,mysore_palace,2025-09-16,1,0,0,53.6,9000
h_mys_1,mysore_palace,2025-09-17,2,0,0,63.3,9000
h_mys_1,mysore_palace,2025-09-18,3,0,0,62.1,9000
h_mys_1,mysore_palace,2025-09-19,4,0,0,68.6,9000
h_mys_1,mysore_palace,2025-09-20,5,1,0,74.0,9000
h_mys_1,mysore_palace,2025-09-21,6,1,0,81.3,9000
h_mys_1,mysore_palace,2025-09-22,0,0,0,61.9,9000
h_mys_1,mysore_palace,2025-09-23,1,0,0,55.1,9000
h_mys_1,mysore_palace,2025-09-24,2,0,0,57.4,9000
h_mys_1,mysore_palace,2025-09-25,3,0,0,56.5,9000
h_mys_1,mysore_palace,2025-09-26,4,0,0,58.1,9000
h_mys_1,mysore_palace,2025-09-27,5,1,0,87.5,10800
h_mys_1,mysore_palace,2025-09-28,6,1,0,73.0,9000
h_mys_1,mysore_palace,2025-09-29,0,0,0,56.3,9000
h_mys_1,mysore_palace,2025-09-30,1,0,0,59.6,9000
h_mys_1,mysore_palace,2025-10-01,2,0,0,56.2,9000
h_mys_1,mysore_palace,2025-10-02,3,0,1,97.5,10800
h_mys_1,mysore_palace,2025-10-03,4,0,0,59.8,9000
h_mys_1,mysore_palace,2025-10-04,5,1,0,82.4,9000
h_mys_1,mysore_palace,2025-10-05,6,1,0,76.5,9000
h_mys_1,mysore_palace,2025-10-06,0,0,0,71.4,9000
h_mys_1,mysore_palace,2025-10-07,1,0,0,58.1,9000
h_mys_1,mysore_palace,2025-10-08,2,0,0,65.1,9000
h_mys_1,mysore_palace,2025-10-09,3,0,0,68.3,9000
h_mys_1,mysore_palace,2025-10-10,4,0,0,67.4,9000
h_mys_1,mysore_palace,2025-10-11,5,1,0,81.5,9000
h_mys_1,mysore_palace,2025-10-12,6,1,0,73.1,9000
h_mys_1,mysore_palace,2025-10-13,0,0,0,65.4,9000
h_mys_1,mysore_palace,2025-10-14,1,0,0,71.7,9000
h_mys_1,mysore_palace,2025-10-15,2,0,0,70.3,9000
h_mys_1,mysore_palace,2025-10-16,3,0,0,62.8,9000
h_mys_1,mysore_palace,2025-10-17,4,0,0,58.0,9000
h_mys_1,mysore_palace,2025-10-18,5,1,0,67.9,9000
h_mys_1,mysore_palace,2025-10-19,6,1,0,73.2,9000
h_mys_1,mysore_palace,2025-10-20,0,0,0,67.4,9000
h_mys_1,mysore_palace,2025-10-21,1,0,0,60.1,9000
h_mys_1,mysore_palace,2025-10-22,2,0,0,71.2,9000
h_mys_1,mysore_palace,2025-10-23,3,0,0,55.2,9000
h_mys_1,mysore_palace,2025-10-24,4,0,1,87.3,10800
h_mys_1,mysore_palace,2025-10-25,5,1,0,85.6,10800
h_mys_1,mysore_palace,2025-10-26,6,1,0,78.8,9000
h_mys_1,mysore_palace,2025-10-27,0,0,0,65.3,9000
h_mys_1,mysore_palace,2025-10-28,1,0,0,64.7,9000
h_mys_1,mysore_palace,2025-10-29,2,0,0,56.8,9000
h_mys_1,mysore_palace,2025-10-30,3,0,0,69.1,9000
h_mys_1,mysore_palace,2025-10-31,4,0,0,72.1,9000
h_mys_1,mysore_palace,2025-11-01,5,1,0,89.3,10800
h_mys_1,mysore_palace,2025-11-02,6,1,0,96.4,10800
h_mys_1,mysore_palace,2025-11-03,0,0,0,85.4,10800
h_mys_1,mysore_palace,2025-11-04,1,0,0,72.7,9000
h_mys_1,mysore_palace,2025-11-05,2,0,0,71.7,9000
h_mys_1,mysore_palace,2025-11-06,3,0,0,73.1,9000
h_mys_1,mysore_palace,2025-11-07,4,0,0,84.5,9000
h_mys_1,mysore_palace,2025-11-08,5,1,0,96.0,10800
h_mys_1,mysore_palace,2025-11-09,6,1,0,92.1,10800
h_mys_1,mysore_palace,2025-11-10,0,0,0,75.1,9000
h_mys_1,mysore_palace,2025-11-11,1,0,0,80.9,9000
h_mys_1,mysore_palace,2025-11-12,2,0,1,100.0,10800
h_mys_1,mysore_palace,2025-11-13,3,0,0,84.8,9000
h_mys_1,mysore_palace,2025-11-14,4,0,0,81.0,9000
h_mys_1,mysore_palace,2025-11-15,5,1,0,100.0,10800
h_mys_1,mysore_palace,2025-11-16,6,1,0,86.6,10800
h_mys_1,mysore_palace,2025-11-17,0,0,0,91.1,10800
h_mys_1,mysore_palace,2025-11-18,1,0,0,87.1,10800
h_mys_1,mysore_palace,2025-11-19,2,0,0,86.1,10800
h_mys_1,mysore_palace,2025-11-20,3,0,0,87.3,10800
h_mys_1,mysore_palace,2025-11-21,4,0,0,85.2,10800
h_mys_1,mysore_palace,2025-11-22,5,1,0,93.0,10800
h_mys_1,mysore_palace,2025-11-23,6,1,0,92.5,10800
h_mys_1,mysore_palace,2025-11-24,0,0,0,89.7,10800
h_mys_1,mysore_palace,2025-11-25,1,0,0,77.7,9000
h_mys_1,mysore_palace,2025-11-26,2,0,0,77.2,9000
h_mys_1,mysore_palace,2025-11-27,3,0,0,72.9,9000
h_mys_1,mysore_palace,2025-11-28,4,0,0,83.5,9000
h_mys_1,mysore_palace,2025-11-29,5,1,0,93.9,10800
h_mys_1,mysore_palace,2025-11-30,6,1,0,99.1,10800
h_mys_1,mysore_palace,2025-12-01,0,0,0,76.0,9000
h_mys_1,mysore_palace,2025-12-02,1,0,0,72.8,9000
h_mys_1,mysore_palace,2025-12-03,2,0,0,76.1,9000
h_mys_1,mysore_palace,2025-12-04,3,0,0,88.0,10800
h_mys_1,mysore_palace,2025-12-05,4,0,0,90.6,10800
h_mys_1,mysore_palace,2025-12-06,5,1,0,100.0,10800
h_mys_1,mysore_palace,2025-12-07,6,1,0,89.8,10800
h_mys_1,mysore_palace,2025-12-08,0,0,0,73.7,9000
h_mys_1,mysore_palace,2025-12-09,1,0,0,89.3,10800
h_mys_1,mysore_palace,2025-12-10,2,0,0,85.9,10800
h_mys_1,mysore_palace,2025-12-11,3,0,0,80.2,9000
h_mys_1,mysore_palace,2025-12-12,4,0,0,82.9,9000
h_mys_1,mysore_palace,2025-12-13,5,1,0,100.0,10800
h_mys_1,mysore_palace,2025-12-14,6,1,0,93.3,10800
h_mys_1,mysore_palace,2025-12-15,0,0,0,76.2,9000
h_mys_1,mysore_palace,2025-12-16,1,0,0,79.2,9000
h_mys_1,mysore_palace,2025-12-17,2,0,0,74.1,9000
h_mys_1,mysore_palace,2025-12-18,3,0,0,88.2,10800
h_mys_1,mysore_palace,2025-12-19,4,0,0,81.4,9000
h_mys_1,mysore_palace,2025-12-20,5,1,0,99.9,10800
h_mys_1,mysore_palace,2025-12-21,6,1,0,100.0,10800
h_mys_1,mysore_palace,2025-12-22,0,0,0,71.4,9000
h_mys_1,mysore_palace,2025-12-23,1,0,0,77.3,9000
h_mys_1,mysore_palace,2025-12-24,2,0,0,81.1,9000
h_mys_1,mysore_palace,2025-12-25,3,0,1,100.0,10800
h_mys_1,mysore_palace,2025-12-26,4,0,0,79.8,9000
h_mys_1,mysore_palace,2025-12-27,5,1,0,89.3,10800
h_mys_1,mysore_palace,2025-12-28,6,1,0,88.3,10800
h_mys_1,mysore_palace,2025-12-29,0,0,0,81.3,9000
h_mys_1,mysore_palace,2025-12-30,1,0,0,76.4,9000
h_mys_1,mysore_palace,2025-12-31,2,0,1,99.7,10800
h_mys_1,mysore_palace,2026-01-01,3,0,1,97.6,10800
h_mys_1,mysore_palace,2026-01-02,4,0,0,80.2,9000
h_mys_1,mysore_palace,2026-01-03,5,1,0,90.9,10800
h_mys_1,mysore_palace,2026-01-04,6,1,0,92.2,10800
h_mys_1,mysore_palace,2026-01-05,0,0,0,89.8,10800
h_mys_1,mysore_palace,2026-01-06,1,0,0,88.9,10800
h_mys_1,mysore_palace,2026-01-07,2,0,0,80.7,9000
h_mys_1,mysore_palace,2026-01-08,3,0,0,80.2,9000
h_mys_1,mysore_palace,2026-01-09,4,0,0,83.3,9000
h_mys_1,mysore_palace,2026-01-10,5,1,0,100.0,10800
h_mys_1,mysore_palace,2026-01-11,6,1,0,87.2,10800
h_mys_1,mysore_palace,2026-01-12,0,0,0,89.2,10800
h_mys_1,mysore_palace,2026-01-13,1,0,0,80.8,9000
h_mys_1,mysore_palace,2026-01-14,2,0,0,72.8,9000
h_mys_1,mysore_palace,2026-01-15,3,0,0,84.3,9000
h_mys_1,mysore_palace,2026-01-16,4,0,0,71.8,9000
h_mys_1,mysore_palace,2026-01-17,5,1,0,100.0,10800
h_mys_1,mysore_palace,2026-01-18,6,1,0,98.9,10800
h_mys_1,mysore_palace,2026-01-19,0,0,0,81.7,9000
h_mys_1,mysore_palace,2026-01-20,1,0,0,77.2,9000
h_mys_1,mysore_palace,2026-01-21,2,0,0,89.3,10800
h_mys_1,mysore_palace,2026-01-22,3,0,0,76.8,9000
h_mys_1,mysore_palace,2026-01-23,4,0,0,89.9,10800
h_mys_1,mysore_palace,2026-01-24,5,1,0,91.2,10800
h_mys_1,mysore_palace,2026-01-25,6,1,0,98.5,10800
h_mys_1,mysore_palace,2026-01-26,0,0,1,97.8,10800
h_mys_1,mysore_palace,2026-01-27,1,0,0,86.5,10800
h_mys_1,mysore_palace,2026-01-28,2,0,0,90.6,10800
h_mys_1,mysore_palace,2026-01-29,3,0,0,86.2,10800
h_mys_1,mysore_palace,2026-01-30,4,0,0,71.6,9000
h_mys_1,mysore_palace,2026-01-31,5,1,0,93.1,10800
h_mys_1,mysore_palace,2026-02-01,6,1,0,100.0,10800
h_mys_1,mysore_palace,2026-02-02,0,0,0,89.8,10800
h_mys_1,mysore_palace,2026-02-03,1,0,0,83.7,9000
h_mys_1,mysore_palace,2026-02-04,2,0,0,83.3,9000
h_mys_1,mysore_palace,2026-02-05,3,0,0,86.1,10800
h_mys_1,mysore_palace,2026-02-06,4,0,0,84.8,9000
h_mys_1,mysore_palace,2026-02-07,5,1,0,93.1,10800
h_mys_1,mysore_palace,2026-02-08,6,1,0,95.8,10800
h_mys_1,mysore_palace,2026-02-09,0,0,0,88.5,10800
h_mys_1,mysore_palace,2026-02-10,1,0,0,87.6,10800
h_mys_1,mysore_palace,2026-02-11,2,0,0,82.3,9000
h_mys_1,mysore_palace,2026-02-12,3,0,0,82.8,9000
h_mys_1,mysore_palace,2026-02-13,4,0,0,73.8,9000
h_mys_1,mysore_palace,2026-02-14,5,1,0,99.4,10800
h_mys_1,mysore_palace,2026-02-15,6,1,0,87.8,10800
h_mys_1,mysore_palace,2026-02-16,0,0,0,89.1,10800
h_mys_1,mysore_palace,2026-02-17,1,0,0,86.9,10800
h_mys_1,mysore_palace,2026-02-18,2,0,0,82.5,9000
h_mys_1,mysore_palace,2026-02-19,3,0,0,89.8,10800
h_mys_1,mysore_palace,2026-02-20,4,0,0,79.8,9000
h_mys_1,mysore_palace,2026-02-21,5,1,0,90.5,10800
h_mys_1,mysore_palace,2026-02-22,6,1,0,93.6,10800
h_mys_1,mysore_palace,2026-02-23,0,0,0,78.8,9000
h_mys_1,mysore_palace,2026-02-24,1,0,0,77.7,9000
h_mys_1,mysore_palace,2026-02-25,2,0,0,83.3,9000
h_mys_1,mysore_palace,2026-02-26,3,0,0,88.9,10800
h_mys_1,mysore_palace,2026-02-27,4,0,0,81.4,9000
h_mys_1,mysore_palace,2026-02-28,5,1,0,96.0,10800
h_mys_1,mysore_palace,2026-03-01,6,1,0,72.8,9000
h_mys_1,mysore_palace,2026-03-02,0,0,0,67.5,9000
h_mys_1,mysore_palace,2026-03-03,1,0,0,58.0,9000
h_mys_1,mysore_palace,2026-03-04,2,0,0,69.6,9000
h_mys_1,mysore_palace,2026-03-05,3,0,0,64.4,9000
h_mys_1,mysore_palace,2026-03-06,4,0,0,68.6,9000
h_mys_1,mysore_palace,2026-03-07,5,1,0,85.7,10800
h_mys_1,mysore_palace,2026-03-08,6,1,1,97.4,10800
h_mys_1,mysore_palace,2026-03-09,0,0,0,70.9,9000
h_mys_1,mysore_palace,2026-03-10,1,0,0,55.7,9000
h_mys_1,mysore_palace,2026-03-11,2,0,0,57.1,9000
h_mys_1,mysore_palace,2026-03-12,3,0,0,67.5,9000
h_mys_1,mysore_palace,2026-03-13,4,0,0,69.7,9000
h_mys_1,mysore_palace,2026-03-14,5,1,0,85.8,10800
h_mys_1,mysore_palace,2026-03-15,6,1,0,80.1,9000
h_mys_1,mysore_palace,2026-03-16,0,0,0,64.2,9000
h_mys_1,mysore_palace,2026-03-17,1,0,0,52.5,9000
h_mys_1,mysore_palace,2026-03-18,2,0,0,65.0,9000
h_mys_1,mysore_palace,2026-03-19,3,0,0,63.7,9000
h_mys_1,mysore_palace,2026-03-20,4,0,0,69.0,9000
h_mys_1,mysore_palace,2026-03-21,5,1,0,78.7,9000
h_mys_1,mysore_palace,2026-03-22,6,1,0,82.5,9000
h_mys_1,mysore_palace,2026-03-23,0,0,0,54.4,9000
h_mys_1,mysore_palace,2026-03-24,1,0,0,58.5,9000
h_mys_1,mysore_palace,2026-03-25,2,0,0,69.9,9000
h_mys_1,mysore_palace,2026-03-26,3,0,0,54.3,9000
h_mys_1,mysore_palace,2026-03-27,4,0,0,69.0,9000
h_mys_1,mysore_palace,2026-03-28,5,1,0,73.5,9000
h_mys_1,mysore_palace,2026-03-29,6,1,0,75.5,9000
h_mys_1,mysore_palace,2026-03-30,0,0,0,70.4,9000
h_mys_1,mysore_palace,2026-03-31,1,0,0,66.2,9000
h_mys_1,mysore_palace,2026-04-01,2,0,0,48.4,9000
h_mys_1,mysore_palace,2026-04-02,3,0,0,51.6,9000
h_mys_1,mysore_palace,2026-04-03,4,0,0,54.9,9000
h_mys_1,mysore_palace,2026-04-04,5,1,0,61.9,9000
h_mys_1,mysore_palace,2026-04-05,6,1,0,66.5,9000
h_mys_1,mysore_palace,2026-04-06,0,0,0,58.7,9000
h_mys_1,mysore_palace,2026-04-07,1,0,0,40.6,9000
h_mys_1,mysore_palace,2026-04-08,2,0,0,45.8,9000
h_mys_1,mysore_palace,2026-04-09,3,0,0,40.4,9000
h_mys_1,mysore_palace,2026-04-10,4,0,0,59.7,9000
h_mys_1,mysore_palace,2026-04-11,5,1,0,69.9,9000
h_mys_1,mysore_palace,2026-04-12,6,1,0,67.1,9000
h_mys_1,mysore_palace,2026-04-13,0,0,0,56.5,9000
h_mys_1,mysore_palace,2026-04-14,1,0,0,53.6,9000
h_mys_1,mysore_palace,2026-04-15,2,0,0,58.1,9000
h_mys_1,mysore_palace,2026-04-16,3,0,0,46.1,9000
h_mys_1,mysore_palace,2026-04-17,4,0,0,51.7,9000
h_mys_1,mysore_palace,2026-04-18,5,1,0,61.5,9000
h_mys_1,mysore_palace,2026-04-19,6,1,0,69.6,9000
h_mys_1,mysore_palace,2026-04-20,0,0,0,56.6,9000
h_mys_1,mysore_palace,2026-04-21,1,0,0,52.6,9000
h_mys_1,mysore_palace,2026-04-22,2,0,0,49.3,9000
h_mys_1,mysore_palace,2026-04-23,3,0,0,50.1,9000
h_mys_1,mysore_palace,2026-04-24,4,0,0,43.0,9000
h_mys_1,mysore_palace,2026-04-25,5,1,0,67.6,9000
h_mys_1,mysore_palace,2026-04-26,6,1,0,63.2,9000
h_mys_1,mysore_palace,2026-04-27,0,0,0,53.9,9000
h_mys_1,mysore_palace,2026-04-28,1,0,0,59.5,9000
h_mys_1,mysore_palace,2026-04-29,2,0,0,55.5,9000
h_mys_1,mysore_palace,2026-04-30,3,0,0,44.4,9000
h_mys_1,mysore_palace,2026-05-01,4,0,0,49.0,9000
h_mys_1,mysore_palace,2026-05-02,5,1,0,71.2,9000
h_mys_1,mysore_palace,2026-05-03,6,1,0,73.3,9000
h_mys_1,mysore_palace,2026-05-04,0,0,0,59.7,9000
h_mys_1,mysore_palace,2026-05-05,1,0,0,50.9,9000
h_mys_1,mysore_palace,2026-05-06,2,0,0,44.3,9000
h_mys_1,mysore_palace,2026-05-07,3,0,0,45.0,9000
h_mys_1,mysore_palace,2026-05-08,4,0,0,43.1,9000
h_mys_1,mysore_palace,2026-05-09,5,1,0,74.1,9000
h_mys_1,mysore_palace,2026-05-10,6,1,0,73.0,9000
h_mys_1,mysore_palace,2026-05-11,0,0,0,44.3,9000
h_mys_1,mysore_palace,2026-05-12,1,0,0,44.6,9000
h_mys_1,mysore_palace,2026-05-13,2,0,0,53.2,9000
h_mys_1,mysore_palace,2026-05-14,3,0,0,40.2,9000
h_mys_1,mysore_palace,2026-05-15,4,0,0,46.7,9000
h_mys_1,mysore_palace,2026-05-16,5,1,0,67.9,9000
h_mys_1,mysore_palace,2026-05-17,6,1,0,59.1,9000
h_mys_1,mysore_palace,2026-05-18,0,0,0,50.1,9000
h_mys_1,mysore_palace,2026-05-19,1,0,0,56.9,9000
h_mys_1,mysore_palace,2026-05-20,2,0,0,58.9,9000
h_mys_1,mysore_palace,2026-05-21,3,0,0,46.1,9000
h_mys_1,mysore_palace,2026-05-22,4,0,0,49.6,9000
h_mys_1,mysore_palace,2026-05-23,5,1,0,58.0,9000
h_mys_1,mysore_palace,2026-05-24,6,1,0,73.2,9000
h_mys_1,mysore_palace,2026-05-25,0,0,0,58.5,9000
h_mys_1,mysore_palace,2026-05-26,1,0,0,46.7,9000
h_mys_1,mysore_palace,2026-05-27,2,0,0,51.0,9000
h_mys_1,mysore_palace,2026-05-28,3,0,0,49.6,9000
h_mys_1,mysore_palace,2026-05-29,4,0,0,47.1,9000
h_mys_1,mysore_palace,2026-05-30,5,1,0,71.4,9000
h_mys_1,mysore_palace,2026-05-31,6,1,0,70.8,9000
h_mys_1,mysore_palace,2026-06-01,0,0,0,48.0,9000
h_mys_1,mysore_palace,2026-06-02,1,0,0,49.0,9000
h_mys_1,mysore_palace,2026-06-03,2,0,0,58.9,9000
h_mys_1,mysore_palace,2026-06-04,3,0,0,41.3,9000
h_mys_1,mysore_palace,2026-06-05,4,0,0,56.2,9000
h_mys_1,mysore_palace,2026-06-06,5,1,0,57.6,9000
h_mys_1,mysore_palace,2026-06-07,6,1,0,63.3,9000
h_mys_1,mysore_palace,2026-06-08,0,0,0,55.8,9000
h_mys_1,mysore_palace,2026-06-09,1,0,0,48.7,9000
h_mys_1,mysore_palace,2026-06-10,2,0,0,55.1,9000
h_mys_1,mysore_palace,2026-06-11,3,0,0,48.0,9000
h_mys_1,mysore_palace,2026-06-12,4,0,0,41.4,9000
h_mys_1,mysore_palace,2026-06-13,5,1,0,67.3,9000
h_mys_1,mysore_palace,2026-06-14,6,1,0,60.1,9000
h_mys_1,mysore_palace,2026-06-15,0,0,0,44.8,9000
h_mys_1,mysore_palace,2026-06-16,1,0,0,56.3,9000
h_mys_1,mysore_palace,2026-06-17,2,0,0,53.4,9000
h_mys_1,mysore_palace,2026-06-18,3,0,0,57.6,9000
h_mys_1,mysore_palace,2026-06-19,4,0,0,50.0,9000
h_mys_1,mysore_palace,2026-06-20,5,1,0,56.4,9000
h_mys_1,mysore_palace,2026-06-21,6,1,0,71.1,9000
h_mys_1,mysore_palace,2026-06-22,0,0,0,40.6,9000
h_mys_1,mysore_palace,2026-06-23,1,0,0,52.5,9000
h_mys_1,mysore_palace,2026-06-24,2,0,0,45.1,9000
h_mys_1,mysore_palace,2026-06-25,3,0,0,56.0,9000
h_mys_1,mysore_palace,2026-06-26,4,0,0,42.4,9000
h_mys_1,mysore_palace,2026-06-27,5,1,0,72.7,9000
h_mys_1,mysore_palace,2026-06-28,6,1,0,57.7,9000
h_mys_1,mysore_palace,2026-06-29,0,0,0,46.0,9000
h_mys_1,mysore_palace,2026-06-30,1,0,0,40.3,9000
h_mys_1,mysore_palace,2026-07-01,2,0,0,55.9,9000
h_mys_1,mysore_palace,2026-07-02,3,0,0,48.9,9000
h_mys_1,mysore_palace,2026-07-03,4,0,0,50.0,9000
h_mys_1,mysore_palace,2026-07-04,5,1,0,74.4,9000
h_mys_1,mysore_palace,2026-07-05,6,1,0,71.7,9000
h_mys_1,mysore_palace,2026-07-06,0,0,0,50.7,9000
h_mys_1,mysore_palace,2026-07-07,1,0,0,56.8,9000
h_mys_1,mysore_palace,2026-07-08,2,0,0,41.3,9000
h_mys_1,mysore_palace,2026-07-09,3,0,0,40.7,9000
h_mys_1,mysore_palace,2026-07-10,4,0,0,47.0,9000
h_mys_1,mysore_palace,2026-07-11,5,1,0,66.5,9000
h_mys_1,mysore_palace,2026-07-12,6,1,0,66.0,9000
h_mys_1,mysore_palace,2026-07-13,0,0,0,42.7,9000
h_mys_1,mysore_palace,2026-07-14,1,0,0,56.2,9000
h_mys_1,mysore_palace,2026-07-15,2,0,0,48.9,9000
h_mys_1,mysore_palace,2026-07-16,3,0,0,57.4,9000
h_mys_1,mysore_palace,2026-07-17,4,0,0,45.3,9000
h_mys_1,mysore_palace,2026-07-18,5,1,0,70.8,9000
h_mys_1,mysore_palace,2026-07-19,6,1,0,66.6,9000
h_mys_1,mysore_palace,2026-07-20,0,0,0,44.0,9000
h_mys_1,mysore_palace,2026-07-21,1,0,0,41.5,9000
h_mys_1,mysore_palace,2026-07-22,2,0,0,53.1,9000
h_mys_1,mysore_palace,2026-07-23,3,0,0,41.2,9000
h_mys_1,mysore_palace,2026-07-24,4,0,0,41.4,9000
h_mys_1,mysore_palace,2026-07-25,5,1,0,65.7,9000
h_mys_1,mysore_palace,2026-07-26,6,1,0,60.0,9000
h_mys_1,mysore_palace,2026-07-27,0,0,0,41.4,9000
h_mys_1,mysore_palace,2026-07-28,1,0,0,51.4,9000
h_mys_1,mysore_palace,2026-07-29,2,0,0,55.0,9000
h_mys_1,mysore_palace,2026-07-30,3,0,0,46.5,9000
h_mys_1,mysore_palace,2026-07-31,4,0,0,47.4,9000
h_mys_1,mysore_palace,2026-08-01,5,1,0,70.5,9000
h_mys_1,mysore_palace,2026-08-02,6,1,0,75.0,9000
h_mys_1,mysore_palace,2026-08-03,0,0,0,57.5,9000
h_mys_1,mysore_palace,2026-08-04,1,0,0,54.8,9000
h_mys_1,mysore_palace,2026-08-05,2,0,0,65.7,9000
h_mys_1,mysore_palace,2026-08-06,3,0,0,66.1,9000
h_mys_1,mysore_palace,2026-08-07,4,0,0,58.2,9000
h_mys_1,mysore_palace,2026-08-08,5,1,0,80.8,9000
h_mys_1,mysore_palace,2026-08-09,6,1,0,81.1,9000
h_mys_1,mysore_palace,2026-08-10,0,0,0,67.5,9000
h_mys_1,mysore_palace,2026-08-11,1,0,0,65.7,9000
h_mys_1,mysore_palace,2026-08-12,2,0,0,67.3,9000
h_mys_1,mysore_palace,2026-08-13,3,0,0,64.1,9000
h_mys_1,mysore_palace,2026-08-14,4,0,0,60.8,9000
h_mys_1,mysore_palace,2026-08-15,5,1,1,99.2,10800
h_mys_1,mysore_palace,2026-08-16,6,1,0,80.1,9000
h_mys_1,mysore_palace,2026-08-17,0,0,0,58.3,9000
h_mys_1,mysore_palace,2026-08-18,1,0,0,61.3,9000
h_mys_1,mysore_palace,2026-08-19,2,0,0,54.1,9000
h_mys_1,mysore_palace,2026-08-20,3,0,0,61.5,9000
h_mys_1,mysore_palace,2026-08-21,4,0,0,62.7,9000
h_mys_1,mysore_palace,2026-08-22,5,1,0,73.5,9000
h_mys_1,mysore_palace,2026-08-23,6,1,0,84.3,9000
h_mys_1,mysore_palace,2026-08-24,0,0,0,53.3,9000
h_mys_1,mysore_palace,2026-08-25,1,0,0,58.7,9000
h_mys_1,mysore_palace,2026-08-26,2,0,0,68.6,9000
h_mys_1,mysore_palace,2026-08-27,3,0,0,58.2,9000
h_mys_1,mysore_palace,2026-08-28,4,0,0,57.0,9000
h_mys_1,mysore_palace,2026-08-29,5,1,0,80.6,9000
h_mys_1,mysore_palace,2026-08-30,6,1,0,84.6,9000
h_mys_1,mysore_palace,2026-08-31,0,0,0,55.2,9000
h_mys_1,mysore_palace,2026-09-01,1,0,0,56.4,9000
h_mys_1,mysore_palace,2026-09-02,2,0,0,66.4,9000
h_mys_1,mysore_palace,2026-09-03,3,0,0,61.2,9000
h_mys_2,mysore_palace,2025-09-04,3,0,0,56.5,5000
h_mys_2,mysore_palace,2025-09-05,4,0,0,50.6,5000
h_mys_2,mysore_palace,2025-09-06,5,1,0,81.2,5000
h_mys_2,mysore_palace,2025-09-07,6,1,0,67.6,5000
h_mys_2,mysore_palace,2025-09-08,0,0,0,50.4,5000
h_mys_2,mysore_palace,2025-09-09,1,0,0,56.5,5000
h_mys_2,mysore_palace,2025-09-10,2,0,0,59.2,5000
h_mys_2,mysore_palace,2025-09-11,3,0,0,68.0,5000
h_mys_2,mysore_palace,2025-09-12,4,0,0,65.7,5000
h_mys_2,mysore_palace,2025-09-13,5,1,0,77.7,5000
h_mys_2,mysore_palace,2025-09-14,6,1,0,81.5,5000
h_mys_2,mysore_palace,2025-09-15,0,0,0,60.8,5000
h_mys_2,mysore_palace,2025-09-16,1,0,0,62.5,5000
h_mys_2,mysore_palace,2025-09-17,2,0,0,63.5,5000
h_mys_2,mysore_palace,2025-09-18,3,0,0,58.2,5000
h_mys_2,mysore_palace,2025-09-19,4,0,0,52.2,5000
h_mys_2,mysore_palace,2025-09-20,5,1,0,71.7,5000
h_mys_2,mysore_palace,2025-09-21,6,1,0,72.3,5000
h_mys_2,mysore_palace,2025-09-22,0,0,0,65.6,5000
h_mys_2,mysore_palace,2025-09-23,1,0,0,65.4,5000
h_mys_2,mysore_palace,2025-09-24,2,0,0,54.4,5000
h_mys_2,mysore_palace,2025-09-25,3,0,0,60.7,5000
h_mys_2,mysore_palace,2025-09-26,4,0,0,62.8,5000
h_mys_2,mysore_palace,2025-09-27,5,1,0,75.2,5000
h_mys_2,mysore_palace,2025-09-28,6,1,0,68.8,5000
h_mys_2,mysore_palace,2025-09-29,0,0,0,51.1,5000
h_mys_2,mysore_palace,2025-09-30,1,0,0,56.7,5000
h_mys_2,mysore_palace,2025-10-01,2,0,0,66.7,5000
h_mys_2,mysore_palace,2025-10-02,3,0,1,81.5,5000
h_mys_2,mysore_palace,2025-10-03,4,0,0,56.9,5000
h_mys_2,mysore_palace,2025-10-04,5,1,0,72.2,5000
h_mys_2,mysore_palace,2025-10-05,6,1,0,69.8,5000
h_mys_2,mysore_palace,2025-10-06,0,0,0,66.8,5000
h_mys_2,mysore_palace,2025-10-07,1,0,0,55.1,5000
h_mys_2,mysore_palace,2025-10-08,2,0,0,50.8,5000
h_mys_2,mysore_palace,2025-10-09,3,0,0,69.9,5000
h_mys_2,mysore_palace,2025-10-10,4,0,0,60.5,5000
h_mys_2,mysore_palace,2025-10-11,5,1,0,67.8,5000
h_mys_2,mysore_palace,2025-10-12,6,1,0,69.7,5000
h_mys_2,mysore_palace,2025-10-13,0,0,0,54.8,5000
h_mys_2,mysore_palace,2025-10-14,1,0,0,52.5,5000
h_mys_2,mysore_palace,2025-10-15,2,0,0,68.1,5000
h_mys_2,mysore_palace,2025-10-16,3,0,0,54.0,5000
h_mys_2,mysore_palace,2025-10-17,4,0,0,64.2,5000
h_mys_2,mysore_palace,2025-10-18,5,1,0,83.7,5000
h_mys_2,mysore_palace,2025-10-19,6,1,0,83.8,5000
h_mys_2,mysore_palace,2025-10-20,0,0,0,54.0,5000
h_mys_2,mysore_palace,2025-10-21,1,0,0,63.2,5000
h_mys_2,mysore_palace,2025-10-22,2,0,0,56.2,5000
h_mys_2,mysore_palace,2025-10-23,3,0,0,53.5,5000
h_mys_2,mysore_palace,2025-10-24,4,0,1,87.4,6000
h_mys_2,mysore_palace,2025-10-25,5,1,0,77.7,5000
h_mys_2,mysore_palace,2025-10-26,6,1,0,73.2,5000
h_mys_2,mysore_palace,2025-10-27,0,0,0,66.8,5000
h_mys_2,mysore_palace,2025-10-28,1,0,0,56.0,5000
h_mys_2,mysore_palace,2025-10-29,2,0,0,52.7,5000
h_mys_2,mysore_palace,2025-10-30,3,0,0,68.2,5000
h_mys_2,mysore_palace,2025-10-31,4,0,0,65.7,5000
h_mys_2,mysore_palace,2025-11-01,5,1,0,83.9,5000
h_mys_2,mysore_palace,2025-11-02,6,1,0,91.9,6000
h_mys_2,mysore_palace,2025-11-03,0,0,0,71.0,5000
h_mys_2,mysore_palace,2025-11-04,1,0,0,85.8,6000
h_mys_2,mysore_palace,2025-11-05,2,0,0,77.8,5000
h_mys_2,mysore_palace,2025-11-06,3,0,0,82.6,5000
h_mys_2,mysore_palace,2025-11-07,4,0,0,73.3,5000
h_mys_2,mysore_palace,2025-11-08,5,1,0,90.0,6000
h_mys_2,mysore_palace,2025-11-09,6,1,0,100.0,6000
h_mys_2,mysore_palace,2025-11-10,0,0,0,80.7,5000
h_mys_2,mysore_palace,2025-11-11,1,0,0,68.8,5000
h_mys_2,mysore_palace,2025-11-12,2,0,1,93.9,6000
h_mys_2,mysore_palace,2025-11-13,3,0,0,77.5,5000
h_mys_2,mysore_palace,2025-11-14,4,0,0,79.3,5000
h_mys_2,mysore_palace,2025-11-15,5,1,0,90.2,6000
h_mys_2,mysore_palace,2025-11-16,6,1,0,96.5,6000
h_mys_2,mysore_palace,2025-11-17,0,0,0,84.8,5000
h_mys_2,mysore_palace,2025-11-18,1,0,0,69.7,5000
h_mys_2,mysore_palace,2025-11-19,2,0,0,70.5,5000
h_mys_2,mysore_palace,2025-11-20,3,0,0,74.5,5000
h_mys_2,mysore_palace,2025-11-21,4,0,0,74.6,5000
h_mys_2,mysore_palace,2025-11-22,5,1,0,86.2,6000
h_mys_2,mysore_palace,2025-11-23,6,1,0,84.8,5000
h_mys_2,mysore_palace,2025-11-24,0,0,0,86.0,6000
h_mys_2,mysore_palace,2025-11-25,1,0,0,83.1,5000
h_mys_2,mysore_palace,2025-11-26,2,0,0,79.0,5000
h_mys_2,mysore_palace,2025-11-27,3,0,0,75.9,5000
h_mys_2,mysore_palace,2025-11-28,4,0,0,70.8,5000
h_mys_2,mysore_palace,2025-11-29,5,1,0,87.7,6000
h_mys_2,mysore_palace,2025-11-30,6,1,0,92.9,6000
h_mys_2,mysore_palace,2025-12-01,0,0,0,79.5,5000
h_mys_2,mysore_palace,2025-12-02,1,0,0,68.8,5000
h_mys_2,mysore_palace,2025-12-03,2,0,0,81.8,5000
h_mys_2,mysore_palace,2025-12-04,3,0,0,83.9,5000
h_mys_2,mysore_palace,2025-12-05,4,0,0,73.8,5000
h_mys_2,mysore_palace,2025-12-06,5,1,0,93.7,6000
h_mys_2,mysore_palace,2025-12-07,6,1,0,100.0,6000
h_mys_2,mysore_palace,2025-12-08,0,0,0,81.5,5000
h_mys_2,mysore_palace,2025-12-09,1,0,0,87.4,6000
h_mys_2,mysore_palace,2025-12-10,2,0,0,86.5,6000
h_mys_2,mysore_palace,2025-12-11,3,0,0,76.0,5000
h_mys_2,mysore_palace,2025-12-12,4,0,0,77.4,5000
h_mys_2,mysore_palace,2025-12-13,5,1,0,97.8,6000
h_mys_2,mysore_palace,2025-12-14,6,1,0,92.2,6000
h_mys_2,mysore_palace,2025-12-15,0,0,0,84.4,5000
h_mys_2,mysore_palace,2025-12-16,1,0,0,76.9,5000
h_mys_2,mysore_palace,2025-12-17,2,0,0,70.4,5000
h_mys_2,mysore_palace,2025-12-18,3,0,0,72.1,5000
h_mys_2,mysore_palace,2025-12-19,4,0,0,86.1,6000
h_mys_2,mysore_palace,2025-12-20,5,1,0,96.1,6000
h_mys_2,mysore_palace,2025-12-21,6,1,0,97.1,6000
h_mys_2,mysore_palace,2025-12-22,0,0,0,80.0,5000
h_mys_2,mysore_palace,2025-12-23,1,0,0,73.0,5000
h_mys_2,mysore_palace,2025-12-24,2,0,0,78.2,5000
h_mys_2,mysore_palace,2025-12-25,3,0,1,100.0,6000
h_mys_2,mysore_palace,2025-12-26,4,0,0,86.7,6000
h_mys_2,mysore_palace,2025-12-27,5,1,0,91.9,6000
h_mys_2,mysore_palace,2025-12-28,6,1,0,100.0,6000
h_mys_2,mysore_palace,2025-12-29,0,0,0,75.3,5000
h_mys_2,mysore_palace,2025-12-30,1,0,0,86.3,6000
h_mys_2,mysore_palace,2025-12-31,2,0,1,100.0,6000
h_mys_2,mysore_palace,2026-01-01,3,0,1,100.0,6000
h_mys_2,mysore_palace,2026-01-02,4,0,0,78.4,5000
h_mys_2,mysore_palace,2026-01-03,5,1,0,87.8,6000
h_mys_2,mysore_palace,2026-01-04,6,1,0,86.9,6000
h_mys_2,mysore_palace,2026-01-05,0,0,0,74.8,5000
h_mys_2,mysore_palace,2026-01-06,1,0,0,73.8,5000
h_mys_2,mysore_palace,2026-01-07,2,0,0,84.8,5000
h_mys_2,mysore_palace,2026-01-08,3,0,0,72.6,5000
h_mys_2,mysore_palace,2026-01-09,4,0,0,76.6,5000
h_mys_2,mysore_palace,2026-01-10,5,1,0,100.0,6000
h_mys_2,mysore_palace,2026-01-11,6,1,0,91.0,6000
h_mys_2,mysore_palace,2026-01-12,0,0,0,85.8,6000
h_mys_2,mysore_palace,2026-01-13,1,0,0,85.2,6000
h_mys_2,mysore_palace,2026-01-14,2,0,0,83.8,5000
h_mys_2,mysore_palace,2026-01-15,3,0,0,82.7,5000
h_mys_2,mysore_palace,2026-01-16,4,0,0,71.0,5000
h_mys_2,mysore_palace,2026-01-17,5,1,0,89.8,6000
h_mys_2,mysore_palace,2026-01-18,6,1,0,96.6,6000
h_mys_2,mysore_palace,2026-01-19,0,0,0,68.4,5000
h_mys_2,mysore_palace,2026-01-20,1,0,0,87.5,6000
h_mys_2,mysore_palace,2026-01-21,2,0,0,84.5,5000
h_mys_2,mysore_palace,2026-01-22,3,0,0,78.6,5000
h_mys_2,mysore_palace,2026-01-23,4,0,0,71.6,5000
h_mys_2,mysore_palace,2026-01-24,5,1,0,85.4,6000
h_mys_2,mysore_palace,2026-01-25,6,1,0,98.0,6000
h_mys_2,mysore_palace,2026-01-26,0,0,1,96.4,6000
h_mys_2,mysore_palace,2026-01-27,1,0,0,79.0,5000
h_mys_2,mysore_palace,2026-01-28,2,0,0,80.5,5000
h_mys_2,mysore_palace,2026-01-29,3,0,0,72.8,5000
h_mys_2,mysore_palace,2026-01-30,4,0,0,70.8,5000
h_mys_2,mysore_palace,2026-01-31,5,1,0,100.0,6000
h_mys_2,mysore_palace,2026-02-01,6,1,0,91.8,6000
h_mys_2,mysore_palace,2026-02-02,0,0,0,80.5,5000
h_mys_2,mysore_palace,2026-02-03,1,0,0,71.5,5000
h_mys_2,mysore_palace,2026-02-04,2,0,0,84.5,5000
h_mys_2,mysore_palace,2026-02-05,3,0,0,87.6,6000
h_mys_2,mysore_palace,2026-02-06,4,0,0,81.1,5000
h_mys_2,mysore_palace,2026-02-07,5,1,0,85.5,6000
h_mys_2,mysore_palace,2026-02-08,6,1,0,85.5,6000
h_mys_2,mysore_palace,2026-02-09,0,0,0,83.6,5000
h_mys_2,mysore_palace,2026-02-10,1,0,0,76.3,5000
h_mys_2,mysore_palace,2026-02-11,2,0,0,70.8,5000
h_mys_2,mysore_palace,2026-02-12,3,0,0,70.5,5000
h_mys_2,mysore_palace,2026-02-13,4,0,0,85.3,6000
h_mys_2,mysore_palace,2026-02-14,5,1,0,90.7,6000
h_mys_2,mysore_palace,2026-02-15,6,1,0,91.7,6000
h_mys_2,mysore_palace,2026-02-16,0,0,0,70.8,5000
h_mys_2,mysore_palace,2026-02-17,1,0,0,69.7,5000
h_mys_2,mysore_palace,2026-02-18,2,0,0,72.8,5000
h_mys_2,mysore_palace,2026-02-19,3,0,0,84.5,5000
h_mys_2,mysore_palace,2026-02-20,4,0,0,78.0,5000
h_mys_2,mysore_palace,2026-02-21,5,1,0,86.4,6000
h_mys_2,mysore_palace,2026-02-22,6,1,0,96.9,6000
h_mys_2,mysore_palace,2026-02-23,0,0,0,82.2,5000
h_mys_2,mysore_palace,2026-02-24,1,0,0,71.7,5000
h_mys_2,mysore_palace,2026-02-25,2,0,0,84.8,5000
h_mys_2,mysore_palace,2026-02-26,3,0,0,72.3,5000
h_mys_2,mysore_palace,2026-02-27,4,0,0,87.0,6000
h_mys_2,mysore_palace,2026-02-28,5,1,0,90.8,6000
h_mys_2,mysore_palace,2026-03-01,6,1,0,75.9,5000
h_mys_2,mysore_palace,2026-03-02,0,0,0,53.3,5000
h_mys_2,mysore_palace,2026-03-03,1,0,0,67.3,5000
h_mys_2,mysore_palace,2026-03-04,2,0,0,63.1,5000
h_mys_2,mysore_palace,2026-03-05,3,0,0,50.0,5000
h_mys_2,mysore_palace,2026-03-06,4,0,0,56.6,5000
h_mys_2,mysore_palace,2026-03-07,5,1,0,81.0,5000
h_mys_2,mysore_palace,2026-03-08,6,1,1,95.9,6000
h_mys_2,mysore_palace,2026-03-09,0,0,0,65.7,5000
h_mys_2,mysore_palace,2026-03-10,1,0,0,54.0,5000
h_mys_2,mysore_palace,2026-03-11,2,0,0,69.4,5000
h_mys_2,mysore_palace,2026-03-12,3,0,0,56.0,5000
h_mys_2,mysore_palace,2026-03-13,4,0,0,61.8,5000
h_mys_2,mysore_palace,2026-03-14,5,1,0,80.9,5000
h_mys_2,mysore_palace,2026-03-15,6,1,0,69.1,5000
h_mys_2,mysore_palace,2026-03-16,0,0,0,51.3,5000
h_mys_2,mysore_palace,2026-03-17,1,0,0,51.1,5000
h_mys_2,mysore_palace,2026-03-18,2,0,0,66.4,5000
h_mys_2,mysore_palace,2026-03-19,3,0,0,55.0,5000
h_mys_2,mysore_palace,2026-03-20,4,0,0,57.9,5000
h_mys_2,mysore_palace,2026-03-21,5,1,0,75.8,5000
h_mys_2,mysore_palace,2026-03-22,6,1,0,82.9,5000
h_mys_2,mysore_palace,2026-03-23,0,0,0,51.6,5000
h_mys_2,mysore_palace,2026-03-24,1,0,0,69.5,5000
h_mys_2,mysore_palace,2026-03-25,2,0,0,52.1,5000
h_mys_2,mysore_palace,2026-03-26,3,0,0,52.3,5000
h_mys_2,mysore_palace,2026-03-27,4,0,0,55.1,5000
h_mys_2,mysore_palace,2026-03-28,5,1,0,78.7,5000
h_mys_2,mysore_palace,2026-03-29,6,1,0,72.7,5000
h_mys_2,mysore_palace,2026-03-30,0,0,0,62.0,5000
h_mys_2,mysore_palace,2026-03-31,1,0,0,51.2,5000
h_mys_2,mysore_palace,2026-04-01,2,0,0,55.7,5000
h_mys_2,mysore_palace,2026-04-02,3,0,0,48.4,5000
h_mys_2,mysore_palace,2026-04-03,4,0,0,39.3,4000
h_mys_2,mysore_palace,2026-04-04,5,1,0,57.3,5000
h_mys_2,mysore_palace,2026-04-05,6,1,0,53.2,5000
h_mys_2,mysore_palace,2026-04-06,0,0,0,45.1,5000
h_mys_2,mysore_palace,2026-04-07,1,0,0,55.5,5000
h_mys_2,mysore_palace,2026-04-08,2,0,0,55.2,5000
h_mys_2,mysore_palace,2026-04-09,3,0,0,49.5,5000
h_mys_2,mysore_palace,2026-04-10,4,0,0,40.4,5000
h_mys_2,mysore_palace,2026-04-11,5,1,0,56.2,5000
h_mys_2,mysore_palace,2026-04-12,6,1,0,64.4,5000
h_mys_2,mysore_palace,2026-04-13,0,0,0,39.1,4000
h_mys_2,mysore_palace,2026-04-14,1,0,0,57.2,5000
h_mys_2,mysore_palace,2026-04-15,2,0,0,41.8,5000
h_mys_2,mysore_palace,2026-04-16,3,0,0,56.4,5000
h_mys_2,mysore_palace,2026-04-17,4,0,0,44.2,5000
h_mys_2,mysore_palace,2026-04-18,5,1,0,54.6,5000
h_mys_2,mysore_palace,2026-04-19,6,1,0,62.1,5000
h_mys_2,mysore_palace,2026-04-20,0,0,0,50.2,5000
h_mys_2,mysore_palace,2026-04-21,1,0,0,40.9,5000
h_mys_2,mysore_palace,2026-04-22,2,0,0,55.9,5000
h_mys_2,mysore_palace,2026-04-23,3,0,0,42.0,5000
h_mys_2,mysore_palace,2026-04-24,4,0,0,42.6,5000
h_mys_2,mysore_palace,2026-04-25,5,1,0,53.8,5000
h_mys_2,mysore_palace,2026-04-26,6,1,0,67.7,5000
h_mys_2,mysore_palace,2026-04-27,0,0,0,44.7,5000
h_mys_2,mysore_palace,2026-04-28,1,0,0,45.1,5000
h_mys_2,mysore_palace,2026-04-29,2,0,0,40.3,5000
h_mys_2,mysore_palace,2026-04-30,3,0,0,54.0,5000
h_mys_2,mysore_palace,2026-05-01,4,0,0,50.9,5000
h_mys_2,mysore_palace,2026-05-02,5,1,0,59.4,5000
h_mys_2,mysore_palace,2026-05-03,6,1,0,59.9,5000
h_mys_2,mysore_palace,2026-05-04,0,0,0,56.4,5000
h_mys_2,mysore_palace,2026-05-05,1,0,0,43.8,5000
h_mys_2,mysore_palace,2026-05-06,2,0,0,45.7,5000
h_mys_2,mysore_palace,2026-05-07,3,0,0,58.0,5000
h_mys_2,mysore_palace,2026-05-08,4,0,0,49.8,5000
h_mys_2,mysore_palace,2026-05-09,5,1,0,65.6,5000
h_mys_2,mysore_palace,2026-05-10,6,1,0,65.8,5000
h_mys_2,mysore_palace,2026-05-11,0,0,0,38.4,4000
h_mys_2,mysore_palace,2026-05-12,1,0,0,46.6,5000
h_mys_2,mysore_palace,2026-05-13,2,0,0,52.4,5000
h_mys_2,mysore_palace,2026-05-14,3,0,0,54.1,5000
h_mys_2,mysore_palace,2026-05-15,4,0,0,49.5,5000
h_mys_2,mysore_palace,2026-05-16,5,1,0,57.3,5000
h_mys_2,mysore_palace,2026-05-17,6,1,0,65.5,5000
h_mys_2,mysore_palace,2026-05-18,0,0,0,44.8,5000
h_mys_2,mysore_palace,2026-05-19,1,0,0,50.6,5000
h_mys_2,mysore_palace,2026-05-20,2,0,0,55.2,5000
h_mys_2,mysore_palace,2026-05-21,3,0,0,38.9,4000
h_mys_2,mysore_palace,2026-05-22,4,0,0,57.8,5000
h_mys_2,mysore_palace,2026-05-23,5,1,0,60.4,5000
h_mys_2,mysore_palace,2026-05-24,6,1,0,67.4,5000
h_mys_2,mysore_palace,2026-05-25,0,0,0,51.1,5000
h_mys_2,mysore_palace,2026-05-26,1,0,0,54.0,5000
h_mys_2,mysore_palace,2026-05-27,2,0,0,43.9,5000
h_mys_2,mysore_palace,2026-05-28,3,0,0,52.0,5000
h_mys_2,mysore_palace,2026-05-29,4,0,0,51.4,5000
h_mys_2,mysore_palace,2026-05-30,5,1,0,69.8,5000
h_mys_2,mysore_palace,2026-05-31,6,1,0,64.1,5000
h_mys_2,mysore_palace,2026-06-01,0,0,0,45.5,5000
h_mys_2,mysore_palace,2026-06-02,1,0,0,38.7,4000
h_mys_2,mysore_palace,2026-06-03,2,0,0,43.4,5000
h_mys_2,mysore_palace,2026-06-04,3,0,0,49.2,5000
h_mys_2,mysore_palace,2026-06-05,4,0,0,51.1,5000
h_mys_2,mysore_palace,2026-06-06,5,1,0,53.0,5000
h_mys_2,mysore_palace,2026-06-07,6,1,0,61.3,5000
h_mys_2,mysore_palace,2026-06-08,0,0,0,53.3,5000
h_mys_2,mysore_palace,2026-06-09,1,0,0,46.8,5000
h_mys_2,mysore_palace,2026-06-10,2,0,0,42.5,5000
h_mys_2,mysore_palace,2026-06-11,3,0,0,44.1,5000
h_mys_2,mysore_palace,2026-06-12,4,0,0,40.5,5000
h_mys_2,mysore_palace,2026-06-13,5,1,0,66.1,5000
h_mys_2,mysore_palace,2026-06-14,6,1,0,58.0,5000
h_mys_2,mysore_palace,2026-06-15,0,0,0,50.1,5000
h_mys_2,mysore_palace,2026-06-16,1,0,0,54.0,5000
h_mys_2,mysore_palace,2026-06-17,2,0,0,55.1,5000
h_mys_2,mysore_palace,2026-06-18,3,0,0,43.7,5000
h_mys_2,mysore_palace,2026-06-19,4,0,0,40.7,5000
h_mys_2,mysore_palace,2026-06-20,5,1,0,57.3,5000
h_mys_2,mysore_palace,2026-06-21,6,1,0,60.0,5000
h_mys_2,mysore_palace,2026-06-22,0,0,0,39.9,4000
h_mys_2,mysore_palace,2026-06-23,1,0,0,39.2,4000
h_mys_2,mysore_palace,2026-06-24,2,0,0,57.9,5000
h_mys_2,mysore_palace,2026-06-25,3,0,0,56.9,5000
h_mys_2,mysore_palace,2026-06-26,4,0,0,45.5,5000
h_mys_2,mysore_palace,2026-06-27,5,1,0,66.1,5000
h_mys_2,mysore_palace,2026-06-28,6,1,0,71.6,5000
h_mys_2,mysore_palace,2026-06-29,0,0,0,53.5,5000
h_mys_2,mysore_palace,2026-06-30,1,0,0,38.4,4000
h_mys_2,mysore_palace,2026-07-01,2,0,0,56.8,5000
h_mys_2,mysore_palace,2026-07-02,3,0,0,49.7,5000
h_mys_2,mysore_palace,2026-07-03,4,0,0,38.8,4000
h_mys_2,mysore_palace,2026-07-04,5,1,0,71.8,5000
h_mys_2,mysore_palace,2026-07-05,6,1,0,63.1,5000
h_mys_2,mysore_palace,2026-07-06,0,0,0,45.4,5000
h_mys_2,mysore_palace,2026-07-07,1,0,0,50.5,5000
h_mys_2,mysore_palace,2026-07-08,2,0,0,52.0,5000
h_mys_2,mysore_palace,2026-07-09,3,0,0,39.7,4000
h_mys_2,mysore_palace,2026-07-10,4,0,0,46.2,5000
h_mys_2,mysore_palace,2026-07-11,5,1,0,72.8,5000
h_mys_2,mysore_palace,2026-07-12,6,1,0,59.5,5000
h_mys_2,mysore_palace,2026-07-13,0,0,0,49.5,5000
h_mys_2,mysore_palace,2026-07-14,1,0,0,54.4,5000
h_mys_2,mysore_palace,2026-07-15,2,0,0,48.6,5000
h_mys_2,mysore_palace,2026-07-16,3,0,0,52.6,5000
h_mys_2,mysore_palace,2026-07-17,4,0,0,53.6,5000
h_mys_2,mysore_palace,2026-07-18,5,1,0,53.5,5000
h_mys_2,mysore_palace,2026-07-19,6,1,0,56.3,5000
h_mys_2,mysore_palace,2026-07-20,0,0,0,42.1,5000
h_mys_2,mysore_palace,2026-07-21,1,0,0,49.0,5000
h_mys_2,mysore_palace,2026-07-22,2,0,0,38.9,4000
h_mys_2,mysore_palace,2026-07-23,3,0,0,39.1,4000
h_mys_2,mysore_palace,2026-07-24,4,0,0,55.9,5000
h_mys_2,mysore_palace,2026-07-25,5,1,0,53.8,5000
h_mys_2,mysore_palace,2026-07-26,6,1,0,71.5,5000
h_mys_2,mysore_palace,2026-07-27,0,0,0,51.7,5000
h_mys_2,mysore_palace,2026-07-28,1,0,0,39.6,4000
h_mys_2,mysore_palace,2026-07-29,2,0,0,53.7,5000
h_mys_2,mysore_palace,2026-07-30,3,0,0,55.3,5000
h_mys_2,mysore_palace,2026-07-31,4,0,0,40.9,5000
h_mys_2,mysore_palace,2026-08-01,5,1,0,78.4,5000
h_mys_2,mysore_palace,2026-08-02,6,1,0,78.0,5000
h_mys_2,mysore_palace,2026-08-03,0,0,0,59.8,5000
h_mys_2,mysore_palace,2026-08-04,1,0,0,66.4,5000
h_mys_2,mysore_palace,2026-08-05,2,0,0,51.7,5000
h_mys_2,mysore_palace,2026-08-06,3,0,0,53.0,5000
h_mys_2,mysore_palace,2026-08-07,4,0,0,62.2,5000
h_mys_2,mysore_palace,2026-08-08,5,1,0,70.5,5000
h_mys_2,mysore_palace,2026-08-09,6,1,0,75.4,5000
h_mys_2,mysore_palace,2026-08-10,0,0,0,66.0,5000
h_mys_2,mysore_palace,2026-08-11,1,0,0,53.9,5000
h_mys_2,mysore_palace,2026-08-12,2,0,0,69.6,5000
h_mys_2,mysore_palace,2026-08-13,3,0,0,69.5,5000
h_mys_2,mysore_palace,2026-08-14,4,0,0,56.8,5000
h_mys_2,mysore_palace,2026-08-15,5,1,1,100.0,6000
h_mys_2,mysore_palace,2026-08-16,6,1,0,72.9,5000
h_mys_2,mysore_palace,2026-08-17,0,0,0,58.7,5000
h_mys_2,mysore_palace,2026-08-18,1,0,0,69.2,5000
h_mys_2,mysore_palace,2026-08-19,2,0,0,60.7,5000
h_mys_2,mysore_palace,2026-08-20,3,0,0,54.2,5000
h_mys_2,mysore_palace,2026-08-21,4,0,0,59.7,5000
h_mys_2,mysore_palace,2026-08-22,5,1,0,80.7,5000
h_mys_2,mysore_palace,2026-08-23,6,1,0,67.6,5000
h_mys_2,mysore_palace,2026-08-24,0,0,0,62.3,5000
h_mys_2,mysore_palace,2026-08-25,1,0,0,56.2,5000
h_mys_2,mysore_palace,2026-08-26,2,0,0,65.6,5000
h_mys_2,mysore_palace,2026-08-27,3,0,0,66.3,5000
h_mys_2,mysore_palace,2026-08-28,4,0,0,67.0,5000
h_mys_2,mysore_palace,2026-08-29,5,1,0,71.6,5000
h_mys_2,mysore_palace,2026-08-30,6,1,0,75.2,5000
h_mys_2,mysore_palace,2026-08-31,0,0,0,61.9,5000
h_mys_2,mysore_palace,2026-09-01,1,0,0,64.8,5000
h_mys_2,mysore_palace,2026-09-02,2,0,0,52.5,5000
h_mys_2,mysore_palace,2026-09-03,3,0,0,53.7,5000
