destination_id,date,footfall_count,day_of_week,is_weekend,is_holiday,holiday_name,weather_temp,weather_condition,month
taj_mahal,2024-01-01,37265,0,0,1,New Year,14.6,sunny,1
jaipur_city_palace,2024-01-01,20995,0,0,1,New Year,15.9,sunny,1
goa_baga_beach,2024-01-01,27793,0,0,1,New Year,28.3,cloudy,1
kerala_backwaters,2024-01-01,16596,0,0,1,New Year,12.3,sunny,1
varanasi_ghats,2024-01-01,18437,0,0,1,New Year,14.1,rainy,1
hampi_ruins,2024-01-01,10278,0,0,1,New Year,12.3,cloudy,1
manali,2024-01-01,23763,0,0,1,New Year,3.8,cloudy,1
mysore_palace,2024-01-01,14852,0,0,1,New Year,12.6,extreme_heat,1
kempty_falls,2024-01-01,10181,0,0,1,New Year,13.1,sunny,1
robbers_cave,2024-01-01,4329,0,0,1,New Year,14.7,sunny,1
taj_mahal,2024-01-02,23599,1,0,1,Winter Vacation,18.3,extreme_heat,1
jaipur_city_palace,2024-01-02,25553,1,0,1,Winter Vacation,12.4,sunny,1
goa_baga_beach,2024-01-02,27363,1,0,1,Winter Vacation,27.8,sunny,1
kerala_backwaters,2024-01-02,16303,1,0,1,Winter Vacation,15.3,sunny,1
varanasi_ghats,2024-01-02,17938,1,0,1,Winter Vacation,12.7,rainy,1
hampi_ruins,2024-01-02,11331,1,0,1,Winter Vacation,14.4,cloudy,1
manali,2024-01-02,24200,1,0,1,Winter Vacation,3.4,sunny,1
mysore_palace,2024-01-02,19887,1,0,1,Winter Vacation,15.3,cloudy,1
kempty_falls,2024-01-02,9073,1,0,1,Winter Vacation,13.1,cloudy,1
robbers_cave,2024-01-02,4284,1,0,1,Winter Vacation,17.0,cloudy,1
taj_mahal,2024-01-03,33831,2,0,1,Winter Vacation,10.6,cloudy,1
jaipur_city_palace,2024-01-03,23677,2,0,1,Winter Vacation,15.2,cloudy,1
goa_baga_beach,2024-01-03,31306,2,0,1,Winter Vacation,27.3,sunny,1
kerala_backwaters,2024-01-03,9235,2,0,1,Winter Vacation,13.6,rainy,1
varanasi_ghats,2024-01-03,27654,2,0,1,Winter Vacation,12.2,sunny,1
hampi_ruins,2024-01-03,11273,2,0,1,Winter Vacation,15.4,cloudy,1
manali,2024-01-03,24200,2,0,1,Winter Vacation,3.3,sunny,1
mysore_palace,2024-01-03,20827,2,0,1,Winter Vacation,12.7,sunny,1
kempty_falls,2024-01-03,9398,2,0,1,Winter Vacation,11.6,sunny,1
robbers_cave,2024-01-03,4334,2,0,1,Winter Vacation,14.0,sunny,1
taj_mahal,2024-01-04,33964,3,0,1,Winter Vacation,15.3,sunny,1
jaipur_city_palace,2024-01-04,20723,3,0,1,Winter Vacation,13.8,sunny,1
goa_baga_beach,2024-01-04,21162,3,0,1,Winter Vacation,25.4,extreme_heat,1
kerala_backwaters,2024-01-04,17248,3,0,1,Winter Vacation,12.2,sunny,1
varanasi_ghats,2024-01-04,24035,3,0,1,Winter Vacation,13.3,cloudy,1
hampi_ruins,2024-01-04,11400,3,0,1,Winter Vacation,13.6,sunny,1
manali,2024-01-04,24200,3,0,1,Winter Vacation,3.7,sunny,1
mysore_palace,2024-01-04,18998,3,0,1,Winter Vacation,14.5,sunny,1
kempty_falls,2024-01-04,9449,3,0,1,Winter Vacation,14.1,cloudy,1
robbers_cave,2024-01-04,3900,3,0,1,Winter Vacation,14.0,cloudy,1
taj_mahal,2024-01-05,35773,4,0,1,Winter Vacation,12.0,sunny,1
jaipur_city_palace,2024-01-05,24105,4,0,1,Winter Vacation,16.7,sunny,1
goa_baga_beach,2024-01-05,26406,4,0,1,Winter Vacation,30.9,cloudy,1
kerala_backwaters,2024-01-05,13208,4,0,1,Winter Vacation,12.1,cloudy,1
varanasi_ghats,2024-01-05,24125,4,0,1,Winter Vacation,15.3,sunny,1
hampi_ruins,2024-01-05,11879,4,0,1,Winter Vacation,12.0,cloudy,1
manali,2024-01-05,24200,4,0,1,Winter Vacation,6.0,sunny,1
mysore_palace,2024-01-05,21943,4,0,1,Winter Vacation,12.0,sunny,1
kempty_falls,2024-01-05,9287,4,0,1,Winter Vacation,12.4,sunny,1
robbers_cave,2024-01-05,2754,4,0,1,Winter Vacation,13.7,rainy,1
taj_mahal,2024-01-06,27989,5,1,0,,13.7,cloudy,1
jaipur_city_palace,2024-01-06,23189,5,1,0,,13.0,sunny,1
goa_baga_beach,2024-01-06,29050,5,1,0,,31.5,cloudy,1
kerala_backwaters,2024-01-06,13953,5,1,0,,13.0,sunny,1
varanasi_ghats,2024-01-06,24721,5,1,0,,12.5,sunny,1
hampi_ruins,2024-01-06,12185,5,1,0,,15.7,sunny,1
manali,2024-01-06,24200,5,1,0,,2.8,sunny,1
mysore_palace,2024-01-06,20033,5,1,0,,12.7,sunny,1
kempty_falls,2024-01-06,6706,5,1,0,,11.5,extreme_heat,1
robbers_cave,2024-01-06,2608,5,1,0,,17.2,rainy,1
taj_mahal,2024-01-07,37181,6,1,0,,14.6,sunny,1
jaipur_city_palace,2024-01-07,25196,6,1,0,,13.2,sunny,1
goa_baga_beach,2024-01-07,27467,6,1,0,,31.1,sunny,1
kerala_backwaters,2024-01-07,18479,6,1,0,,11.3,sunny,1
varanasi_ghats,2024-01-07,31743,6,1,0,,13.6,sunny,1
hampi_ruins,2024-01-07,12807,6,1,0,,11.8,sunny,1
manali,2024-01-07,24200,6,1,0,,1.2,sunny,1
mysore_palace,2024-01-07,22492,6,1,0,,14.7,sunny,1
kempty_falls,2024-01-07,10110,6,1,0,,15.3,sunny,1
robbers_cave,2024-01-07,3842,6,1,0,,12.3,cloudy,1
taj_mahal,2024-01-08,19260,0,0,0,,13.3,cloudy,1
jaipur_city_palace,2024-01-08,15711,0,0,0,,14.1,sunny,1
goa_baga_beach,2024-01-08,20416,0,0,0,,27.0,sunny,1
kerala_backwaters,2024-01-08,6969,0,0,0,,15.1,extreme_heat,1
varanasi_ghats,2024-01-08,17982,0,0,0,,12.6,sunny,1
hampi_ruins,2024-01-08,7615,0,0,0,,14.4,sunny,1
manali,2024-01-08,13188,0,0,0,,2.5,extreme_heat,1
mysore_palace,2024-01-08,7954,0,0,0,,12.3,rainy,1
kempty_falls,2024-01-08,6908,0,0,0,,12.8,sunny,1
robbers_cave,2024-01-08,2124,0,0,0,,12.5,cloudy,1
taj_mahal,2024-01-09,20633,1,0,0,,13.7,cloudy,1
jaipur_city_palace,2024-01-09,12344,1,0,0,,12.2,cloudy,1
goa_baga_beach,2024-01-09,16953,1,0,0,,25.1,sunny,1
kerala_backwaters,2024-01-09,8075,1,0,0,,11.8,rainy,1
varanasi_ghats,2024-01-09,17216,1,0,0,,11.7,cloudy,1
hampi_ruins,2024-01-09,7412,1,0,0,,17.5,sunny,1
manali,2024-01-09,15887,1,0,0,,3.6,sunny,1
mysore_palace,2024-01-09,13596,1,0,0,,13.7,sunny,1
kempty_falls,2024-01-09,6020,1,0,0,,13.5,sunny,1
robbers_cave,2024-01-09,2597,1,0,0,,14.9,cloudy,1
taj_mahal,2024-01-10,22680,2,0,0,,14.7,sunny,1
jaipur_city_palace,2024-01-10,15002,2,0,0,,12.6,sunny,1
goa_baga_beach,2024-01-10,18509,2,0,0,,32.2,cloudy,1
kerala_backwaters,2024-01-10,10291,2,0,0,,12.5,sunny,1
varanasi_ghats,2024-01-10,11707,2,0,0,,11.8,rainy,1
hampi_ruins,2024-01-10,8121,2,0,0,,15.0,sunny,1
manali,2024-01-10,11033,2,0,0,,2.9,extreme_heat,1
mysore_palace,2024-01-10,12859,2,0,0,,14.5,cloudy,1
kempty_falls,2024-01-10,6377,2,0,0,,13.8,sunny,1
robbers_cave,2024-01-10,2649,2,0,0,,16.9,sunny,1
taj_mahal,2024-01-11,22005,3,0,0,,14.4,sunny,1
jaipur_city_palace,2024-01-11,17209,3,0,0,,10.5,sunny,1
goa_baga_beach,2024-01-11,18403,3,0,0,,24.9,sunny,1
kerala_backwaters,2024-01-11,9320,3,0,0,,13.9,cloudy,1
varanasi_ghats,2024-01-11,14059,3,0,0,,16.6,extreme_heat,1
hampi_ruins,2024-01-11,8615,3,0,0,,16.4,sunny,1
manali,2024-01-11,10394,3,0,0,,2.9,rainy,1
mysore_palace,2024-01-11,14957,3,0,0,,14.1,sunny,1
kempty_falls,2024-01-11,5894,3,0,0,,11.6,cloudy,1
robbers_cave,2024-01-11,3093,3,0,0,,16.3,sunny,1
taj_mahal,2024-01-12,15791,4,0,0,,15.5,extreme_heat,1
jaipur_city_palace,2024-01-12,11016,4,0,0,,11.7,rainy,1
goa_baga_beach,2024-01-12,16499,4,0,0,,29.3,cloudy,1
kerala_backwaters,2024-01-12,9062,4,0,0,,14.1,cloudy,1
varanasi_ghats,2024-01-12,17574,4,0,0,,14.6,cloudy,1
hampi_ruins,2024-01-12,7604,4,0,0,,9.4,sunny,1
manali,2024-01-12,13676,4,0,0,,2.8,sunny,1
mysore_palace,2024-01-12,12106,4,0,0,,12.8,sunny,1
kempty_falls,2024-01-12,6390,4,0,0,,17.0,cloudy,1
robbers_cave,2024-01-12,2784,4,0,0,,12.9,cloudy,1
taj_mahal,2024-01-13,33018,5,1,0,,14.5,cloudy,1
jaipur_city_palace,2024-01-13,22403,5,1,0,,12.3,sunny,1
goa_baga_beach,2024-01-13,18164,5,1,0,,28.8,extreme_heat,1
kerala_backwaters,2024-01-13,13510,5,1,0,,13.7,cloudy,1
varanasi_ghats,2024-01-13,26835,5,1,0,,12.4,cloudy,1
hampi_ruins,2024-01-13,8482,5,1,0,,14.0,extreme_heat,1
manali,2024-01-13,24200,5,1,0,,3.7,sunny,1
mysore_palace,2024-01-13,23458,5,1,0,,13.6,sunny,1
kempty_falls,2024-01-13,10440,5,1,0,,13.1,sunny,1
robbers_cave,2024-01-13,3531,5,1,0,,10.8,sunny,1
taj_mahal,2024-01-14,38072,6,1,0,,12.4,sunny,1
jaipur_city_palace,2024-01-14,19858,6,1,0,,14.6,sunny,1
goa_baga_beach,2024-01-14,31569,6,1,0,,28.1,sunny,1
kerala_backwaters,2024-01-14,10766,6,1,0,,15.4,extreme_heat,1
varanasi_ghats,2024-01-14,28941,6,1,0,,14.3,sunny,1
hampi_ruins,2024-01-14,12005,6,1,0,,15.1,sunny,1
manali,2024-01-14,24200,6,1,0,,2.4,sunny,1
mysore_palace,2024-01-14,22120,6,1,0,,15.0,sunny,1
kempty_falls,2024-01-14,8642,6,1,0,,15.7,cloudy,1
robbers_cave,2024-01-14,2674,6,1,0,,11.0,rainy,1
taj_mahal,2024-01-15,16127,0,0,0,,15.5,extreme_heat,1
jaipur_city_palace,2024-01-15,9774,0,0,0,,16.2,rainy,1
goa_baga_beach,2024-01-15,16752,0,0,0,,30.7,cloudy,1
kerala_backwaters,2024-01-15,8896,0,0,0,,12.8,cloudy,1
varanasi_ghats,2024-01-15,19065,0,0,0,,13.3,cloudy,1
hampi_ruins,2024-01-15,6931,0,0,0,,11.2,sunny,1
manali,2024-01-15,9088,0,0,0,,2.9,rainy,1
mysore_palace,2024-01-15,13268,0,0,0,,15.9,sunny,1
kempty_falls,2024-01-15,6516,0,0,0,,11.9,sunny,1
robbers_cave,2024-01-15,2639,0,0,0,,13.6,cloudy,1
taj_mahal,2024-01-16,20000,1,0,0,,16.6,sunny,1
jaipur_city_palace,2024-01-16,15645,1,0,0,,16.1,cloudy,1
goa_baga_beach,2024-01-16,19427,1,0,0,,28.8,sunny,1
kerala_backwaters,2024-01-16,10136,1,0,0,,17.9,sunny,1
varanasi_ghats,2024-01-16,16447,1,0,0,,14.3,sunny,1
hampi_ruins,2024-01-16,7362,1,0,0,,14.7,cloudy,1
manali,2024-01-16,13664,1,0,0,,0.3,sunny,1
mysore_palace,2024-01-16,13535,1,0,0,,11.8,sunny,1
kempty_falls,2024-01-16,5815,1,0,0,,17.9,sunny,1
robbers_cave,2024-01-16,2507,1,0,0,,14.7,cloudy,1
taj_mahal,2024-01-17,22064,2,0,0,,14.4,sunny,1
jaipur_city_palace,2024-01-17,15128,2,0,0,,16.1,sunny,1
goa_baga_beach,2024-01-17,21067,2,0,0,,33.2,sunny,1
kerala_backwaters,2024-01-17,7024,2,0,0,,14.2,extreme_heat,1
varanasi_ghats,2024-01-17,17335,2,0,0,,13.7,cloudy,1
hampi_ruins,2024-01-17,7930,2,0,0,,12.3,sunny,1
manali,2024-01-17,10959,2,0,0,,3.3,rainy,1
mysore_palace,2024-01-17,13518,2,0,0,,13.4,sunny,1
kempty_falls,2024-01-17,5824,2,0,0,,15.9,cloudy,1
robbers_cave,2024-01-17,1946,2,0,0,,10.0,rainy,1
taj_mahal,2024-01-18,18956,3,0,0,,15.8,cloudy,1
jaipur_city_palace,2024-01-18,12633,3,0,0,,8.1,extreme_heat,1
goa_baga_beach,2024-01-18,19603,3,0,0,,28.9,sunny,1
kerala_backwaters,2024-01-18,10160,3,0,0,,10.9,sunny,1
varanasi_ghats,2024-01-18,18126,3,0,0,,13.8,sunny,1
hampi_ruins,2024-01-18,8103,3,0,0,,15.3,sunny,1
manali,2024-01-18,14456,3,0,0,,5.3,cloudy,1
mysore_palace,2024-01-18,15417,3,0,0,,16.7,sunny,1
kempty_falls,2024-01-18,6366,3,0,0,,13.1,sunny,1
robbers_cave,2024-01-18,2622,3,0,0,,14.5,sunny,1
taj_mahal,2024-01-19,16451,4,0,0,,12.1,extreme_heat,1
jaipur_city_palace,2024-01-19,14468,4,0,0,,10.9,sunny,1
goa_baga_beach,2024-01-19,17711,4,0,0,,30.3,sunny,1
kerala_backwaters,2024-01-19,6682,4,0,0,,10.6,rainy,1
varanasi_ghats,2024-01-19,16545,4,0,0,,13.6,cloudy,1
hampi_ruins,2024-01-19,7988,4,0,0,,14.4,sunny,1
manali,2024-01-19,11121,4,0,0,,3.3,rainy,1
mysore_palace,2024-01-19,8946,4,0,0,,14.6,rainy,1
kempty_falls,2024-01-19,5491,4,0,0,,13.4,cloudy,1
robbers_cave,2024-01-19,2589,4,0,0,,11.5,sunny,1
taj_mahal,2024-01-20,34930,5,1,0,,12.2,sunny,1
jaipur_city_palace,2024-01-20,24313,5,1,0,,14.1,sunny,1
goa_baga_beach,2024-01-20,26869,5,1,0,,29.5,sunny,1
kerala_backwaters,2024-01-20,13368,5,1,0,,15.1,sunny,1
varanasi_ghats,2024-01-20,24556,5,1,0,,13.9,sunny,1
hampi_ruins,2024-01-20,8787,5,1,0,,14.4,extreme_heat,1
manali,2024-01-20,24020,5,1,0,,4.5,cloudy,1
mysore_palace,2024-01-20,14211,5,1,0,,9.2,extreme_heat,1
kempty_falls,2024-01-20,10960,5,1,0,,11.9,sunny,1
robbers_cave,2024-01-20,3920,5,1,0,,11.6,cloudy,1
taj_mahal,2024-01-21,26088,6,1,0,,17.2,extreme_heat,1
jaipur_city_palace,2024-01-21,22357,6,1,0,,17.6,cloudy,1
goa_baga_beach,2024-01-21,29418,6,1,0,,24.7,sunny,1
kerala_backwaters,2024-01-21,11588,6,1,0,,13.0,extreme_heat,1
varanasi_ghats,2024-01-21,27107,6,1,0,,10.5,sunny,1
hampi_ruins,2024-01-21,10982,6,1,0,,16.5,cloudy,1
manali,2024-01-21,17768,6,1,0,,3.1,rainy,1
mysore_palace,2024-01-21,20482,6,1,0,,10.6,sunny,1
kempty_falls,2024-01-21,9987,6,1,0,,14.5,cloudy,1
robbers_cave,2024-01-21,4368,6,1,0,,12.4,cloudy,1
taj_mahal,2024-01-22,25313,0,0,0,,14.5,sunny,1
jaipur_city_palace,2024-01-22,15445,0,0,0,,13.1,sunny,1
goa_baga_beach,2024-01-22,18093,0,0,0,,26.8,sunny,1
kerala_backwaters,2024-01-22,8779,0,0,0,,13.2,cloudy,1
varanasi_ghats,2024-01-22,21238,0,0,0,,9.2,sunny,1
hampi_ruins,2024-01-22,7004,0,0,0,,13.2,cloudy,1
manali,2024-01-22,9699,0,0,0,,1.4,rainy,1
mysore_palace,2024-01-22,12203,0,0,0,,15.2,sunny,1
kempty_falls,2024-01-22,4471,0,0,0,,15.4,extreme_heat,1
robbers_cave,2024-01-22,2833,0,0,0,,13.3,sunny,1
taj_mahal,2024-01-23,21972,1,0,0,,10.5,sunny,1
jaipur_city_palace,2024-01-23,17137,1,0,0,,17.7,sunny,1
goa_baga_beach,2024-01-23,19383,1,0,0,,25.8,sunny,1
kerala_backwaters,2024-01-23,10505,1,0,0,,12.3,cloudy,1
varanasi_ghats,2024-01-23,12331,1,0,0,,13.4,extreme_heat,1
hampi_ruins,2024-01-23,7511,1,0,0,,12.2,sunny,1
manali,2024-01-23,14460,1,0,0,,-1.4,sunny,1
mysore_palace,2024-01-23,13994,1,0,0,,13.0,cloudy,1
kempty_falls,2024-01-23,5636,1,0,0,,14.5,sunny,1
robbers_cave,2024-01-23,3215,1,0,0,,15.7,sunny,1
taj_mahal,2024-01-24,21258,2,0,0,,14.8,cloudy,1
jaipur_city_palace,2024-01-24,16634,2,0,0,,15.6,sunny,1
goa_baga_beach,2024-01-24,11793,2,0,0,,27.0,rainy,1
kerala_backwaters,2024-01-24,10718,2,0,0,,13.1,sunny,1
varanasi_ghats,2024-01-24,16189,2,0,0,,17.0,cloudy,1
hampi_ruins,2024-01-24,8136,2,0,0,,14.6,sunny,1
manali,2024-01-24,13052,2,0,0,,-2.5,sunny,1
mysore_palace,2024-01-24,12845,2,0,0,,9.4,sunny,1
kempty_falls,2024-01-24,6176,2,0,0,,13.6,sunny,1
robbers_cave,2024-01-24,2927,2,0,0,,11.9,sunny,1
taj_mahal,2024-01-25,23693,3,0,0,,12.0,sunny,1
jaipur_city_palace,2024-01-25,15103,3,0,0,,13.6,sunny,1
goa_baga_beach,2024-01-25,12273,3,0,0,,29.4,rainy,1
kerala_backwaters,2024-01-25,8819,3,0,0,,13.6,sunny,1
varanasi_ghats,2024-01-25,15387,3,0,0,,15.4,cloudy,1
hampi_ruins,2024-01-25,6181,3,0,0,,13.8,sunny,1
manali,2024-01-25,14773,3,0,0,,-1.0,cloudy,1
mysore_palace,2024-01-25,8817,3,0,0,,14.6,extreme_heat,1
kempty_falls,2024-01-25,6013,3,0,0,,11.8,cloudy,1
robbers_cave,2024-01-25,2760,3,0,0,,15.1,sunny,1
taj_mahal,2024-01-26,37424,4,0,1,Republic Day,14.3,sunny,1
jaipur_city_palace,2024-01-26,24048,4,0,1,Republic Day,10.8,cloudy,1
goa_baga_beach,2024-01-26,23689,4,0,1,Republic Day,30.4,cloudy,1
kerala_backwaters,2024-01-26,11616,4,0,1,Republic Day,14.2,rainy,1
varanasi_ghats,2024-01-26,24119,4,0,1,Republic Day,15.0,cloudy,1
hampi_ruins,2024-01-26,7537,4,0,1,Republic Day,14.0,extreme_heat,1
manali,2024-01-26,19388,4,0,1,Republic Day,6.1,extreme_heat,1
mysore_palace,2024-01-26,22582,4,0,1,Republic Day,12.2,sunny,1
kempty_falls,2024-01-26,10261,4,0,1,Republic Day,14.9,sunny,1
robbers_cave,2024-01-26,4299,4,0,1,Republic Day,15.5,sunny,1
taj_mahal,2024-01-27,32506,5,1,0,,10.4,sunny,1
jaipur_city_palace,2024-01-27,24526,5,1,0,,11.4,cloudy,1
goa_baga_beach,2024-01-27,20419,5,1,0,,30.7,rainy,1
kerala_backwaters,2024-01-27,13797,5,1,0,,14.0,sunny,1
varanasi_ghats,2024-01-27,23703,5,1,0,,14.8,sunny,1
hampi_ruins,2024-01-27,12971,5,1,0,,13.9,sunny,1
manali,2024-01-27,24200,5,1,0,,3.8,sunny,1
mysore_palace,2024-01-27,18990,5,1,0,,14.1,sunny,1
kempty_falls,2024-01-27,8505,5,1,0,,13.7,sunny,1
robbers_cave,2024-01-27,3298,5,1,0,,15.0,cloudy,1
taj_mahal,2024-01-28,37655,6,1,0,,13.8,cloudy,1
jaipur_city_palace,2024-01-28,22713,6,1,0,,16.1,sunny,1
goa_baga_beach,2024-01-28,31374,6,1,0,,25.8,sunny,1
kerala_backwaters,2024-01-28,15265,6,1,0,,16.6,cloudy,1
varanasi_ghats,2024-01-28,28914,6,1,0,,11.5,sunny,1
hampi_ruins,2024-01-28,11805,6,1,0,,13.6,cloudy,1
manali,2024-01-28,24200,6,1,0,,1.0,sunny,1
mysore_palace,2024-01-28,21677,6,1,0,,13.2,cloudy,1
kempty_falls,2024-01-28,11000,6,1,0,,11.7,sunny,1
robbers_cave,2024-01-28,3702,6,1,0,,11.7,sunny,1
taj_mahal,2024-01-29,22467,0,0,0,,14.1,sunny,1
jaipur_city_palace,2024-01-29,14819,0,0,0,,16.4,cloudy,1
goa_baga_beach,2024-01-29,18326,0,0,0,,31.1,sunny,1
kerala_backwaters,2024-01-29,9326,0,0,0,,12.5,cloudy,1
varanasi_ghats,2024-01-29,16308,0,0,0,,16.9,cloudy,1
hampi_ruins,2024-01-29,8621,0,0,0,,17.8,sunny,1
manali,2024-01-29,16859,0,0,0,,1.8,sunny,1
mysore_palace,2024-01-29,12422,0,0,0,,20.4,cloudy,1
kempty_falls,2024-01-29,4237,0,0,0,,15.9,extreme_heat,1
robbers_cave,2024-01-29,2760,0,0,0,,15.8,sunny,1
taj_mahal,2024-01-30,23451,1,0,0,,14.0,sunny,1
jaipur_city_palace,2024-01-30,9753,1,0,0,,10.1,extreme_heat,1
goa_baga_beach,2024-01-30,18076,1,0,0,,25.1,cloudy,1
kerala_backwaters,2024-01-30,8998,1,0,0,,12.6,sunny,1
varanasi_ghats,2024-01-30,17574,1,0,0,,13.2,sunny,1
hampi_ruins,2024-01-30,7998,1,0,0,,14.6,sunny,1
manali,2024-01-30,13813,1,0,0,,2.1,sunny,1
mysore_palace,2024-01-30,13745,1,0,0,,14.0,sunny,1
kempty_falls,2024-01-30,4744,1,0,0,,13.9,extreme_heat,1
robbers_cave,2024-01-30,1725,1,0,0,,11.8,extreme_heat,1
taj_mahal,2024-01-31,21897,2,0,0,,14.6,sunny,1
jaipur_city_palace,2024-01-31,9173,2,0,0,,9.0,rainy,1
goa_baga_beach,2024-01-31,18958,2,0,0,,26.9,sunny,1
kerala_backwaters,2024-01-31,6198,2,0,0,,13.4,rainy,1
varanasi_ghats,2024-01-31,15473,2,0,0,,12.3,sunny,1
hampi_ruins,2024-01-31,7097,2,0,0,,14.8,cloudy,1
manali,2024-01-31,13356,2,0,0,,5.2,extreme_heat,1
mysore_palace,2024-01-31,13938,2,0,0,,13.5,sunny,1
kempty_falls,2024-01-31,6500,2,0,0,,11.8,sunny,1
robbers_cave,2024-01-31,2913,2,0,0,,15.1,sunny,1
taj_mahal,2024-02-01,13606,3,0,0,,20.3,rainy,2
jaipur_city_palace,2024-02-01,12845,3,0,0,,19.1,sunny,2
goa_baga_beach,2024-02-01,13356,3,0,0,,28.4,extreme_heat,2
kerala_backwaters,2024-02-01,11598,3,0,0,,16.9,sunny,2
varanasi_ghats,2024-02-01,17312,3,0,0,,17.7,sunny,2
hampi_ruins,2024-02-01,7831,3,0,0,,18.2,sunny,2
manali,2024-02-01,6456,3,0,0,,6.3,extreme_heat,2
mysore_palace,2024-02-01,13763,3,0,0,,19.2,sunny,2
kempty_falls,2024-02-01,4576,3,0,0,,19.9,sunny,2
robbers_cave,2024-02-01,2811,3,0,0,,19.8,cloudy,2
taj_mahal,2024-02-02,23289,4,0,0,,18.6,sunny,2
jaipur_city_palace,2024-02-02,6959,4,0,0,,12.1,rainy,2
goa_baga_beach,2024-02-02,19622,4,0,0,,25.6,sunny,2
kerala_backwaters,2024-02-02,11185,4,0,0,,15.7,sunny,2
varanasi_ghats,2024-02-02,16755,4,0,0,,17.0,cloudy,2
hampi_ruins,2024-02-02,7639,4,0,0,,18.8,sunny,2
manali,2024-02-02,8526,4,0,0,,2.0,cloudy,2
mysore_palace,2024-02-02,13037,4,0,0,,15.3,sunny,2
kempty_falls,2024-02-02,4398,4,0,0,,19.8,sunny,2
robbers_cave,2024-02-02,2833,4,0,0,,17.8,sunny,2
taj_mahal,2024-02-03,35175,5,1,0,,16.0,cloudy,2
jaipur_city_palace,2024-02-03,22311,5,1,0,,17.2,cloudy,2
goa_baga_beach,2024-02-03,28870,5,1,0,,29.9,sunny,2
kerala_backwaters,2024-02-03,10325,5,1,0,,19.5,rainy,2
varanasi_ghats,2024-02-03,16783,5,1,0,,15.2,rainy,2
hampi_ruins,2024-02-03,12682,5,1,0,,17.0,sunny,2
manali,2024-02-03,12712,5,1,0,,7.6,cloudy,2
mysore_palace,2024-02-03,19942,5,1,0,,18.7,cloudy,2
kempty_falls,2024-02-03,6718,5,1,0,,18.3,sunny,2
robbers_cave,2024-02-03,4255,5,1,0,,16.5,sunny,2
taj_mahal,2024-02-04,38499,6,1,0,,18.0,sunny,2
jaipur_city_palace,2024-02-04,23843,6,1,0,,17.3,cloudy,2
goa_baga_beach,2024-02-04,29230,6,1,0,,26.5,sunny,2
kerala_backwaters,2024-02-04,14913,6,1,0,,14.7,sunny,2
varanasi_ghats,2024-02-04,27654,6,1,0,,18.1,sunny,2
hampi_ruins,2024-02-04,11864,6,1,0,,19.2,cloudy,2
manali,2024-02-04,12055,6,1,0,,4.8,sunny,2
mysore_palace,2024-02-04,21275,6,1,0,,17.3,cloudy,2
kempty_falls,2024-02-04,7939,6,1,0,,18.0,sunny,2
robbers_cave,2024-02-04,4293,6,1,0,,18.4,cloudy,2
taj_mahal,2024-02-05,15905,0,0,0,,16.9,rainy,2
jaipur_city_palace,2024-02-05,11158,0,0,0,,16.9,extreme_heat,2
goa_baga_beach,2024-02-05,19956,0,0,0,,27.1,sunny,2
kerala_backwaters,2024-02-05,9387,0,0,0,,18.2,sunny,2
varanasi_ghats,2024-02-05,11404,0,0,0,,16.9,extreme_heat,2
hampi_ruins,2024-02-05,7065,0,0,0,,18.9,cloudy,2
manali,2024-02-05,8008,0,0,0,,4.2,sunny,2
mysore_palace,2024-02-05,13600,0,0,0,,20.9,cloudy,2
kempty_falls,2024-02-05,4222,0,0,0,,18.2,cloudy,2
robbers_cave,2024-02-05,1914,0,0,0,,20.9,rainy,2
taj_mahal,2024-02-06,20735,1,0,0,,16.7,sunny,2
jaipur_city_palace,2024-02-06,9767,1,0,0,,18.9,rainy,2
goa_baga_beach,2024-02-06,18553,1,0,0,,28.6,sunny,2
kerala_backwaters,2024-02-06,10263,1,0,0,,14.8,sunny,2
varanasi_ghats,2024-02-06,15972,1,0,0,,20.6,cloudy,2
hampi_ruins,2024-02-06,7469,1,0,0,,20.9,sunny,2
manali,2024-02-06,9079,1,0,0,,4.9,sunny,2
mysore_palace,2024-02-06,12148,1,0,0,,17.2,sunny,2
kempty_falls,2024-02-06,4285,1,0,0,,19.3,sunny,2
robbers_cave,2024-02-06,2602,1,0,0,,18.0,cloudy,2
taj_mahal,2024-02-07,15791,2,0,0,,16.7,extreme_heat,2
jaipur_city_palace,2024-02-07,15483,2,0,0,,21.2,cloudy,2
goa_baga_beach,2024-02-07,19829,2,0,0,,31.5,sunny,2
kerala_backwaters,2024-02-07,8735,2,0,0,,19.2,cloudy,2
varanasi_ghats,2024-02-07,10737,2,0,0,,19.4,rainy,2
hampi_ruins,2024-02-07,8460,2,0,0,,20.6,sunny,2
manali,2024-02-07,8827,2,0,0,,3.5,sunny,2
mysore_palace,2024-02-07,9826,2,0,0,,18.2,rainy,2
kempty_falls,2024-02-07,4144,2,0,0,,17.3,sunny,2
robbers_cave,2024-02-07,2538,2,0,0,,18.9,sunny,2
taj_mahal,2024-02-08,22190,3,0,0,,17.5,sunny,2
jaipur_city_palace,2024-02-08,14825,3,0,0,,21.5,sunny,2
goa_baga_beach,2024-02-08,12026,3,0,0,,24.8,rainy,2
kerala_backwaters,2024-02-08,9947,3,0,0,,16.6,sunny,2
varanasi_ghats,2024-02-08,17693,3,0,0,,20.6,sunny,2
hampi_ruins,2024-02-08,8170,3,0,0,,17.8,cloudy,2
manali,2024-02-08,7318,3,0,0,,-0.6,sunny,2
mysore_palace,2024-02-08,14385,3,0,0,,18.0,sunny,2
kempty_falls,2024-02-08,4871,3,0,0,,17.2,sunny,2
robbers_cave,2024-02-08,1931,3,0,0,,18.4,extreme_heat,2
taj_mahal,2024-02-09,22881,4,0,0,,16.9,sunny,2
jaipur_city_palace,2024-02-09,8509,4,0,0,,18.0,extreme_heat,2
goa_baga_beach,2024-02-09,18351,4,0,0,,26.2,sunny,2
kerala_backwaters,2024-02-09,8821,4,0,0,,17.5,cloudy,2
varanasi_ghats,2024-02-09,13119,4,0,0,,16.3,rainy,2
hampi_ruins,2024-02-09,6865,4,0,0,,17.2,sunny,2
manali,2024-02-09,8282,4,0,0,,0.2,sunny,2
mysore_palace,2024-02-09,8460,4,0,0,,17.8,rainy,2
kempty_falls,2024-02-09,4650,4,0,0,,18.3,sunny,2
robbers_cave,2024-02-09,2401,4,0,0,,15.4,cloudy,2
taj_mahal,2024-02-10,30274,5,1,0,,19.3,sunny,2
jaipur_city_palace,2024-02-10,22603,5,1,0,,17.4,cloudy,2
goa_baga_beach,2024-02-10,30635,5,1,0,,28.7,sunny,2
kerala_backwaters,2024-02-10,17459,5,1,0,,17.5,sunny,2
varanasi_ghats,2024-02-10,24499,5,1,0,,21.9,sunny,2
hampi_ruins,2024-02-10,10140,5,1,0,,21.0,sunny,2
manali,2024-02-10,13389,5,1,0,,3.0,sunny,2
mysore_palace,2024-02-10,19605,5,1,0,,16.7,sunny,2
kempty_falls,2024-02-10,6911,5,1,0,,16.2,sunny,2
robbers_cave,2024-02-10,3990,5,1,0,,19.8,sunny,2
taj_mahal,2024-02-11,32512,6,1,0,,16.6,sunny,2
jaipur_city_palace,2024-02-11,20929,6,1,0,,14.4,cloudy,2
goa_baga_beach,2024-02-11,31914,6,1,0,,31.6,cloudy,2
kerala_backwaters,2024-02-11,10549,6,1,0,,18.8,extreme_heat,2
varanasi_ghats,2024-02-11,27109,6,1,0,,19.0,sunny,2
hampi_ruins,2024-02-11,7569,6,1,0,,19.1,rainy,2
manali,2024-02-11,14600,6,1,0,,1.8,sunny,2
mysore_palace,2024-02-11,21259,6,1,0,,18.7,cloudy,2
kempty_falls,2024-02-11,8150,6,1,0,,19.1,sunny,2
robbers_cave,2024-02-11,4689,6,1,0,,20.6,cloudy,2
taj_mahal,2024-02-12,22803,0,0,0,,16.9,sunny,2
jaipur_city_palace,2024-02-12,10439,0,0,0,,17.2,extreme_heat,2
goa_baga_beach,2024-02-12,21193,0,0,0,,25.9,sunny,2
kerala_backwaters,2024-02-12,9020,0,0,0,,16.4,cloudy,2
varanasi_ghats,2024-02-12,17586,0,0,0,,16.7,sunny,2
hampi_ruins,2024-02-12,8164,0,0,0,,21.5,sunny,2
manali,2024-02-12,8678,0,0,0,,4.2,sunny,2
mysore_palace,2024-02-12,12933,0,0,0,,17.9,sunny,2
kempty_falls,2024-02-12,4478,0,0,0,,19.3,cloudy,2
robbers_cave,2024-02-12,1833,0,0,0,,21.1,extreme_heat,2
taj_mahal,2024-02-13,21586,1,0,0,,18.7,cloudy,2
jaipur_city_palace,2024-02-13,14782,1,0,0,,16.8,cloudy,2
goa_baga_beach,2024-02-13,14837,1,0,0,,28.6,cloudy,2
kerala_backwaters,2024-02-13,10129,1,0,0,,14.0,sunny,2
varanasi_ghats,2024-02-13,17607,1,0,0,,18.5,sunny,2
hampi_ruins,2024-02-13,7280,1,0,0,,22.0,cloudy,2
manali,2024-02-13,7094,1,0,0,,3.1,cloudy,2
mysore_palace,2024-02-13,8479,1,0,0,,18.5,extreme_heat,2
kempty_falls,2024-02-13,4152,1,0,0,,16.7,sunny,2
robbers_cave,2024-02-13,2150,1,0,0,,18.1,sunny,2
taj_mahal,2024-02-14,22224,2,0,0,,19.2,sunny,2
jaipur_city_palace,2024-02-14,15781,2,0,0,,13.0,cloudy,2
goa_baga_beach,2024-02-14,17116,2,0,0,,23.4,sunny,2
kerala_backwaters,2024-02-14,6764,2,0,0,,19.6,rainy,2
varanasi_ghats,2024-02-14,11280,2,0,0,,19.1,rainy,2
hampi_ruins,2024-02-14,8280,2,0,0,,18.8,sunny,2
manali,2024-02-14,8535,2,0,0,,2.5,cloudy,2
mysore_palace,2024-02-14,14933,2,0,0,,14.9,sunny,2
kempty_falls,2024-02-14,4455,2,0,0,,18.6,sunny,2
robbers_cave,2024-02-14,2468,2,0,0,,19.5,sunny,2
taj_mahal,2024-02-15,23427,3,0,0,,19.8,sunny,2
jaipur_city_palace,2024-02-15,15916,3,0,0,,21.7,sunny,2
goa_baga_beach,2024-02-15,16809,3,0,0,,34.4,cloudy,2
kerala_backwaters,2024-02-15,9655,3,0,0,,18.9,sunny,2
varanasi_ghats,2024-02-15,12671,3,0,0,,15.9,extreme_heat,2
hampi_ruins,2024-02-15,7494,3,0,0,,16.5,sunny,2
manali,2024-02-15,5649,3,0,0,,3.5,extreme_heat,2
mysore_palace,2024-02-15,9345,3,0,0,,18.7,rainy,2
kempty_falls,2024-02-15,3047,3,0,0,,17.2,extreme_heat,2
robbers_cave,2024-02-15,2898,3,0,0,,17.5,sunny,2
taj_mahal,2024-02-16,21991,4,0,0,,14.5,sunny,2
jaipur_city_palace,2024-02-16,11709,4,0,0,,18.8,extreme_heat,2
goa_baga_beach,2024-02-16,15779,4,0,0,,31.5,cloudy,2
kerala_backwaters,2024-02-16,5711,4,0,0,,19.7,rainy,2
varanasi_ghats,2024-02-16,17503,4,0,0,,18.0,cloudy,2
hampi_ruins,2024-02-16,5493,4,0,0,,18.4,rainy,2
manali,2024-02-16,8771,4,0,0,,6.5,sunny,2
mysore_palace,2024-02-16,13964,4,0,0,,17.7,sunny,2
kempty_falls,2024-02-16,4621,4,0,0,,20.5,sunny,2
robbers_cave,2024-02-16,2113,4,0,0,,16.2,extreme_heat,2
taj_mahal,2024-02-17,28927,5,1,0,,16.9,sunny,2
jaipur_city_palace,2024-02-17,22349,5,1,0,,21.7,sunny,2
goa_baga_beach,2024-02-17,21722,5,1,0,,30.2,extreme_heat,2
kerala_backwaters,2024-02-17,14525,5,1,0,,17.4,sunny,2
varanasi_ghats,2024-02-17,25652,5,1,0,,16.8,cloudy,2
hampi_ruins,2024-02-17,11215,5,1,0,,19.3,cloudy,2
manali,2024-02-17,11216,5,1,0,,3.2,cloudy,2
mysore_palace,2024-02-17,19373,5,1,0,,20.5,sunny,2
kempty_falls,2024-02-17,7274,5,1,0,,22.5,sunny,2
robbers_cave,2024-02-17,3783,5,1,0,,18.1,cloudy,2
taj_mahal,2024-02-18,37070,6,1,0,,18.8,sunny,2
jaipur_city_palace,2024-02-18,26155,6,1,0,,16.2,sunny,2
goa_baga_beach,2024-02-18,29790,6,1,0,,30.3,sunny,2
kerala_backwaters,2024-02-18,14115,6,1,0,,16.1,sunny,2
varanasi_ghats,2024-02-18,27420,6,1,0,,18.5,sunny,2
hampi_ruins,2024-02-18,13272,6,1,0,,12.1,sunny,2
manali,2024-02-18,12887,6,1,0,,2.7,sunny,2
mysore_palace,2024-02-18,21706,6,1,0,,20.9,cloudy,2
kempty_falls,2024-02-18,7072,6,1,0,,22.7,sunny,2
robbers_cave,2024-02-18,4527,6,1,0,,16.8,sunny,2
taj_mahal,2024-02-19,24075,0,0,0,,17.8,cloudy,2
jaipur_city_palace,2024-02-19,9899,0,0,0,,17.8,rainy,2
goa_baga_beach,2024-02-19,19338,0,0,0,,32.6,cloudy,2
kerala_backwaters,2024-02-19,10451,0,0,0,,16.6,sunny,2
varanasi_ghats,2024-02-19,15825,0,0,0,,20.0,sunny,2
hampi_ruins,2024-02-19,6491,0,0,0,,15.3,sunny,2
manali,2024-02-19,8990,0,0,0,,4.2,sunny,2
mysore_palace,2024-02-19,8892,0,0,0,,13.5,rainy,2
kempty_falls,2024-02-19,3052,0,0,0,,22.2,extreme_heat,2
robbers_cave,2024-02-19,2822,0,0,0,,21.4,sunny,2
taj_mahal,2024-02-20,22886,1,0,0,,18.2,cloudy,2
jaipur_city_palace,2024-02-20,13459,1,0,0,,16.4,sunny,2
goa_baga_beach,2024-02-20,17968,1,0,0,,29.7,sunny,2
kerala_backwaters,2024-02-20,8755,1,0,0,,18.0,cloudy,2
varanasi_ghats,2024-02-20,18096,1,0,0,,17.3,sunny,2
hampi_ruins,2024-02-20,4450,1,0,0,,15.7,rainy,2
manali,2024-02-20,9954,1,0,0,,2.9,sunny,2
mysore_palace,2024-02-20,14413,1,0,0,,18.7,sunny,2
kempty_falls,2024-02-20,4958,1,0,0,,13.8,cloudy,2
robbers_cave,2024-02-20,2818,1,0,0,,18.3,sunny,2
taj_mahal,2024-02-21,19628,2,0,0,,19.8,sunny,2
jaipur_city_palace,2024-02-21,11695,2,0,0,,18.4,extreme_heat,2
goa_baga_beach,2024-02-21,11039,2,0,0,,28.4,rainy,2
kerala_backwaters,2024-02-21,6453,2,0,0,,12.5,rainy,2
varanasi_ghats,2024-02-21,19331,2,0,0,,17.2,sunny,2
hampi_ruins,2024-02-21,7933,2,0,0,,17.7,sunny,2
manali,2024-02-21,9221,2,0,0,,5.1,cloudy,2
mysore_palace,2024-02-21,12796,2,0,0,,15.7,sunny,2
kempty_falls,2024-02-21,2707,2,0,0,,19.5,rainy,2
robbers_cave,2024-02-21,1873,2,0,0,,21.0,rainy,2
taj_mahal,2024-02-22,25155,3,0,0,,18.5,sunny,2
jaipur_city_palace,2024-02-22,14148,3,0,0,,17.5,sunny,2
goa_baga_beach,2024-02-22,16531,3,0,0,,30.1,sunny,2
kerala_backwaters,2024-02-22,6850,3,0,0,,16.6,extreme_heat,2
varanasi_ghats,2024-02-22,15781,3,0,0,,15.2,cloudy,2
hampi_ruins,2024-02-22,4857,3,0,0,,19.5,rainy,2
manali,2024-02-22,8412,3,0,0,,3.2,sunny,2
mysore_palace,2024-02-22,13156,3,0,0,,15.7,sunny,2
kempty_falls,2024-02-22,4763,3,0,0,,15.7,sunny,2
robbers_cave,2024-02-22,2652,3,0,0,,14.8,sunny,2
taj_mahal,2024-02-23,20043,4,0,0,,18.7,sunny,2
jaipur_city_palace,2024-02-23,16364,4,0,0,,15.5,sunny,2
goa_baga_beach,2024-02-23,20699,4,0,0,,24.6,sunny,2
kerala_backwaters,2024-02-23,6183,4,0,0,,17.7,rainy,2
varanasi_ghats,2024-02-23,13615,4,0,0,,17.8,cloudy,2
hampi_ruins,2024-02-23,7284,4,0,0,,19.9,sunny,2
manali,2024-02-23,5769,4,0,0,,1.2,rainy,2
mysore_palace,2024-02-23,10053,4,0,0,,16.5,extreme_heat,2
kempty_falls,2024-02-23,3548,4,0,0,,18.6,extreme_heat,2
robbers_cave,2024-02-23,2797,4,0,0,,15.9,cloudy,2
taj_mahal,2024-02-24,33170,5,1,0,,20.5,sunny,2
jaipur_city_palace,2024-02-24,23034,5,1,0,,20.7,sunny,2
goa_baga_beach,2024-02-24,18852,5,1,0,,28.6,rainy,2
kerala_backwaters,2024-02-24,15215,5,1,0,,17.5,sunny,2
varanasi_ghats,2024-02-24,32629,5,1,0,,16.6,sunny,2
hampi_ruins,2024-02-24,10650,5,1,0,,14.4,sunny,2
manali,2024-02-24,13607,5,1,0,,5.2,cloudy,2
mysore_palace,2024-02-24,15871,5,1,0,,20.4,extreme_heat,2
kempty_falls,2024-02-24,6953,5,1,0,,13.3,sunny,2
robbers_cave,2024-02-24,3781,5,1,0,,20.2,sunny,2
taj_mahal,2024-02-25,37367,6,1,0,,18.3,sunny,2
jaipur_city_palace,2024-02-25,24945,6,1,0,,20.2,cloudy,2
goa_baga_beach,2024-02-25,26866,6,1,0,,29.0,sunny,2
kerala_backwaters,2024-02-25,14859,6,1,0,,19.0,cloudy,2
varanasi_ghats,2024-02-25,28542,6,1,0,,19.3,sunny,2
hampi_ruins,2024-02-25,11406,6,1,0,,17.8,cloudy,2
manali,2024-02-25,11184,6,1,0,,2.6,extreme_heat,2
mysore_palace,2024-02-25,20812,6,1,0,,19.1,cloudy,2
kempty_falls,2024-02-25,5918,6,1,0,,14.9,cloudy,2
robbers_cave,2024-02-25,3626,6,1,0,,19.5,extreme_heat,2
taj_mahal,2024-02-26,24646,0,0,0,,15.8,cloudy,2
jaipur_city_palace,2024-02-26,15391,0,0,0,,20.4,sunny,2
goa_baga_beach,2024-02-26,17844,0,0,0,,29.0,sunny,2
kerala_backwaters,2024-02-26,7132,0,0,0,,17.8,extreme_heat,2
varanasi_ghats,2024-02-26,14593,0,0,0,,18.9,cloudy,2
hampi_ruins,2024-02-26,6765,0,0,0,,20.0,cloudy,2
manali,2024-02-26,8262,0,0,0,,3.4,sunny,2
mysore_palace,2024-02-26,13151,0,0,0,,16.9,sunny,2
kempty_falls,2024-02-26,2983,0,0,0,,19.3,rainy,2
robbers_cave,2024-02-26,1809,0,0,0,,17.7,extreme_heat,2
taj_mahal,2024-02-27,14115,1,0,0,,14.9,rainy,2
jaipur_city_palace,2024-02-27,14557,1,0,0,,15.5,sunny,2
goa_baga_beach,2024-02-27,19208,1,0,0,,33.7,sunny,2
kerala_backwaters,2024-02-27,9684,1,0,0,,15.7,cloudy,2
varanasi_ghats,2024-02-27,20325,1,0,0,,13.3,sunny,2
hampi_ruins,2024-02-27,7771,1,0,0,,17.1,cloudy,2
manali,2024-02-27,4785,1,0,0,,3.7,rainy,2
mysore_palace,2024-02-27,12737,1,0,0,,19.3,sunny,2
kempty_falls,2024-02-27,3017,1,0,0,,18.3,extreme_heat,2
robbers_cave,2024-02-27,2926,1,0,0,,19.2,sunny,2
taj_mahal,2024-02-28,26169,2,0,0,,15.2,sunny,2
jaipur_city_palace,2024-02-28,13982,2,0,0,,20.3,sunny,2
goa_baga_beach,2024-02-28,18009,2,0,0,,27.9,cloudy,2
kerala_backwaters,2024-02-28,9412,2,0,0,,17.8,cloudy,2
varanasi_ghats,2024-02-28,18931,2,0,0,,15.1,sunny,2
hampi_ruins,2024-02-28,7064,2,0,0,,15.3,sunny,2
manali,2024-02-28,10064,2,0,0,,4.2,sunny,2
mysore_palace,2024-02-28,14604,2,0,0,,19.0,sunny,2
kempty_falls,2024-02-28,4613,2,0,0,,16.5,sunny,2
robbers_cave,2024-02-28,2533,2,0,0,,17.0,sunny,2
taj_mahal,2024-02-29,21654,3,0,0,,16.8,sunny,2
jaipur_city_palace,2024-02-29,16329,3,0,0,,20.2,cloudy,2
goa_baga_beach,2024-02-29,18056,3,0,0,,33.5,cloudy,2
kerala_backwaters,2024-02-29,9093,3,0,0,,15.6,cloudy,2
varanasi_ghats,2024-02-29,17436,3,0,0,,15.9,sunny,2
hampi_ruins,2024-02-29,7005,3,0,0,,15.6,sunny,2
manali,2024-02-29,8776,3,0,0,,9.6,sunny,2
mysore_palace,2024-02-29,11803,3,0,0,,17.1,cloudy,2
kempty_falls,2024-02-29,4377,3,0,0,,21.4,cloudy,2
robbers_cave,2024-02-29,2458,3,0,0,,15.3,sunny,2
taj_mahal,2024-03-01,22853,4,0,0,,28.9,sunny,3
jaipur_city_palace,2024-03-01,11166,4,0,0,,21.1,extreme_heat,3
goa_baga_beach,2024-03-01,8246,4,0,0,,33.4,extreme_heat,3
kerala_backwaters,2024-03-01,6245,4,0,0,,26.6,sunny,3
varanasi_ghats,2024-03-01,17216,4,0,0,,26.0,sunny,3
hampi_ruins,2024-03-01,7362,4,0,0,,22.3,sunny,3
manali,2024-03-01,6077,4,0,0,,7.7,extreme_heat,3
mysore_palace,2024-03-01,13522,4,0,0,,25.9,sunny,3
kempty_falls,2024-03-01,3618,4,0,0,,25.2,cloudy,3
robbers_cave,2024-03-01,2709,4,0,0,,27.0,sunny,3
taj_mahal,2024-03-02,20054,5,1,0,,27.9,extreme_heat,3
jaipur_city_palace,2024-03-02,22989,5,1,0,,26.5,sunny,3
goa_baga_beach,2024-03-02,15233,5,1,0,,30.1,extreme_heat,3
kerala_backwaters,2024-03-02,8530,5,1,0,,27.0,cloudy,3
varanasi_ghats,2024-03-02,27824,5,1,0,,27.5,sunny,3
hampi_ruins,2024-03-02,12121,5,1,0,,24.2,sunny,3
manali,2024-03-02,9279,5,1,0,,11.1,extreme_heat,3
mysore_palace,2024-03-02,18932,5,1,0,,27.5,sunny,3
kempty_falls,2024-03-02,6458,5,1,0,,26.8,cloudy,3
robbers_cave,2024-03-02,4529,5,1,0,,26.4,sunny,3
taj_mahal,2024-03-03,36572,6,1,0,,24.2,sunny,3
jaipur_city_palace,2024-03-03,14174,6,1,0,,27.8,rainy,3
goa_baga_beach,2024-03-03,18814,6,1,0,,26.9,cloudy,3
kerala_backwaters,2024-03-03,11005,6,1,0,,25.2,sunny,3
varanasi_ghats,2024-03-03,29948,6,1,0,,26.5,sunny,3
hampi_ruins,2024-03-03,11415,6,1,0,,27.0,cloudy,3
manali,2024-03-03,12880,6,1,0,,10.1,sunny,3
mysore_palace,2024-03-03,24853,6,1,0,,27.3,sunny,3
kempty_falls,2024-03-03,4772,6,1,0,,28.0,rainy,3
robbers_cave,2024-03-03,2955,6,1,0,,25.6,extreme_heat,3
taj_mahal,2024-03-04,21661,0,0,0,,26.5,sunny,3
jaipur_city_palace,2024-03-04,13141,0,0,0,,24.8,cloudy,3
goa_baga_beach,2024-03-04,15454,0,0,0,,27.3,sunny,3
kerala_backwaters,2024-03-04,7618,0,0,0,,28.9,sunny,3
varanasi_ghats,2024-03-04,16894,0,0,0,,28.8,cloudy,3
hampi_ruins,2024-03-04,6571,0,0,0,,22.0,cloudy,3
manali,2024-03-04,6104,0,0,0,,8.4,rainy,3
mysore_palace,2024-03-04,12599,0,0,0,,28.0,sunny,3
kempty_falls,2024-03-04,4291,0,0,0,,21.7,sunny,3
robbers_cave,2024-03-04,2603,0,0,0,,22.9,sunny,3
taj_mahal,2024-03-05,17237,1,0,0,,23.8,extreme_heat,3
jaipur_city_palace,2024-03-05,15869,1,0,0,,27.2,sunny,3
goa_baga_beach,2024-03-05,13659,1,0,0,,28.7,sunny,3
kerala_backwaters,2024-03-05,4725,1,0,0,,25.1,extreme_heat,3
varanasi_ghats,2024-03-05,13523,1,0,0,,27.0,sunny,3
hampi_ruins,2024-03-05,6828,1,0,0,,28.4,cloudy,3
manali,2024-03-05,7944,1,0,0,,10.1,sunny,3
mysore_palace,2024-03-05,11143,1,0,0,,23.8,cloudy,3
kempty_falls,2024-03-05,4071,1,0,0,,28.3,sunny,3
robbers_cave,2024-03-05,2743,1,0,0,,24.8,cloudy,3
taj_mahal,2024-03-06,21948,2,0,0,,27.5,sunny,3
jaipur_city_palace,2024-03-06,12813,2,0,0,,24.3,cloudy,3
goa_baga_beach,2024-03-06,12245,2,0,0,,34.2,sunny,3
kerala_backwaters,2024-03-06,6143,2,0,0,,24.6,cloudy,3
varanasi_ghats,2024-03-06,13835,2,0,0,,26.2,cloudy,3
hampi_ruins,2024-03-06,7105,2,0,0,,25.2,sunny,3
manali,2024-03-06,10441,2,0,0,,6.2,sunny,3
mysore_palace,2024-03-06,11890,2,0,0,,26.1,sunny,3
kempty_falls,2024-03-06,4131,2,0,0,,24.7,sunny,3
robbers_cave,2024-03-06,1847,2,0,0,,27.8,extreme_heat,3
taj_mahal,2024-03-07,13987,3,0,0,,24.8,rainy,3
jaipur_city_palace,2024-03-07,14232,3,0,0,,25.5,sunny,3
goa_baga_beach,2024-03-07,13404,3,0,0,,32.0,sunny,3
kerala_backwaters,2024-03-07,7064,3,0,0,,25.1,sunny,3
varanasi_ghats,2024-03-07,20034,3,0,0,,25.4,sunny,3
hampi_ruins,2024-03-07,6094,3,0,0,,23.3,cloudy,3
manali,2024-03-07,9352,3,0,0,,8.4,sunny,3
mysore_palace,2024-03-07,9031,3,0,0,,26.3,rainy,3
kempty_falls,2024-03-07,4176,3,0,0,,25.5,cloudy,3
robbers_cave,2024-03-07,2526,3,0,0,,26.4,sunny,3
taj_mahal,2024-03-08,22486,4,0,0,,23.3,cloudy,3
jaipur_city_palace,2024-03-08,14465,4,0,0,,26.5,cloudy,3
goa_baga_beach,2024-03-08,12731,4,0,0,,31.8,cloudy,3
kerala_backwaters,2024-03-08,4858,4,0,0,,24.9,extreme_heat,3
varanasi_ghats,2024-03-08,17995,4,0,0,,24.7,sunny,3
hampi_ruins,2024-03-08,5252,4,0,0,,23.2,extreme_heat,3
manali,2024-03-08,6143,4,0,0,,5.8,rainy,3
mysore_palace,2024-03-08,10213,4,0,0,,23.5,extreme_heat,3
kempty_falls,2024-03-08,3190,4,0,0,,26.0,extreme_heat,3
robbers_cave,2024-03-08,2826,4,0,0,,25.9,sunny,3
taj_mahal,2024-03-09,31870,5,1,0,,27.0,sunny,3
jaipur_city_palace,2024-03-09,20261,5,1,0,,26.3,sunny,3
goa_baga_beach,2024-03-09,16035,5,1,0,,28.1,sunny,3
kerala_backwaters,2024-03-09,11930,5,1,0,,26.4,sunny,3
varanasi_ghats,2024-03-09,25620,5,1,0,,25.0,sunny,3
hampi_ruins,2024-03-09,10920,5,1,0,,26.2,sunny,3
manali,2024-03-09,13127,5,1,0,,10.0,cloudy,3
mysore_palace,2024-03-09,23977,5,1,0,,27.8,sunny,3
kempty_falls,2024-03-09,6213,5,1,0,,24.5,sunny,3
robbers_cave,2024-03-09,4083,5,1,0,,27.3,sunny,3
taj_mahal,2024-03-10,32960,6,1,0,,23.8,sunny,3
jaipur_city_palace,2024-03-10,25074,6,1,0,,28.3,sunny,3
goa_baga_beach,2024-03-10,13020,6,1,0,,32.2,extreme_heat,3
kerala_backwaters,2024-03-10,9744,6,1,0,,24.8,cloudy,3
varanasi_ghats,2024-03-10,29283,6,1,0,,29.4,sunny,3
hampi_ruins,2024-03-10,13120,6,1,0,,25.4,sunny,3
manali,2024-03-10,9991,6,1,0,,7.9,extreme_heat,3
mysore_palace,2024-03-10,18797,6,1,0,,25.3,sunny,3
kempty_falls,2024-03-10,6917,6,1,0,,25.5,sunny,3
robbers_cave,2024-03-10,4369,6,1,0,,23.4,sunny,3
taj_mahal,2024-03-11,23419,0,0,0,,21.7,sunny,3
jaipur_city_palace,2024-03-11,15312,0,0,0,,26.8,sunny,3
goa_baga_beach,2024-03-11,9378,0,0,0,,33.0,extreme_heat,3
kerala_backwaters,2024-03-11,7469,0,0,0,,25.1,sunny,3
varanasi_ghats,2024-03-11,11587,0,0,0,,26.4,rainy,3
hampi_ruins,2024-03-11,7633,0,0,0,,27.6,cloudy,3
manali,2024-03-11,5389,0,0,0,,9.7,extreme_heat,3
mysore_palace,2024-03-11,11361,0,0,0,,29.1,cloudy,3
kempty_falls,2024-03-11,4399,0,0,0,,24.6,sunny,3
robbers_cave,2024-03-11,2350,0,0,0,,25.0,cloudy,3
taj_mahal,2024-03-12,23388,1,0,0,,24.4,sunny,3
jaipur_city_palace,2024-03-12,15360,1,0,0,,27.0,sunny,3
goa_baga_beach,2024-03-12,13568,1,0,0,,32.0,sunny,3
kerala_backwaters,2024-03-12,4969,1,0,0,,26.2,rainy,3
varanasi_ghats,2024-03-12,16498,1,0,0,,27.1,sunny,3
hampi_ruins,2024-03-12,7677,1,0,0,,26.1,sunny,3
manali,2024-03-12,8839,1,0,0,,12.4,cloudy,3
mysore_palace,2024-03-12,16452,1,0,0,,28.1,sunny,3
kempty_falls,2024-03-12,2949,1,0,0,,25.2,extreme_heat,3
robbers_cave,2024-03-12,2883,1,0,0,,25.3,sunny,3
taj_mahal,2024-03-13,21382,2,0,0,,26.6,cloudy,3
jaipur_city_palace,2024-03-13,15597,2,0,0,,25.3,sunny,3
goa_baga_beach,2024-03-13,12482,2,0,0,,29.6,sunny,3
kerala_backwaters,2024-03-13,7273,2,0,0,,27.9,sunny,3
varanasi_ghats,2024-03-13,15623,2,0,0,,25.9,cloudy,3
hampi_ruins,2024-03-13,5150,2,0,0,,23.8,rainy,3
manali,2024-03-13,9013,2,0,0,,8.7,cloudy,3
mysore_palace,2024-03-13,12813,2,0,0,,24.5,sunny,3
kempty_falls,2024-03-13,4718,2,0,0,,28.6,sunny,3
robbers_cave,2024-03-13,2331,2,0,0,,28.5,sunny,3
taj_mahal,2024-03-14,21136,3,0,0,,24.5,sunny,3
jaipur_city_palace,2024-03-14,13648,3,0,0,,23.8,sunny,3
goa_baga_beach,2024-03-14,14020,3,0,0,,31.7,sunny,3
kerala_backwaters,2024-03-14,6985,3,0,0,,27.0,sunny,3
varanasi_ghats,2024-03-14,14261,3,0,0,,30.2,cloudy,3
hampi_ruins,2024-03-14,7192,3,0,0,,24.0,cloudy,3
manali,2024-03-14,10448,3,0,0,,7.8,sunny,3
mysore_palace,2024-03-14,12828,3,0,0,,27.1,sunny,3
kempty_falls,2024-03-14,4562,3,0,0,,24.0,sunny,3
robbers_cave,2024-03-14,2703,3,0,0,,22.3,sunny,3
taj_mahal,2024-03-15,21701,4,0,0,,25.6,sunny,3
jaipur_city_palace,2024-03-15,15852,4,0,0,,25.6,sunny,3
goa_baga_beach,2024-03-15,13007,4,0,0,,33.2,sunny,3
kerala_backwaters,2024-03-15,6950,4,0,0,,26.9,sunny,3
varanasi_ghats,2024-03-15,13624,4,0,0,,27.6,extreme_heat,3
hampi_ruins,2024-03-15,7190,4,0,0,,29.6,cloudy,3
manali,2024-03-15,8533,4,0,0,,8.0,sunny,3
mysore_palace,2024-03-15,12358,4,0,0,,23.0,cloudy,3
kempty_falls,2024-03-15,2668,4,0,0,,26.2,rainy,3
robbers_cave,2024-03-15,2684,4,0,0,,26.5,cloudy,3
taj_mahal,2024-03-16,33573,5,1,0,,30.4,cloudy,3
jaipur_city_palace,2024-03-16,25552,5,1,0,,23.8,sunny,3
goa_baga_beach,2024-03-16,20187,5,1,0,,29.2,sunny,3
kerala_backwaters,2024-03-16,10537,5,1,0,,25.8,sunny,3
varanasi_ghats,2024-03-16,22334,5,1,0,,28.5,cloudy,3
hampi_ruins,2024-03-16,10777,5,1,0,,27.9,sunny,3
manali,2024-03-16,13441,5,1,0,,4.8,sunny,3
mysore_palace,2024-03-16,14455,5,1,0,,28.3,extreme_heat,3
kempty_falls,2024-03-16,7308,5,1,0,,27.4,sunny,3
robbers_cave,2024-03-16,4130,5,1,0,,23.6,sunny,3
taj_mahal,2024-03-17,19234,6,1,0,,28.2,rainy,3
jaipur_city_palace,2024-03-17,23980,6,1,0,,24.4,sunny,3
goa_baga_beach,2024-03-17,22809,6,1,0,,32.0,sunny,3
kerala_backwaters,2024-03-17,11177,6,1,0,,25.6,sunny,3
varanasi_ghats,2024-03-17,29855,6,1,0,,26.8,sunny,3
hampi_ruins,2024-03-17,9195,6,1,0,,27.8,sunny,3
manali,2024-03-17,13866,6,1,0,,5.4,sunny,3
mysore_palace,2024-03-17,21236,6,1,0,,22.0,cloudy,3
kempty_falls,2024-03-17,7516,6,1,0,,28.2,sunny,3
robbers_cave,2024-03-17,3343,6,1,0,,26.7,rainy,3
taj_mahal,2024-03-18,23490,0,0,0,,27.9,sunny,3
jaipur_city_palace,2024-03-18,13874,0,0,0,,28.3,cloudy,3
goa_baga_beach,2024-03-18,16278,0,0,0,,33.3,sunny,3
kerala_backwaters,2024-03-18,7024,0,0,0,,24.5,sunny,3
varanasi_ghats,2024-03-18,8932,0,0,0,,25.0,rainy,3
hampi_ruins,2024-03-18,7262,0,0,0,,25.1,sunny,3
manali,2024-03-18,9930,0,0,0,,11.9,sunny,3
mysore_palace,2024-03-18,9210,0,0,0,,26.5,rainy,3
kempty_falls,2024-03-18,3041,0,0,0,,28.7,rainy,3
robbers_cave,2024-03-18,2787,0,0,0,,26.7,sunny,3
taj_mahal,2024-03-19,23441,1,0,0,,30.5,sunny,3
jaipur_city_palace,2024-03-19,15134,1,0,0,,28.5,sunny,3
goa_baga_beach,2024-03-19,11103,1,0,0,,26.2,sunny,3
kerala_backwaters,2024-03-19,7776,1,0,0,,28.9,sunny,3
varanasi_ghats,2024-03-19,18008,1,0,0,,24.2,sunny,3
hampi_ruins,2024-03-19,7611,1,0,0,,25.9,sunny,3
manali,2024-03-19,9756,1,0,0,,13.5,sunny,3
mysore_palace,2024-03-19,12967,1,0,0,,27.7,cloudy,3
kempty_falls,2024-03-19,4792,1,0,0,,21.9,sunny,3
robbers_cave,2024-03-19,2551,1,0,0,,24.1,sunny,3
taj_mahal,2024-03-20,22669,2,0,0,,29.0,cloudy,3
jaipur_city_palace,2024-03-20,14591,2,0,0,,27.2,cloudy,3
goa_baga_beach,2024-03-20,13662,2,0,0,,28.6,sunny,3
kerala_backwaters,2024-03-20,8105,2,0,0,,26.6,sunny,3
varanasi_ghats,2024-03-20,12000,2,0,0,,29.1,extreme_heat,3
hampi_ruins,2024-03-20,8455,2,0,0,,27.0,sunny,3
manali,2024-03-20,8364,2,0,0,,10.2,sunny,3
mysore_palace,2024-03-20,13596,2,0,0,,27.6,sunny,3
kempty_falls,2024-03-20,4372,2,0,0,,25.8,sunny,3
robbers_cave,2024-03-20,2549,2,0,0,,21.1,sunny,3
taj_mahal,2024-03-21,21074,3,0,0,,26.1,cloudy,3
jaipur_city_palace,2024-03-21,13770,3,0,0,,27.6,cloudy,3
goa_baga_beach,2024-03-21,8234,3,0,0,,32.4,extreme_heat,3
kerala_backwaters,2024-03-21,7174,3,0,0,,27.3,sunny,3
varanasi_ghats,2024-03-21,15298,3,0,0,,22.1,sunny,3
hampi_ruins,2024-03-21,6859,3,0,0,,26.6,sunny,3
manali,2024-03-21,8536,3,0,0,,7.1,sunny,3
mysore_palace,2024-03-21,14199,3,0,0,,27.2,cloudy,3
kempty_falls,2024-03-21,3979,3,0,0,,26.6,cloudy,3
robbers_cave,2024-03-21,2623,3,0,0,,22.7,sunny,3
taj_mahal,2024-03-22,19993,4,0,0,,21.3,cloudy,3
jaipur_city_palace,2024-03-22,13377,4,0,0,,29.2,sunny,3
goa_baga_beach,2024-03-22,12061,4,0,0,,33.2,cloudy,3
kerala_backwaters,2024-03-22,5860,4,0,0,,24.7,sunny,3
varanasi_ghats,2024-03-22,19827,4,0,0,,22.3,sunny,3
hampi_ruins,2024-03-22,8246,4,0,0,,25.1,sunny,3
manali,2024-03-22,6292,4,0,0,,12.2,extreme_heat,3
mysore_palace,2024-03-22,14999,4,0,0,,29.6,sunny,3
kempty_falls,2024-03-22,4413,4,0,0,,24.0,sunny,3
robbers_cave,2024-03-22,2338,4,0,0,,24.1,sunny,3
taj_mahal,2024-03-23,36729,5,1,0,,24.0,sunny,3
jaipur_city_palace,2024-03-23,15416,5,1,0,,25.7,rainy,3
goa_baga_beach,2024-03-23,21577,5,1,0,,29.1,sunny,3
kerala_backwaters,2024-03-23,10404,5,1,0,,31.2,sunny,3
varanasi_ghats,2024-03-23,16463,5,1,0,,27.5,rainy,3
hampi_ruins,2024-03-23,7412,5,1,0,,25.2,extreme_heat,3
manali,2024-03-23,13847,5,1,0,,7.2,cloudy,3
mysore_palace,2024-03-23,17602,5,1,0,,24.8,sunny,3
kempty_falls,2024-03-23,4333,5,1,0,,23.5,rainy,3
robbers_cave,2024-03-23,3799,5,1,0,,23.6,sunny,3
taj_mahal,2024-03-24,36551,6,1,0,,25.1,cloudy,3
jaipur_city_palace,2024-03-24,16461,6,1,0,,26.0,extreme_heat,3
goa_baga_beach,2024-03-24,14120,6,1,0,,31.7,extreme_heat,3
kerala_backwaters,2024-03-24,11207,6,1,0,,26.1,cloudy,3
varanasi_ghats,2024-03-24,32550,6,1,0,,27.5,sunny,3
hampi_ruins,2024-03-24,11538,6,1,0,,24.2,cloudy,3
manali,2024-03-24,14624,6,1,0,,7.8,sunny,3
mysore_palace,2024-03-24,22326,6,1,0,,27.7,sunny,3
kempty_falls,2024-03-24,7694,6,1,0,,27.6,sunny,3
robbers_cave,2024-03-24,5119,6,1,0,,24.5,sunny,3
taj_mahal,2024-03-25,23529,0,0,1,Holi,25.8,extreme_heat,3
jaipur_city_palace,2024-03-25,23903,0,0,1,Holi,28.5,sunny,3
goa_baga_beach,2024-03-25,22963,0,0,1,Holi,33.0,sunny,3
kerala_backwaters,2024-03-25,10906,0,0,1,Holi,27.8,cloudy,3
varanasi_ghats,2024-03-25,26026,0,0,1,Holi,27.8,sunny,3
hampi_ruins,2024-03-25,11849,0,0,1,Holi,29.4,cloudy,3
manali,2024-03-25,13264,0,0,1,Holi,8.2,cloudy,3
mysore_palace,2024-03-25,18542,0,0,1,Holi,28.9,sunny,3
kempty_falls,2024-03-25,4456,0,0,1,Holi,25.6,rainy,3
robbers_cave,2024-03-25,4413,0,0,1,Holi,22.4,sunny,3
taj_mahal,2024-03-26,24644,1,0,0,,25.9,sunny,3
jaipur_city_palace,2024-03-26,15776,1,0,0,,24.9,sunny,3
goa_baga_beach,2024-03-26,8652,1,0,0,,31.5,rainy,3
kerala_backwaters,2024-03-26,4386,1,0,0,,28.1,extreme_heat,3
varanasi_ghats,2024-03-26,12822,1,0,0,,27.2,extreme_heat,3
hampi_ruins,2024-03-26,7634,1,0,0,,26.8,cloudy,3
manali,2024-03-26,8775,1,0,0,,7.9,sunny,3
mysore_palace,2024-03-26,14414,1,0,0,,30.0,sunny,3
kempty_falls,2024-03-26,2824,1,0,0,,22.6,rainy,3
robbers_cave,2024-03-26,2487,1,0,0,,21.8,cloudy,3
taj_mahal,2024-03-27,25284,2,0,0,,21.8,sunny,3
jaipur_city_palace,2024-03-27,10623,2,0,0,,29.0,extreme_heat,3
goa_baga_beach,2024-03-27,14724,2,0,0,,33.7,sunny,3
kerala_backwaters,2024-03-27,7453,2,0,0,,24.1,sunny,3
varanasi_ghats,2024-03-27,20848,2,0,0,,22.4,sunny,3
hampi_ruins,2024-03-27,7671,2,0,0,,27.3,sunny,3
manali,2024-03-27,8413,2,0,0,,7.9,sunny,3
mysore_palace,2024-03-27,15382,2,0,0,,24.1,sunny,3
kempty_falls,2024-03-27,4245,2,0,0,,24.0,cloudy,3
robbers_cave,2024-03-27,1895,2,0,0,,26.7,rainy,3
taj_mahal,2024-03-28,22079,3,0,0,,26.2,cloudy,3
jaipur_city_palace,2024-03-28,11525,3,0,0,,27.2,rainy,3
goa_baga_beach,2024-03-28,7646,3,0,0,,31.9,rainy,3
kerala_backwaters,2024-03-28,5156,3,0,0,,24.4,extreme_heat,3
varanasi_ghats,2024-03-28,16873,3,0,0,,22.2,sunny,3
hampi_ruins,2024-03-28,7684,3,0,0,,28.8,sunny,3
manali,2024-03-28,8285,3,0,0,,10.4,sunny,3
mysore_palace,2024-03-28,12384,3,0,0,,25.6,sunny,3
kempty_falls,2024-03-28,4069,3,0,0,,22.7,cloudy,3
robbers_cave,2024-03-28,2553,3,0,0,,25.2,sunny,3
taj_mahal,2024-03-29,21281,4,0,0,,26.0,sunny,3
jaipur_city_palace,2024-03-29,14294,4,0,0,,29.3,sunny,3
goa_baga_beach,2024-03-29,12904,4,0,0,,34.1,sunny,3
kerala_backwaters,2024-03-29,7642,4,0,0,,25.7,cloudy,3
varanasi_ghats,2024-03-29,17767,4,0,0,,24.4,sunny,3
hampi_ruins,2024-03-29,7563,4,0,0,,24.0,sunny,3
manali,2024-03-29,6172,4,0,0,,10.3,rainy,3
mysore_palace,2024-03-29,13623,4,0,0,,28.4,sunny,3
kempty_falls,2024-03-29,4476,4,0,0,,27.3,cloudy,3
robbers_cave,2024-03-29,1621,4,0,0,,25.8,rainy,3
taj_mahal,2024-03-30,25015,5,1,0,,28.9,rainy,3
jaipur_city_palace,2024-03-30,25670,5,1,0,,25.0,cloudy,3
goa_baga_beach,2024-03-30,20513,5,1,0,,28.9,sunny,3
kerala_backwaters,2024-03-30,10782,5,1,0,,28.6,sunny,3
varanasi_ghats,2024-03-30,24448,5,1,0,,24.8,sunny,3
hampi_ruins,2024-03-30,6776,5,1,0,,25.6,rainy,3
manali,2024-03-30,11957,5,1,0,,6.6,sunny,3
mysore_palace,2024-03-30,20125,5,1,0,,25.2,sunny,3
kempty_falls,2024-03-30,6396,5,1,0,,25.5,sunny,3
robbers_cave,2024-03-30,3900,5,1,0,,27.4,sunny,3
taj_mahal,2024-03-31,37608,6,1,0,,27.0,sunny,3
jaipur_city_palace,2024-03-31,19859,6,1,0,,29.1,cloudy,3
goa_baga_beach,2024-03-31,21364,6,1,0,,31.9,sunny,3
kerala_backwaters,2024-03-31,9710,6,1,0,,28.0,cloudy,3
varanasi_ghats,2024-03-31,27875,6,1,0,,26.3,sunny,3
hampi_ruins,2024-03-31,10387,6,1,0,,28.6,cloudy,3
manali,2024-03-31,9149,6,1,0,,5.9,rainy,3
mysore_palace,2024-03-31,22054,6,1,0,,28.8,cloudy,3
kempty_falls,2024-03-31,6413,6,1,0,,26.3,cloudy,3
robbers_cave,2024-03-31,4641,6,1,0,,27.7,sunny,3
taj_mahal,2024-04-01,11380,0,0,0,,36.4,cloudy,4
jaipur_city_palace,2024-04-01,5807,0,0,0,,34.8,extreme_heat,4
goa_baga_beach,2024-04-01,7488,0,0,0,,32.8,extreme_heat,4
kerala_backwaters,2024-04-01,5072,0,0,0,,33.9,cloudy,4
varanasi_ghats,2024-04-01,9572,0,0,0,,34.1,sunny,4
hampi_ruins,2024-04-01,4107,0,0,0,,36.1,sunny,4
manali,2024-04-01,6847,0,0,0,,14.6,sunny,4
mysore_palace,2024-04-01,4477,0,0,0,,32.8,rainy,4
kempty_falls,2024-04-01,2124,0,0,0,,33.7,extreme_heat,4
robbers_cave,2024-04-01,1613,0,0,0,,31.7,extreme_heat,4
taj_mahal,2024-04-02,8231,1,0,0,,33.1,extreme_heat,4
jaipur_city_palace,2024-04-02,6785,1,0,0,,32.1,extreme_heat,4
goa_baga_beach,2024-04-02,10650,1,0,0,,35.8,sunny,4
kerala_backwaters,2024-04-02,5840,1,0,0,,32.3,sunny,4
varanasi_ghats,2024-04-02,9095,1,0,0,,36.3,sunny,4
hampi_ruins,2024-04-02,2596,1,0,0,,33.7,extreme_heat,4
manali,2024-04-02,5876,1,0,0,,12.8,sunny,4
mysore_palace,2024-04-02,4364,1,0,0,,34.2,rainy,4
kempty_falls,2024-04-02,3578,1,0,0,,35.3,sunny,4
robbers_cave,2024-04-02,1234,1,0,0,,35.7,extreme_heat,4
taj_mahal,2024-04-03,11042,2,0,0,,32.9,cloudy,4
jaipur_city_palace,2024-04-03,6465,2,0,0,,32.6,extreme_heat,4
goa_baga_beach,2024-04-03,10363,2,0,0,,34.7,cloudy,4
kerala_backwaters,2024-04-03,3730,2,0,0,,35.2,extreme_heat,4
varanasi_ghats,2024-04-03,9377,2,0,0,,33.1,cloudy,4
hampi_ruins,2024-04-03,3536,2,0,0,,33.1,cloudy,4
manali,2024-04-03,7021,2,0,0,,15.0,sunny,4
mysore_palace,2024-04-03,7481,2,0,0,,36.1,sunny,4
kempty_falls,2024-04-03,3058,2,0,0,,34.0,cloudy,4
robbers_cave,2024-04-03,1907,2,0,0,,33.1,cloudy,4
taj_mahal,2024-04-04,9254,3,0,0,,32.4,extreme_heat,4
jaipur_city_palace,2024-04-04,7536,3,0,0,,35.4,cloudy,4
goa_baga_beach,2024-04-04,9915,3,0,0,,34.1,sunny,4
kerala_backwaters,2024-04-04,4727,3,0,0,,35.9,cloudy,4
varanasi_ghats,2024-04-04,10755,3,0,0,,32.3,sunny,4
hampi_ruins,2024-04-04,3604,3,0,0,,30.2,sunny,4
manali,2024-04-04,6523,3,0,0,,10.7,sunny,4
mysore_palace,2024-04-04,7107,3,0,0,,32.9,sunny,4
kempty_falls,2024-04-04,2326,3,0,0,,31.1,rainy,4
robbers_cave,2024-04-04,2073,3,0,0,,35.7,sunny,4
taj_mahal,2024-04-05,12159,4,0,0,,35.4,sunny,4
jaipur_city_palace,2024-04-05,6543,4,0,0,,33.8,extreme_heat,4
goa_baga_beach,2024-04-05,6569,4,0,0,,29.7,extreme_heat,4
kerala_backwaters,2024-04-05,4970,4,0,0,,36.0,sunny,4
varanasi_ghats,2024-04-05,9376,4,0,0,,35.0,cloudy,4
hampi_ruins,2024-04-05,2852,4,0,0,,34.5,extreme_heat,4
manali,2024-04-05,4944,4,0,0,,11.7,extreme_heat,4
mysore_palace,2024-04-05,4423,4,0,0,,35.5,rainy,4
kempty_falls,2024-04-05,2332,4,0,0,,32.9,rainy,4
robbers_cave,2024-04-05,2257,4,0,0,,36.0,sunny,4
taj_mahal,2024-04-06,17027,5,1,0,,36.7,sunny,4
jaipur_city_palace,2024-04-06,12273,5,1,0,,37.2,sunny,4
goa_baga_beach,2024-04-06,13403,5,1,0,,32.3,sunny,4
kerala_backwaters,2024-04-06,6554,5,1,0,,35.3,rainy,4
varanasi_ghats,2024-04-06,9590,5,1,0,,31.8,rainy,4
hampi_ruins,2024-04-06,4447,5,1,0,,37.1,extreme_heat,4
manali,2024-04-06,8793,5,1,0,,8.3,cloudy,4
mysore_palace,2024-04-06,9139,5,1,0,,30.2,sunny,4
kempty_falls,2024-04-06,3308,5,1,0,,31.4,extreme_heat,4
robbers_cave,2024-04-06,3092,5,1,0,,34.8,cloudy,4
taj_mahal,2024-04-07,13700,6,1,0,,35.5,extreme_heat,4
jaipur_city_palace,2024-04-07,9239,6,1,0,,34.6,extreme_heat,4
goa_baga_beach,2024-04-07,9910,6,1,0,,32.2,rainy,4
kerala_backwaters,2024-04-07,8238,6,1,0,,34.8,sunny,4
varanasi_ghats,2024-04-07,16417,6,1,0,,32.7,sunny,4
hampi_ruins,2024-04-07,4516,6,1,0,,34.2,rainy,4
manali,2024-04-07,7646,6,1,0,,10.9,rainy,4
mysore_palace,2024-04-07,8401,6,1,0,,32.9,extreme_heat,4
kempty_falls,2024-04-07,3195,6,1,0,,36.3,rainy,4
robbers_cave,2024-04-07,2629,6,1,0,,35.1,extreme_heat,4
taj_mahal,2024-04-08,8748,0,0,0,,34.0,extreme_heat,4
jaipur_city_palace,2024-04-08,6501,0,0,0,,37.9,extreme_heat,4
goa_baga_beach,2024-04-08,9540,0,0,0,,31.0,sunny,4
kerala_backwaters,2024-04-08,3585,0,0,0,,34.4,extreme_heat,4
varanasi_ghats,2024-04-08,9553,0,0,0,,32.6,cloudy,4
hampi_ruins,2024-04-08,3752,0,0,0,,34.6,cloudy,4
manali,2024-04-08,5170,0,0,0,,10.5,extreme_heat,4
mysore_palace,2024-04-08,3769,0,0,0,,36.1,rainy,4
kempty_falls,2024-04-08,3267,0,0,0,,30.5,sunny,4
robbers_cave,2024-04-08,2230,0,0,0,,32.5,sunny,4
taj_mahal,2024-04-09,12022,1,0,0,,34.0,sunny,4
jaipur_city_palace,2024-04-09,5862,1,0,0,,34.5,extreme_heat,4
goa_baga_beach,2024-04-09,6424,1,0,0,,34.5,extreme_heat,4
kerala_backwaters,2024-04-09,5258,1,0,0,,35.5,sunny,4
varanasi_ghats,2024-04-09,8246,1,0,0,,29.0,cloudy,4
hampi_ruins,2024-04-09,4110,1,0,0,,35.1,sunny,4
manali,2024-04-09,4715,1,0,0,,15.9,extreme_heat,4
mysore_palace,2024-04-09,7442,1,0,0,,34.6,sunny,4
kempty_falls,2024-04-09,2234,1,0,0,,30.8,extreme_heat,4
robbers_cave,2024-04-09,2192,1,0,0,,38.1,sunny,4
taj_mahal,2024-04-10,11003,2,0,0,,33.9,cloudy,4
jaipur_city_palace,2024-04-10,7212,2,0,0,,34.2,cloudy,4
goa_baga_beach,2024-04-10,8391,2,0,0,,32.7,extreme_heat,4
kerala_backwaters,2024-04-10,5315,2,0,0,,33.8,sunny,4
varanasi_ghats,2024-04-10,6378,2,0,0,,34.5,extreme_heat,4
hampi_ruins,2024-04-10,4122,2,0,0,,34.4,sunny,4
manali,2024-04-10,7247,2,0,0,,14.8,cloudy,4
mysore_palace,2024-04-10,6780,2,0,0,,33.9,cloudy,4
kempty_falls,2024-04-10,4004,2,0,0,,32.5,sunny,4
robbers_cave,2024-04-10,2227,2,0,0,,35.6,sunny,4
taj_mahal,2024-04-11,11550,3,0,1,Eid ul-Fitr,35.4,extreme_heat,4
jaipur_city_palace,2024-04-11,10044,3,0,1,Eid ul-Fitr,33.5,cloudy,4
goa_baga_beach,2024-04-11,16622,3,0,1,Eid ul-Fitr,35.1,sunny,4
kerala_backwaters,2024-04-11,5662,3,0,1,Eid ul-Fitr,38.7,extreme_heat,4
varanasi_ghats,2024-04-11,13284,3,0,1,Eid ul-Fitr,34.2,cloudy,4
hampi_ruins,2024-04-11,4204,3,0,1,Eid ul-Fitr,32.7,rainy,4
manali,2024-04-11,8203,3,0,1,Eid ul-Fitr,7.9,extreme_heat,4
mysore_palace,2024-04-11,11352,3,0,1,Eid ul-Fitr,34.8,sunny,4
kempty_falls,2024-04-11,3264,3,0,1,Eid ul-Fitr,34.0,extreme_heat,4
robbers_cave,2024-04-11,2180,3,0,1,Eid ul-Fitr,32.3,extreme_heat,4
taj_mahal,2024-04-12,11872,4,0,0,,35.1,cloudy,4
jaipur_city_palace,2024-04-12,5733,4,0,0,,36.2,extreme_heat,4
goa_baga_beach,2024-04-12,7047,4,0,0,,32.8,extreme_heat,4
kerala_backwaters,2024-04-12,3511,4,0,0,,36.5,extreme_heat,4
varanasi_ghats,2024-04-12,9168,4,0,0,,33.0,sunny,4
hampi_ruins,2024-04-12,4121,4,0,0,,35.0,cloudy,4
manali,2024-04-12,6246,4,0,0,,14.8,sunny,4
mysore_palace,2024-04-12,7157,4,0,0,,32.2,sunny,4
kempty_falls,2024-04-12,3085,4,0,0,,31.7,cloudy,4
robbers_cave,2024-04-12,2216,4,0,0,,32.7,sunny,4
taj_mahal,2024-04-13,12932,5,1,0,,34.4,extreme_heat,4
jaipur_city_palace,2024-04-13,11779,5,1,0,,33.4,cloudy,4
goa_baga_beach,2024-04-13,9912,5,1,0,,33.9,extreme_heat,4
kerala_backwaters,2024-04-13,4957,5,1,0,,35.7,extreme_heat,4
varanasi_ghats,2024-04-13,9242,5,1,0,,35.5,extreme_heat,4
hampi_ruins,2024-04-13,3551,5,1,0,,34.0,rainy,4
manali,2024-04-13,9227,5,1,0,,14.1,sunny,4
mysore_palace,2024-04-13,10718,5,1,0,,34.5,sunny,4
kempty_falls,2024-04-13,3287,5,1,0,,35.5,extreme_heat,4
robbers_cave,2024-04-13,2337,5,1,0,,34.3,extreme_heat,4
taj_mahal,2024-04-14,18347,6,1,0,,32.7,sunny,4
jaipur_city_palace,2024-04-14,10106,6,1,0,,37.7,extreme_heat,4
goa_baga_beach,2024-04-14,11959,6,1,0,,31.7,extreme_heat,4
kerala_backwaters,2024-04-14,9244,6,1,0,,32.0,sunny,4
varanasi_ghats,2024-04-14,15279,6,1,0,,36.1,sunny,4
hampi_ruins,2024-04-14,5850,6,1,0,,35.5,sunny,4
manali,2024-04-14,11932,6,1,0,,10.4,sunny,4
mysore_palace,2024-04-14,8566,6,1,0,,37.2,extreme_heat,4
kempty_falls,2024-04-14,5371,6,1,0,,35.5,sunny,4
robbers_cave,2024-04-14,2345,6,1,0,,32.4,extreme_heat,4
taj_mahal,2024-04-15,8243,0,0,0,,34.4,rainy,4
jaipur_city_palace,2024-04-15,5651,0,0,0,,34.5,extreme_heat,4
goa_baga_beach,2024-04-15,7297,0,0,0,,33.8,extreme_heat,4
kerala_backwaters,2024-04-15,5151,0,0,0,,35.3,cloudy,4
varanasi_ghats,2024-04-15,8600,0,0,0,,32.8,sunny,4
hampi_ruins,2024-04-15,2957,0,0,0,,36.5,extreme_heat,4
manali,2024-04-15,8387,0,0,0,,15.9,sunny,4
mysore_palace,2024-04-15,7189,0,0,0,,33.5,sunny,4
kempty_falls,2024-04-15,2341,0,0,0,,34.7,extreme_heat,4
robbers_cave,2024-04-15,2069,0,0,0,,37.6,sunny,4
taj_mahal,2024-04-16,12020,1,0,0,,32.2,sunny,4
jaipur_city_palace,2024-04-16,9340,1,0,0,,32.8,cloudy,4
goa_baga_beach,2024-04-16,9559,1,0,0,,32.5,sunny,4
kerala_backwaters,2024-04-16,3948,1,0,0,,33.9,extreme_heat,4
varanasi_ghats,2024-04-16,9222,1,0,0,,35.4,cloudy,4
hampi_ruins,2024-04-16,2627,1,0,0,,32.2,extreme_heat,4
manali,2024-04-16,4629,1,0,0,,9.6,rainy,4
mysore_palace,2024-04-16,5520,1,0,0,,36.0,extreme_heat,4
kempty_falls,2024-04-16,2225,1,0,0,,30.5,rainy,4
robbers_cave,2024-04-16,1865,1,0,0,,35.3,sunny,4
taj_mahal,2024-04-17,12064,2,0,0,,31.0,cloudy,4
jaipur_city_palace,2024-04-17,7464,2,0,0,,35.4,sunny,4
goa_baga_beach,2024-04-17,8571,2,0,0,,31.6,cloudy,4
kerala_backwaters,2024-04-17,5437,2,0,0,,31.2,sunny,4
varanasi_ghats,2024-04-17,10250,2,0,0,,31.6,sunny,4
hampi_ruins,2024-04-17,3067,2,0,0,,31.4,extreme_heat,4
manali,2024-04-17,5165,2,0,0,,11.2,extreme_heat,4
mysore_palace,2024-04-17,7296,2,0,0,,33.4,cloudy,4
kempty_falls,2024-04-17,3462,2,0,0,,33.3,sunny,4
robbers_cave,2024-04-17,2032,2,0,0,,36.0,sunny,4
taj_mahal,2024-04-18,10596,3,0,0,,33.9,cloudy,4
jaipur_city_palace,2024-04-18,6884,3,0,0,,36.0,cloudy,4
goa_baga_beach,2024-04-18,10390,3,0,0,,35.4,cloudy,4
kerala_backwaters,2024-04-18,3278,3,0,0,,36.9,extreme_heat,4
varanasi_ghats,2024-04-18,9002,3,0,0,,30.3,sunny,4
hampi_ruins,2024-04-18,4249,3,0,0,,32.2,sunny,4
manali,2024-04-18,7565,3,0,0,,9.1,sunny,4
mysore_palace,2024-04-18,4996,3,0,0,,31.8,extreme_heat,4
kempty_falls,2024-04-18,2503,3,0,0,,35.1,extreme_heat,4
robbers_cave,2024-04-18,1544,3,0,0,,35.8,extreme_heat,4
taj_mahal,2024-04-19,11781,4,0,0,,32.3,cloudy,4
jaipur_city_palace,2024-04-19,5287,4,0,0,,35.0,extreme_heat,4
goa_baga_beach,2024-04-19,7193,4,0,0,,30.3,extreme_heat,4
kerala_backwaters,2024-04-19,3115,4,0,0,,36.3,rainy,4
varanasi_ghats,2024-04-19,9709,4,0,0,,35.9,sunny,4
hampi_ruins,2024-04-19,3578,4,0,0,,32.7,cloudy,4
manali,2024-04-19,4312,4,0,0,,11.3,extreme_heat,4
mysore_palace,2024-04-19,6777,4,0,0,,34.7,cloudy,4
kempty_falls,2024-04-19,3364,4,0,0,,34.8,sunny,4
robbers_cave,2024-04-19,1540,4,0,0,,33.4,extreme_heat,4
taj_mahal,2024-04-20,16791,5,1,0,,33.3,cloudy,4
jaipur_city_palace,2024-04-20,13084,5,1,0,,30.2,sunny,4
goa_baga_beach,2024-04-20,13967,5,1,0,,28.8,cloudy,4
kerala_backwaters,2024-04-20,5417,5,1,0,,37.5,extreme_heat,4
varanasi_ghats,2024-04-20,14553,5,1,0,,36.6,cloudy,4
hampi_ruins,2024-04-20,5584,5,1,0,,31.3,cloudy,4
manali,2024-04-20,7245,5,1,0,,9.9,extreme_heat,4
mysore_palace,2024-04-20,7433,5,1,0,,33.0,extreme_heat,4
kempty_falls,2024-04-20,5038,5,1,0,,35.2,sunny,4
robbers_cave,2024-04-20,3171,5,1,0,,33.1,sunny,4
taj_mahal,2024-04-21,14772,6,1,0,,38.1,extreme_heat,4
jaipur_city_palace,2024-04-21,9489,6,1,0,,40.2,extreme_heat,4
goa_baga_beach,2024-04-21,11013,6,1,0,,34.4,extreme_heat,4
kerala_backwaters,2024-04-21,8150,6,1,0,,33.0,cloudy,4
varanasi_ghats,2024-04-21,11393,6,1,0,,34.3,extreme_heat,4
hampi_ruins,2024-04-21,4982,6,1,0,,33.7,extreme_heat,4
manali,2024-04-21,10603,6,1,0,,13.5,sunny,4
mysore_palace,2024-04-21,12833,6,1,0,,34.3,sunny,4
kempty_falls,2024-04-21,3826,6,1,0,,34.6,extreme_heat,4
robbers_cave,2024-04-21,2124,6,1,0,,32.7,rainy,4
taj_mahal,2024-04-22,11764,0,0,0,,33.9,sunny,4
jaipur_city_palace,2024-04-22,5161,0,0,0,,34.1,rainy,4
goa_baga_beach,2024-04-22,8806,0,0,0,,34.0,sunny,4
kerala_backwaters,2024-04-22,6129,0,0,0,,33.3,sunny,4
varanasi_ghats,2024-04-22,8811,0,0,0,,35.6,cloudy,4
hampi_ruins,2024-04-22,4225,0,0,0,,34.5,sunny,4
manali,2024-04-22,4884,0,0,0,,10.2,extreme_heat,4
mysore_palace,2024-04-22,4693,0,0,0,,35.7,rainy,4
kempty_falls,2024-04-22,3715,0,0,0,,28.6,sunny,4
robbers_cave,2024-04-22,1949,0,0,0,,33.0,cloudy,4
taj_mahal,2024-04-23,8034,1,0,0,,33.9,rainy,4
jaipur_city_palace,2024-04-23,7269,1,0,0,,32.1,sunny,4
goa_baga_beach,2024-04-23,9852,1,0,0,,33.1,cloudy,4
kerala_backwaters,2024-04-23,4500,1,0,0,,34.2,cloudy,4
varanasi_ghats,2024-04-23,6138,1,0,0,,31.0,rainy,4
hampi_ruins,2024-04-23,2772,1,0,0,,32.8,extreme_heat,4
manali,2024-04-23,4810,1,0,0,,10.1,extreme_heat,4
mysore_palace,2024-04-23,6676,1,0,0,,34.6,cloudy,4
kempty_falls,2024-04-23,3369,1,0,0,,33.9,sunny,4
robbers_cave,2024-04-23,1360,1,0,0,,33.0,extreme_heat,4
taj_mahal,2024-04-24,7964,2,0,0,,31.9,extreme_heat,4
jaipur_city_palace,2024-04-24,5518,2,0,0,,31.9,rainy,4
goa_baga_beach,2024-04-24,8189,2,0,0,,31.2,cloudy,4
kerala_backwaters,2024-04-24,4029,2,0,0,,33.0,extreme_heat,4
varanasi_ghats,2024-04-24,5813,2,0,0,,32.6,extreme_heat,4
hampi_ruins,2024-04-24,3214,2,0,0,,31.5,extreme_heat,4
manali,2024-04-24,5620,2,0,0,,13.0,cloudy,4
mysore_palace,2024-04-24,4357,2,0,0,,33.9,extreme_heat,4
kempty_falls,2024-04-24,2153,2,0,0,,34.3,extreme_heat,4
robbers_cave,2024-04-24,2069,2,0,0,,34.1,cloudy,4
taj_mahal,2024-04-25,7903,3,0,0,,34.3,rainy,4
jaipur_city_palace,2024-04-25,5226,3,0,0,,33.8,extreme_heat,4
goa_baga_beach,2024-04-25,7303,3,0,0,,38.6,extreme_heat,4
kerala_backwaters,2024-04-25,4020,3,0,0,,35.1,extreme_heat,4
varanasi_ghats,2024-04-25,6435,3,0,0,,30.8,extreme_heat,4
hampi_ruins,2024-04-25,2954,3,0,0,,34.2,extreme_heat,4
manali,2024-04-25,4618,3,0,0,,10.7,extreme_heat,4
mysore_palace,2024-04-25,7453,3,0,0,,37.9,sunny,4
kempty_falls,2024-04-25,3490,3,0,0,,34.1,cloudy,4
robbers_cave,2024-04-25,1528,3,0,0,,33.3,extreme_heat,4
taj_mahal,2024-04-26,10613,4,0,0,,32.9,sunny,4
jaipur_city_palace,2024-04-26,5997,4,0,0,,35.4,extreme_heat,4
goa_baga_beach,2024-04-26,6706,4,0,0,,35.9,rainy,4
kerala_backwaters,2024-04-26,4014,4,0,0,,32.1,extreme_heat,4
varanasi_ghats,2024-04-26,8456,4,0,0,,34.2,sunny,4
hampi_ruins,2024-04-26,4483,4,0,0,,31.2,cloudy,4
manali,2024-04-26,5262,4,0,0,,14.7,extreme_heat,4
mysore_palace,2024-04-26,6883,4,0,0,,35.9,cloudy,4
kempty_falls,2024-04-26,2115,4,0,0,,36.2,extreme_heat,4
robbers_cave,2024-04-26,1392,4,0,0,,35.2,extreme_heat,4
taj_mahal,2024-04-27,11373,5,1,0,,36.3,rainy,4
jaipur_city_palace,2024-04-27,9396,5,1,0,,35.8,extreme_heat,4
goa_baga_beach,2024-04-27,15274,5,1,0,,34.7,cloudy,4
kerala_backwaters,2024-04-27,5562,5,1,0,,34.5,extreme_heat,4
varanasi_ghats,2024-04-27,13162,5,1,0,,31.6,cloudy,4
hampi_ruins,2024-04-27,4238,5,1,0,,34.5,extreme_heat,4
manali,2024-04-27,9938,5,1,0,,14.0,sunny,4
mysore_palace,2024-04-27,11700,5,1,0,,35.2,cloudy,4
kempty_falls,2024-04-27,3590,5,1,0,,35.3,extreme_heat,4
robbers_cave,2024-04-27,2202,5,1,0,,37.3,extreme_heat,4
taj_mahal,2024-04-28,19356,6,1,0,,35.1,cloudy,4
jaipur_city_palace,2024-04-28,14173,6,1,0,,31.2,sunny,4
goa_baga_beach,2024-04-28,16050,6,1,0,,33.7,cloudy,4
kerala_backwaters,2024-04-28,5952,6,1,0,,33.9,rainy,4
varanasi_ghats,2024-04-28,14845,6,1,0,,32.5,sunny,4
hampi_ruins,2024-04-28,7344,6,1,0,,30.8,sunny,4
manali,2024-04-28,9058,6,1,0,,12.8,cloudy,4
mysore_palace,2024-04-28,8249,6,1,0,,33.8,extreme_heat,4
kempty_falls,2024-04-28,5642,6,1,0,,36.6,sunny,4
robbers_cave,2024-04-28,2223,6,1,0,,31.3,extreme_heat,4
taj_mahal,2024-04-29,8625,0,0,0,,35.7,extreme_heat,4
jaipur_city_palace,2024-04-29,5854,0,0,0,,34.7,extreme_heat,4
goa_baga_beach,2024-04-29,11425,0,0,0,,32.5,sunny,4
kerala_backwaters,2024-04-29,3670,0,0,0,,36.1,rainy,4
varanasi_ghats,2024-04-29,10232,0,0,0,,32.5,sunny,4
hampi_ruins,2024-04-29,2778,0,0,0,,30.6,extreme_heat,4
manali,2024-04-29,7064,0,0,0,,11.6,sunny,4
mysore_palace,2024-04-29,7492,0,0,0,,32.3,sunny,4
kempty_falls,2024-04-29,3561,0,0,0,,31.5,cloudy,4
robbers_cave,2024-04-29,1832,0,0,0,,37.4,sunny,4
taj_mahal,2024-04-30,12855,1,0,0,,35.0,sunny,4
jaipur_city_palace,2024-04-30,8053,1,0,0,,35.6,sunny,4
goa_baga_beach,2024-04-30,10400,1,0,0,,31.8,sunny,4
kerala_backwaters,2024-04-30,3376,1,0,0,,34.4,extreme_heat,4
varanasi_ghats,2024-04-30,9509,1,0,0,,35.3,sunny,4
hampi_ruins,2024-04-30,3061,1,0,0,,33.9,rainy,4
manali,2024-04-30,6318,1,0,0,,10.0,sunny,4
mysore_palace,2024-04-30,5758,1,0,0,,32.9,extreme_heat,4
kempty_falls,2024-04-30,3273,1,0,0,,37.6,sunny,4
robbers_cave,2024-04-30,1932,1,0,0,,39.0,sunny,4
taj_mahal,2024-05-01,20291,2,0,1,Summer Vacation,34.5,sunny,5
jaipur_city_palace,2024-05-01,7360,2,0,1,Summer Vacation,42.8,extreme_heat,5
goa_baga_beach,2024-05-01,13625,2,0,1,Summer Vacation,33.1,sunny,5
kerala_backwaters,2024-05-01,5424,2,0,1,Summer Vacation,40.9,rainy,5
varanasi_ghats,2024-05-01,13969,2,0,1,Summer Vacation,39.3,sunny,5
hampi_ruins,2024-05-01,6027,2,0,1,Summer Vacation,37.1,cloudy,5
manali,2024-05-01,13905,2,0,1,Summer Vacation,12.3,rainy,5
mysore_palace,2024-05-01,11264,2,0,1,Summer Vacation,36.6,sunny,5
kempty_falls,2024-05-01,8621,2,0,1,Summer Vacation,38.7,cloudy,5
robbers_cave,2024-05-01,4765,2,0,1,Summer Vacation,40.1,extreme_heat,5
taj_mahal,2024-05-02,14477,3,0,1,Summer Vacation,38.1,extreme_heat,5
jaipur_city_palace,2024-05-02,9626,3,0,1,Summer Vacation,39.3,extreme_heat,5
goa_baga_beach,2024-05-02,10835,3,0,1,Summer Vacation,31.7,extreme_heat,5
kerala_backwaters,2024-05-02,8802,3,0,1,Summer Vacation,35.4,cloudy,5
varanasi_ghats,2024-05-02,8977,3,0,1,Summer Vacation,38.5,extreme_heat,5
hampi_ruins,2024-05-02,4167,3,0,1,Summer Vacation,41.3,extreme_heat,5
manali,2024-05-02,14140,3,0,1,Summer Vacation,15.5,rainy,5
mysore_palace,2024-05-02,8089,3,0,1,Summer Vacation,37.2,extreme_heat,5
kempty_falls,2024-05-02,7302,3,0,1,Summer Vacation,40.9,extreme_heat,5
robbers_cave,2024-05-02,5500,3,0,1,Summer Vacation,39.4,sunny,5
taj_mahal,2024-05-03,17466,4,0,1,Summer Vacation,37.5,sunny,5
jaipur_city_palace,2024-05-03,9071,4,0,1,Summer Vacation,38.0,extreme_heat,5
goa_baga_beach,2024-05-03,15482,4,0,1,Summer Vacation,32.1,sunny,5
kerala_backwaters,2024-05-03,5343,4,0,1,Summer Vacation,34.8,extreme_heat,5
varanasi_ghats,2024-05-03,15219,4,0,1,Summer Vacation,34.5,sunny,5
hampi_ruins,2024-05-03,5307,4,0,1,Summer Vacation,39.1,sunny,5
manali,2024-05-03,17894,4,0,1,Summer Vacation,13.3,sunny,5
mysore_palace,2024-05-03,8107,4,0,1,Summer Vacation,39.2,extreme_heat,5
kempty_falls,2024-05-03,6910,4,0,1,Summer Vacation,36.7,extreme_heat,5
robbers_cave,2024-05-03,4189,4,0,1,Summer Vacation,37.1,extreme_heat,5
taj_mahal,2024-05-04,23929,5,1,1,Summer Vacation,35.6,extreme_heat,5
jaipur_city_palace,2024-05-04,18704,5,1,1,Summer Vacation,40.7,sunny,5
goa_baga_beach,2024-05-04,25956,5,1,1,Summer Vacation,29.1,sunny,5
kerala_backwaters,2024-05-04,12389,5,1,1,Summer Vacation,36.4,sunny,5
varanasi_ghats,2024-05-04,15318,5,1,1,Summer Vacation,35.9,extreme_heat,5
hampi_ruins,2024-05-04,6179,5,1,1,Summer Vacation,36.2,extreme_heat,5
manali,2024-05-04,24200,5,1,1,Summer Vacation,17.0,sunny,5
mysore_palace,2024-05-04,11815,5,1,1,Summer Vacation,39.2,extreme_heat,5
kempty_falls,2024-05-04,11000,5,1,1,Summer Vacation,38.9,cloudy,5
robbers_cave,2024-05-04,5500,5,1,1,Summer Vacation,38.2,sunny,5
taj_mahal,2024-05-05,31446,6,1,1,Summer Vacation,39.5,sunny,5
jaipur_city_palace,2024-05-05,14948,6,1,1,Summer Vacation,38.6,extreme_heat,5
goa_baga_beach,2024-05-05,16302,6,1,1,Summer Vacation,34.9,rainy,5
kerala_backwaters,2024-05-05,14167,6,1,1,Summer Vacation,40.8,sunny,5
varanasi_ghats,2024-05-05,21099,6,1,1,Summer Vacation,38.6,cloudy,5
hampi_ruins,2024-05-05,6867,6,1,1,Summer Vacation,39.4,extreme_heat,5
manali,2024-05-05,19654,6,1,1,Summer Vacation,16.1,rainy,5
mysore_palace,2024-05-05,11595,6,1,1,Summer Vacation,41.1,rainy,5
kempty_falls,2024-05-05,9508,6,1,1,Summer Vacation,34.8,extreme_heat,5
robbers_cave,2024-05-05,5500,6,1,1,Summer Vacation,39.3,extreme_heat,5
taj_mahal,2024-05-06,17737,0,0,1,Summer Vacation,34.7,sunny,5
jaipur_city_palace,2024-05-06,11920,0,0,1,Summer Vacation,40.6,sunny,5
goa_baga_beach,2024-05-06,10786,0,0,1,Summer Vacation,32.6,extreme_heat,5
kerala_backwaters,2024-05-06,5791,0,0,1,Summer Vacation,37.0,extreme_heat,5
varanasi_ghats,2024-05-06,8788,0,0,1,Summer Vacation,35.5,extreme_heat,5
hampi_ruins,2024-05-06,6108,0,0,1,Summer Vacation,37.1,cloudy,5
manali,2024-05-06,20290,0,0,1,Summer Vacation,17.2,cloudy,5
mysore_palace,2024-05-06,8654,0,0,1,Summer Vacation,39.8,extreme_heat,5
kempty_falls,2024-05-06,8715,0,0,1,Summer Vacation,39.5,sunny,5
robbers_cave,2024-05-06,4459,0,0,1,Summer Vacation,38.8,extreme_heat,5
taj_mahal,2024-05-07,18549,1,0,1,Summer Vacation,36.1,cloudy,5
jaipur_city_palace,2024-05-07,9052,1,0,1,Summer Vacation,37.9,extreme_heat,5
goa_baga_beach,2024-05-07,17391,1,0,1,Summer Vacation,29.3,sunny,5
kerala_backwaters,2024-05-07,5705,1,0,1,Summer Vacation,41.6,extreme_heat,5
varanasi_ghats,2024-05-07,9849,1,0,1,Summer Vacation,38.1,extreme_heat,5
hampi_ruins,2024-05-07,4262,1,0,1,Summer Vacation,37.0,extreme_heat,5
manali,2024-05-07,18299,1,0,1,Summer Vacation,17.4,cloudy,5
mysore_palace,2024-05-07,8597,1,0,1,Summer Vacation,34.7,extreme_heat,5
kempty_falls,2024-05-07,9180,1,0,1,Summer Vacation,37.9,sunny,5
robbers_cave,2024-05-07,4108,1,0,1,Summer Vacation,37.6,rainy,5
taj_mahal,2024-05-08,18119,2,0,1,Summer Vacation,32.7,cloudy,5
jaipur_city_palace,2024-05-08,12824,2,0,1,Summer Vacation,37.8,sunny,5
goa_baga_beach,2024-05-08,10770,2,0,1,Summer Vacation,32.4,extreme_heat,5
kerala_backwaters,2024-05-08,5830,2,0,1,Summer Vacation,40.3,extreme_heat,5
varanasi_ghats,2024-05-08,10007,2,0,1,Summer Vacation,38.4,extreme_heat,5
hampi_ruins,2024-05-08,4372,2,0,1,Summer Vacation,39.9,extreme_heat,5
manali,2024-05-08,18174,2,0,1,Summer Vacation,15.6,cloudy,5
mysore_palace,2024-05-08,8208,2,0,1,Summer Vacation,39.7,extreme_heat,5
kempty_falls,2024-05-08,8008,2,0,1,Summer Vacation,35.7,extreme_heat,5
robbers_cave,2024-05-08,5500,2,0,1,Summer Vacation,37.6,sunny,5
taj_mahal,2024-05-09,13037,3,0,1,Summer Vacation,38.6,extreme_heat,5
jaipur_city_palace,2024-05-09,7258,3,0,1,Summer Vacation,37.4,rainy,5
goa_baga_beach,2024-05-09,18017,3,0,1,Summer Vacation,32.8,sunny,5
kerala_backwaters,2024-05-09,7892,3,0,1,Summer Vacation,38.2,cloudy,5
varanasi_ghats,2024-05-09,10273,3,0,1,Summer Vacation,43.5,sunny,5
hampi_ruins,2024-05-09,5598,3,0,1,Summer Vacation,39.2,sunny,5
manali,2024-05-09,11623,3,0,1,Summer Vacation,15.3,extreme_heat,5
mysore_palace,2024-05-09,7793,3,0,1,Summer Vacation,35.7,extreme_heat,5
kempty_falls,2024-05-09,7226,3,0,1,Summer Vacation,38.8,extreme_heat,5
robbers_cave,2024-05-09,5055,3,0,1,Summer Vacation,35.6,sunny,5
taj_mahal,2024-05-10,14938,4,0,1,Summer Vacation,35.8,extreme_heat,5
jaipur_city_palace,2024-05-10,11944,4,0,1,Summer Vacation,38.6,cloudy,5
goa_baga_beach,2024-05-10,14172,4,0,1,Summer Vacation,30.9,sunny,5
kerala_backwaters,2024-05-10,7695,4,0,1,Summer Vacation,35.4,cloudy,5
varanasi_ghats,2024-05-10,13122,4,0,1,Summer Vacation,35.8,sunny,5
hampi_ruins,2024-05-10,4540,4,0,1,Summer Vacation,38.6,rainy,5
manali,2024-05-10,18349,4,0,1,Summer Vacation,16.6,sunny,5
mysore_palace,2024-05-10,10572,4,0,1,Summer Vacation,38.1,cloudy,5
kempty_falls,2024-05-10,8375,4,0,1,Summer Vacation,37.5,cloudy,5
robbers_cave,2024-05-10,5096,4,0,1,Summer Vacation,35.2,cloudy,5
taj_mahal,2024-05-11,23899,5,1,1,Summer Vacation,39.3,cloudy,5
jaipur_city_palace,2024-05-11,13521,5,1,1,Summer Vacation,41.6,extreme_heat,5
goa_baga_beach,2024-05-11,19640,5,1,1,Summer Vacation,34.3,cloudy,5
kerala_backwaters,2024-05-11,15012,5,1,1,Summer Vacation,37.5,sunny,5
varanasi_ghats,2024-05-11,20142,5,1,1,Summer Vacation,34.8,sunny,5
hampi_ruins,2024-05-11,7869,5,1,1,Summer Vacation,35.0,extreme_heat,5
manali,2024-05-11,24053,5,1,1,Summer Vacation,15.0,sunny,5
mysore_palace,2024-05-11,16364,5,1,1,Summer Vacation,37.5,sunny,5
kempty_falls,2024-05-11,11000,5,1,1,Summer Vacation,38.4,sunny,5
robbers_cave,2024-05-11,5500,5,1,1,Summer Vacation,37.4,rainy,5
taj_mahal,2024-05-12,30646,6,1,1,Summer Vacation,38.0,cloudy,5
jaipur_city_palace,2024-05-12,19005,6,1,1,Summer Vacation,35.2,sunny,5
goa_baga_beach,2024-05-12,18196,6,1,1,Summer Vacation,30.9,extreme_heat,5
kerala_backwaters,2024-05-12,9597,6,1,1,Summer Vacation,40.2,extreme_heat,5
varanasi_ghats,2024-05-12,16609,6,1,1,Summer Vacation,40.4,extreme_heat,5
hampi_ruins,2024-05-12,6907,6,1,1,Summer Vacation,41.0,extreme_heat,5
manali,2024-05-12,24200,6,1,1,Summer Vacation,14.3,cloudy,5
mysore_palace,2024-05-12,10934,6,1,1,Summer Vacation,37.9,extreme_heat,5
kempty_falls,2024-05-12,11000,6,1,1,Summer Vacation,37.9,sunny,5
robbers_cave,2024-05-12,5500,6,1,1,Summer Vacation,42.8,sunny,5
taj_mahal,2024-05-13,12381,0,0,1,Summer Vacation,38.1,extreme_heat,5
jaipur_city_palace,2024-05-13,7620,0,0,1,Summer Vacation,40.0,rainy,5
goa_baga_beach,2024-05-13,11440,0,0,1,Summer Vacation,35.6,extreme_heat,5
kerala_backwaters,2024-05-13,7440,0,0,1,Summer Vacation,37.1,cloudy,5
varanasi_ghats,2024-05-13,9746,0,0,1,Summer Vacation,36.0,extreme_heat,5
hampi_ruins,2024-05-13,6388,0,0,1,Summer Vacation,35.9,sunny,5
manali,2024-05-13,12940,0,0,1,Summer Vacation,16.5,extreme_heat,5
mysore_palace,2024-05-13,10711,0,0,1,Summer Vacation,38.6,cloudy,5
kempty_falls,2024-05-13,10021,0,0,1,Summer Vacation,39.5,sunny,5
robbers_cave,2024-05-13,3653,0,0,1,Summer Vacation,37.5,extreme_heat,5
taj_mahal,2024-05-14,16282,1,0,1,Summer Vacation,36.4,cloudy,5
jaipur_city_palace,2024-05-14,8150,1,0,1,Summer Vacation,38.9,extreme_heat,5
goa_baga_beach,2024-05-14,10718,1,0,1,Summer Vacation,33.6,extreme_heat,5
kerala_backwaters,2024-05-14,7915,1,0,1,Summer Vacation,36.6,sunny,5
varanasi_ghats,2024-05-14,9720,1,0,1,Summer Vacation,40.0,extreme_heat,5
hampi_ruins,2024-05-14,6727,1,0,1,Summer Vacation,35.5,sunny,5
manali,2024-05-14,15235,1,0,1,Summer Vacation,16.5,extreme_heat,5
mysore_palace,2024-05-14,11941,1,0,1,Summer Vacation,37.4,sunny,5
kempty_falls,2024-05-14,9545,1,0,1,Summer Vacation,36.3,cloudy,5
robbers_cave,2024-05-14,4667,1,0,1,Summer Vacation,38.5,extreme_heat,5
taj_mahal,2024-05-15,13719,2,0,1,Summer Vacation,38.3,rainy,5
jaipur_city_palace,2024-05-15,8792,2,0,1,Summer Vacation,39.9,extreme_heat,5
goa_baga_beach,2024-05-15,13991,2,0,1,Summer Vacation,33.4,sunny,5
kerala_backwaters,2024-05-15,7338,2,0,1,Summer Vacation,34.9,cloudy,5
varanasi_ghats,2024-05-15,10115,2,0,1,Summer Vacation,36.7,extreme_heat,5
hampi_ruins,2024-05-15,4232,2,0,1,Summer Vacation,38.4,extreme_heat,5
manali,2024-05-15,17478,2,0,1,Summer Vacation,17.2,cloudy,5
mysore_palace,2024-05-15,8045,2,0,1,Summer Vacation,38.3,extreme_heat,5
kempty_falls,2024-05-15,6394,2,0,1,Summer Vacation,36.6,rainy,5
robbers_cave,2024-05-15,3369,2,0,1,Summer Vacation,37.7,rainy,5
taj_mahal,2024-05-16,13008,3,0,1,Summer Vacation,36.1,extreme_heat,5
jaipur_city_palace,2024-05-16,12616,3,0,1,Summer Vacation,36.9,sunny,5
goa_baga_beach,2024-05-16,16195,3,0,1,Summer Vacation,34.8,sunny,5
kerala_backwaters,2024-05-16,8191,3,0,1,Summer Vacation,36.9,cloudy,5
varanasi_ghats,2024-05-16,14571,3,0,1,Summer Vacation,39.7,cloudy,5
hampi_ruins,2024-05-16,4768,3,0,1,Summer Vacation,37.8,extreme_heat,5
manali,2024-05-16,19813,3,0,1,Summer Vacation,14.7,sunny,5
mysore_palace,2024-05-16,8008,3,0,1,Summer Vacation,38.8,extreme_heat,5
kempty_falls,2024-05-16,9593,3,0,1,Summer Vacation,37.8,sunny,5
robbers_cave,2024-05-16,4240,3,0,1,Summer Vacation,37.7,rainy,5
taj_mahal,2024-05-17,10428,4,0,1,Summer Vacation,35.6,extreme_heat,5
jaipur_city_palace,2024-05-17,8430,4,0,1,Summer Vacation,37.0,extreme_heat,5
goa_baga_beach,2024-05-17,11054,4,0,1,Summer Vacation,35.2,extreme_heat,5
kerala_backwaters,2024-05-17,5850,4,0,1,Summer Vacation,37.3,extreme_heat,5
varanasi_ghats,2024-05-17,13424,4,0,1,Summer Vacation,36.4,cloudy,5
hampi_ruins,2024-05-17,6308,4,0,1,Summer Vacation,39.5,sunny,5
manali,2024-05-17,19373,4,0,1,Summer Vacation,14.5,cloudy,5
mysore_palace,2024-05-17,7970,4,0,1,Summer Vacation,34.5,rainy,5
kempty_falls,2024-05-17,6634,4,0,1,Summer Vacation,38.9,rainy,5
robbers_cave,2024-05-17,5500,4,0,1,Summer Vacation,38.3,sunny,5
taj_mahal,2024-05-18,15948,5,1,1,Summer Vacation,37.3,extreme_heat,5
jaipur_city_palace,2024-05-18,13214,5,1,1,Summer Vacation,40.6,extreme_heat,5
goa_baga_beach,2024-05-18,22330,5,1,1,Summer Vacation,34.1,sunny,5
kerala_backwaters,2024-05-18,8360,5,1,1,Summer Vacation,39.1,extreme_heat,5
varanasi_ghats,2024-05-18,20730,5,1,1,Summer Vacation,40.3,sunny,5
hampi_ruins,2024-05-18,6978,5,1,1,Summer Vacation,36.5,extreme_heat,5
manali,2024-05-18,21732,5,1,1,Summer Vacation,14.0,extreme_heat,5
mysore_palace,2024-05-18,16001,5,1,1,Summer Vacation,37.8,cloudy,5
kempty_falls,2024-05-18,11000,5,1,1,Summer Vacation,37.6,extreme_heat,5
robbers_cave,2024-05-18,5500,5,1,1,Summer Vacation,36.5,rainy,5
taj_mahal,2024-05-19,33698,6,1,1,Summer Vacation,35.9,sunny,5
jaipur_city_palace,2024-05-19,20722,6,1,1,Summer Vacation,38.4,sunny,5
goa_baga_beach,2024-05-19,17400,6,1,1,Summer Vacation,32.7,extreme_heat,5
kerala_backwaters,2024-05-19,10512,6,1,1,Summer Vacation,38.6,extreme_heat,5
varanasi_ghats,2024-05-19,17787,6,1,1,Summer Vacation,34.3,rainy,5
hampi_ruins,2024-05-19,6855,6,1,1,Summer Vacation,37.8,extreme_heat,5
manali,2024-05-19,20547,6,1,1,Summer Vacation,18.9,extreme_heat,5
mysore_palace,2024-05-19,19078,6,1,1,Summer Vacation,36.6,sunny,5
kempty_falls,2024-05-19,11000,6,1,1,Summer Vacation,40.7,sunny,5
robbers_cave,2024-05-19,5500,6,1,1,Summer Vacation,35.3,extreme_heat,5
taj_mahal,2024-05-20,13504,0,0,1,Summer Vacation,35.3,extreme_heat,5
jaipur_city_palace,2024-05-20,8722,0,0,1,Summer Vacation,35.7,extreme_heat,5
goa_baga_beach,2024-05-20,11519,0,0,1,Summer Vacation,34.0,extreme_heat,5
kerala_backwaters,2024-05-20,5445,0,0,1,Summer Vacation,38.1,extreme_heat,5
varanasi_ghats,2024-05-20,9834,0,0,1,Summer Vacation,36.5,extreme_heat,5
hampi_ruins,2024-05-20,4962,0,0,1,Summer Vacation,38.8,cloudy,5
manali,2024-05-20,13758,0,0,1,Summer Vacation,14.4,extreme_heat,5
mysore_palace,2024-05-20,8037,0,0,1,Summer Vacation,35.2,extreme_heat,5
kempty_falls,2024-05-20,9478,0,0,1,Summer Vacation,38.8,sunny,5
robbers_cave,2024-05-20,4430,0,0,1,Summer Vacation,36.5,extreme_heat,5
taj_mahal,2024-05-21,17321,1,0,1,Summer Vacation,39.6,sunny,5
jaipur_city_palace,2024-05-21,8988,1,0,1,Summer Vacation,40.6,extreme_heat,5
goa_baga_beach,2024-05-21,10461,1,0,1,Summer Vacation,29.7,rainy,5
kerala_backwaters,2024-05-21,8295,1,0,1,Summer Vacation,36.4,cloudy,5
varanasi_ghats,2024-05-21,10222,1,0,1,Summer Vacation,42.2,cloudy,5
hampi_ruins,2024-05-21,4447,1,0,1,Summer Vacation,38.0,rainy,5
manali,2024-05-21,14000,1,0,1,Summer Vacation,15.3,extreme_heat,5
mysore_palace,2024-05-21,11398,1,0,1,Summer Vacation,39.1,sunny,5
kempty_falls,2024-05-21,7097,1,0,1,Summer Vacation,40.8,extreme_heat,5
robbers_cave,2024-05-21,5500,1,0,1,Summer Vacation,41.4,cloudy,5
taj_mahal,2024-05-22,11925,2,0,1,Summer Vacation,39.1,extreme_heat,5
jaipur_city_palace,2024-05-22,8420,2,0,1,Summer Vacation,36.6,rainy,5
goa_baga_beach,2024-05-22,11781,2,0,1,Summer Vacation,36.9,extreme_heat,5
kerala_backwaters,2024-05-22,5409,2,0,1,Summer Vacation,40.3,extreme_heat,5
varanasi_ghats,2024-05-22,10745,2,0,1,Summer Vacation,40.8,extreme_heat,5
hampi_ruins,2024-05-22,6238,2,0,1,Summer Vacation,38.4,sunny,5
manali,2024-05-22,18204,2,0,1,Summer Vacation,17.3,sunny,5
mysore_palace,2024-05-22,8199,2,0,1,Summer Vacation,35.9,extreme_heat,5
kempty_falls,2024-05-22,6602,2,0,1,Summer Vacation,37.9,rainy,5
robbers_cave,2024-05-22,5500,2,0,1,Summer Vacation,36.7,sunny,5
taj_mahal,2024-05-23,11246,3,0,1,Summer Vacation,37.1,extreme_heat,5
jaipur_city_palace,2024-05-23,10269,3,0,1,Summer Vacation,36.4,cloudy,5
goa_baga_beach,2024-05-23,15230,3,0,1,Summer Vacation,35.2,sunny,5
kerala_backwaters,2024-05-23,5640,3,0,1,Summer Vacation,38.6,extreme_heat,5
varanasi_ghats,2024-05-23,9157,3,0,1,Summer Vacation,39.7,rainy,5
hampi_ruins,2024-05-23,6859,3,0,1,Summer Vacation,36.4,sunny,5
manali,2024-05-23,17838,3,0,1,Summer Vacation,15.6,sunny,5
mysore_palace,2024-05-23,8310,3,0,1,Summer Vacation,38.8,extreme_heat,5
kempty_falls,2024-05-23,9578,3,0,1,Summer Vacation,37.2,sunny,5
robbers_cave,2024-05-23,5500,3,0,1,Summer Vacation,37.2,sunny,5
taj_mahal,2024-05-24,12694,4,0,1,Summer Vacation,32.9,extreme_heat,5
jaipur_city_palace,2024-05-24,8286,4,0,1,Summer Vacation,37.2,extreme_heat,5
goa_baga_beach,2024-05-24,11349,4,0,1,Summer Vacation,31.6,extreme_heat,5
kerala_backwaters,2024-05-24,7401,4,0,1,Summer Vacation,37.1,cloudy,5
varanasi_ghats,2024-05-24,10623,4,0,1,Summer Vacation,40.6,extreme_heat,5
hampi_ruins,2024-05-24,4984,4,0,1,Summer Vacation,37.5,extreme_heat,5
manali,2024-05-24,21243,4,0,1,Summer Vacation,15.6,sunny,5
mysore_palace,2024-05-24,8063,4,0,1,Summer Vacation,36.6,extreme_heat,5
kempty_falls,2024-05-24,11000,4,0,1,Summer Vacation,38.0,sunny,5
robbers_cave,2024-05-24,4208,4,0,1,Summer Vacation,38.7,extreme_heat,5
taj_mahal,2024-05-25,20360,5,1,1,Summer Vacation,38.1,extreme_heat,5
jaipur_city_palace,2024-05-25,18753,5,1,1,Summer Vacation,38.5,sunny,5
goa_baga_beach,2024-05-25,21756,5,1,1,Summer Vacation,34.2,sunny,5
kerala_backwaters,2024-05-25,6170,5,1,1,Summer Vacation,44.0,rainy,5
varanasi_ghats,2024-05-25,20331,5,1,1,Summer Vacation,35.0,sunny,5
hampi_ruins,2024-05-25,9283,5,1,1,Summer Vacation,37.1,cloudy,5
manali,2024-05-25,24200,5,1,1,Summer Vacation,17.1,cloudy,5
mysore_palace,2024-05-25,13072,5,1,1,Summer Vacation,35.6,extreme_heat,5
kempty_falls,2024-05-25,11000,5,1,1,Summer Vacation,39.2,cloudy,5
robbers_cave,2024-05-25,5500,5,1,1,Summer Vacation,37.1,extreme_heat,5
taj_mahal,2024-05-26,28637,6,1,1,Summer Vacation,33.9,cloudy,5
jaipur_city_palace,2024-05-26,13525,6,1,1,Summer Vacation,37.0,rainy,5
goa_baga_beach,2024-05-26,18276,6,1,1,Summer Vacation,31.2,extreme_heat,5
kerala_backwaters,2024-05-26,7960,6,1,1,Summer Vacation,39.0,rainy,5
varanasi_ghats,2024-05-26,14079,6,1,1,Summer Vacation,38.2,rainy,5
hampi_ruins,2024-05-26,9329,6,1,1,Summer Vacation,36.5,cloudy,5
manali,2024-05-26,22647,6,1,1,Summer Vacation,15.1,extreme_heat,5
mysore_palace,2024-05-26,17657,6,1,1,Summer Vacation,38.7,sunny,5
kempty_falls,2024-05-26,11000,6,1,1,Summer Vacation,33.6,sunny,5
robbers_cave,2024-05-26,5500,6,1,1,Summer Vacation,37.6,extreme_heat,5
taj_mahal,2024-05-27,11984,0,0,1,Summer Vacation,34.9,extreme_heat,5
jaipur_city_palace,2024-05-27,7240,0,0,1,Summer Vacation,41.5,extreme_heat,5
goa_baga_beach,2024-05-27,10570,0,0,1,Summer Vacation,30.0,extreme_heat,5
kerala_backwaters,2024-05-27,6005,0,0,1,Summer Vacation,35.4,extreme_heat,5
varanasi_ghats,2024-05-27,15494,0,0,1,Summer Vacation,38.9,sunny,5
hampi_ruins,2024-05-27,4280,0,0,1,Summer Vacation,37.2,rainy,5
manali,2024-05-27,19815,0,0,1,Summer Vacation,12.7,sunny,5
mysore_palace,2024-05-27,10126,0,0,1,Summer Vacation,40.6,cloudy,5
kempty_falls,2024-05-27,6872,0,0,1,Summer Vacation,35.7,extreme_heat,5
robbers_cave,2024-05-27,3686,0,0,1,Summer Vacation,37.1,extreme_heat,5
taj_mahal,2024-05-28,16910,1,0,1,Summer Vacation,37.9,cloudy,5
jaipur_city_palace,2024-05-28,9681,1,0,1,Summer Vacation,41.1,extreme_heat,5
goa_baga_beach,2024-05-28,10156,1,0,1,Summer Vacation,31.9,rainy,5
kerala_backwaters,2024-05-28,8280,1,0,1,Summer Vacation,34.6,sunny,5
varanasi_ghats,2024-05-28,14454,1,0,1,Summer Vacation,39.5,sunny,5
hampi_ruins,2024-05-28,6434,1,0,1,Summer Vacation,36.3,sunny,5
manali,2024-05-28,14936,1,0,1,Summer Vacation,16.7,extreme_heat,5
mysore_palace,2024-05-28,7608,1,0,1,Summer Vacation,39.5,extreme_heat,5
kempty_falls,2024-05-28,6434,1,0,1,Summer Vacation,36.0,rainy,5
robbers_cave,2024-05-28,3611,1,0,1,Summer Vacation,35.2,extreme_heat,5
taj_mahal,2024-05-29,19629,2,0,1,Summer Vacation,37.9,sunny,5
jaipur_city_palace,2024-05-29,12736,2,0,1,Summer Vacation,38.8,cloudy,5
goa_baga_beach,2024-05-29,9757,2,0,1,Summer Vacation,32.2,extreme_heat,5
kerala_backwaters,2024-05-29,6925,2,0,1,Summer Vacation,36.1,sunny,5
varanasi_ghats,2024-05-29,10336,2,0,1,Summer Vacation,37.9,extreme_heat,5
hampi_ruins,2024-05-29,4401,2,0,1,Summer Vacation,35.8,extreme_heat,5
manali,2024-05-29,18329,2,0,1,Summer Vacation,18.8,sunny,5
mysore_palace,2024-05-29,8318,2,0,1,Summer Vacation,37.5,extreme_heat,5
kempty_falls,2024-05-29,6495,2,0,1,Summer Vacation,39.2,extreme_heat,5
robbers_cave,2024-05-29,4171,2,0,1,Summer Vacation,37.5,extreme_heat,5
taj_mahal,2024-05-30,14328,3,0,1,Summer Vacation,38.8,extreme_heat,5
jaipur_city_palace,2024-05-30,8512,3,0,1,Summer Vacation,36.8,rainy,5
goa_baga_beach,2024-05-30,18740,3,0,1,Summer Vacation,33.0,sunny,5
kerala_backwaters,2024-05-30,7868,3,0,1,Summer Vacation,36.4,sunny,5
varanasi_ghats,2024-05-30,13160,3,0,1,Summer Vacation,41.6,cloudy,5
hampi_ruins,2024-05-30,4213,3,0,1,Summer Vacation,39.0,extreme_heat,5
manali,2024-05-30,13907,3,0,1,Summer Vacation,17.5,extreme_heat,5
mysore_palace,2024-05-30,8204,3,0,1,Summer Vacation,37.9,extreme_heat,5
kempty_falls,2024-05-30,11000,3,0,1,Summer Vacation,38.1,sunny,5
robbers_cave,2024-05-30,5500,3,0,1,Summer Vacation,35.9,sunny,5
taj_mahal,2024-05-31,16839,4,0,1,Summer Vacation,41.5,cloudy,5
jaipur_city_palace,2024-05-31,10617,4,0,1,Summer Vacation,36.1,cloudy,5
goa_baga_beach,2024-05-31,11197,4,0,1,Summer Vacation,32.0,extreme_heat,5
kerala_backwaters,2024-05-31,8642,4,0,1,Summer Vacation,37.0,cloudy,5
varanasi_ghats,2024-05-31,13826,4,0,1,Summer Vacation,35.4,sunny,5
hampi_ruins,2024-05-31,5483,4,0,1,Summer Vacation,41.2,cloudy,5
manali,2024-05-31,18164,4,0,1,Summer Vacation,14.2,cloudy,5
mysore_palace,2024-05-31,7033,4,0,1,Summer Vacation,37.7,rainy,5
kempty_falls,2024-05-31,10397,4,0,1,Summer Vacation,38.2,sunny,5
robbers_cave,2024-05-31,3531,4,0,1,Summer Vacation,37.7,extreme_heat,5
taj_mahal,2024-06-01,26540,5,1,1,Summer Vacation,33.9,cloudy,6
jaipur_city_palace,2024-06-01,11078,5,1,1,Summer Vacation,36.1,rainy,6
goa_baga_beach,2024-06-01,14439,5,1,1,Summer Vacation,29.5,rainy,6
kerala_backwaters,2024-06-01,8350,5,1,1,Summer Vacation,38.9,rainy,6
varanasi_ghats,2024-06-01,20860,5,1,1,Summer Vacation,39.6,cloudy,6
hampi_ruins,2024-06-01,9643,5,1,1,Summer Vacation,36.7,sunny,6
manali,2024-06-01,22242,5,1,1,Summer Vacation,17.8,extreme_heat,6
mysore_palace,2024-06-01,10353,5,1,1,Summer Vacation,36.5,rainy,6
kempty_falls,2024-06-01,11000,5,1,1,Summer Vacation,37.1,sunny,6
robbers_cave,2024-06-01,5338,5,1,1,Summer Vacation,38.5,rainy,6
taj_mahal,2024-06-02,27237,6,1,1,Summer Vacation,38.0,cloudy,6
jaipur_city_palace,2024-06-02,14856,6,1,1,Summer Vacation,36.7,rainy,6
goa_baga_beach,2024-06-02,17475,6,1,1,Summer Vacation,30.7,rainy,6
kerala_backwaters,2024-06-02,8550,6,1,1,Summer Vacation,33.5,rainy,6
varanasi_ghats,2024-06-02,22990,6,1,1,Summer Vacation,37.3,cloudy,6
hampi_ruins,2024-06-02,6636,6,1,1,Summer Vacation,35.5,rainy,6
manali,2024-06-02,24200,6,1,1,Summer Vacation,13.9,sunny,6
mysore_palace,2024-06-02,13636,6,1,1,Summer Vacation,36.9,rainy,6
kempty_falls,2024-06-02,11000,6,1,1,Summer Vacation,36.6,rainy,6
robbers_cave,2024-06-02,4939,6,1,1,Summer Vacation,36.7,rainy,6
taj_mahal,2024-06-03,11895,0,0,1,Summer Vacation,35.0,rainy,6
jaipur_city_palace,2024-06-03,9002,0,0,1,Summer Vacation,37.6,rainy,6
goa_baga_beach,2024-06-03,10614,0,0,1,Summer Vacation,29.4,rainy,6
kerala_backwaters,2024-06-03,7660,0,0,1,Summer Vacation,39.0,cloudy,6
varanasi_ghats,2024-06-03,14929,0,0,1,Summer Vacation,37.7,sunny,6
hampi_ruins,2024-06-03,6137,0,0,1,Summer Vacation,35.4,cloudy,6
manali,2024-06-03,12329,0,0,1,Summer Vacation,21.5,rainy,6
mysore_palace,2024-06-03,12587,0,0,1,Summer Vacation,36.7,cloudy,6
kempty_falls,2024-06-03,6320,0,0,1,Summer Vacation,37.5,rainy,6
robbers_cave,2024-06-03,3866,0,0,1,Summer Vacation,37.1,rainy,6
taj_mahal,2024-06-04,17115,1,0,1,Summer Vacation,33.9,sunny,6
jaipur_city_palace,2024-06-04,13827,1,0,1,Summer Vacation,35.1,cloudy,6
goa_baga_beach,2024-06-04,14252,1,0,1,Summer Vacation,29.2,cloudy,6
kerala_backwaters,2024-06-04,7314,1,0,1,Summer Vacation,39.3,cloudy,6
varanasi_ghats,2024-06-04,8678,1,0,1,Summer Vacation,41.5,rainy,6
hampi_ruins,2024-06-04,4357,1,0,1,Summer Vacation,35.9,rainy,6
manali,2024-06-04,12146,1,0,1,Summer Vacation,23.7,rainy,6
mysore_palace,2024-06-04,10557,1,0,1,Summer Vacation,37.6,sunny,6
kempty_falls,2024-06-04,5892,1,0,1,Summer Vacation,32.5,rainy,6
robbers_cave,2024-06-04,3443,1,0,1,Summer Vacation,33.6,rainy,6
taj_mahal,2024-06-05,12685,2,0,1,Summer Vacation,29.7,extreme_heat,6
jaipur_city_palace,2024-06-05,8357,2,0,1,Summer Vacation,34.8,extreme_heat,6
goa_baga_beach,2024-06-05,10166,2,0,1,Summer Vacation,31.8,rainy,6
kerala_backwaters,2024-06-05,5107,2,0,1,Summer Vacation,34.3,rainy,6
varanasi_ghats,2024-06-05,8801,2,0,1,Summer Vacation,36.3,rainy,6
hampi_ruins,2024-06-05,3934,2,0,1,Summer Vacation,38.0,rainy,6
manali,2024-06-05,18174,2,0,1,Summer Vacation,20.3,sunny,6
mysore_palace,2024-06-05,10639,2,0,1,Summer Vacation,36.1,sunny,6
kempty_falls,2024-06-05,9698,2,0,1,Summer Vacation,32.8,cloudy,6
robbers_cave,2024-06-05,4392,2,0,1,Summer Vacation,34.6,extreme_heat,6
taj_mahal,2024-06-06,15137,3,0,1,Summer Vacation,38.6,extreme_heat,6
jaipur_city_palace,2024-06-06,8094,3,0,1,Summer Vacation,34.4,rainy,6
goa_baga_beach,2024-06-06,10325,3,0,1,Summer Vacation,29.1,rainy,6
kerala_backwaters,2024-06-06,6038,3,0,1,Summer Vacation,36.6,extreme_heat,6
varanasi_ghats,2024-06-06,12696,3,0,1,Summer Vacation,37.6,cloudy,6
hampi_ruins,2024-06-06,3877,3,0,1,Summer Vacation,39.2,rainy,6
manali,2024-06-06,18422,3,0,1,Summer Vacation,18.8,sunny,6
mysore_palace,2024-06-06,7364,3,0,1,Summer Vacation,33.4,rainy,6
kempty_falls,2024-06-06,6496,3,0,1,Summer Vacation,34.8,rainy,6
robbers_cave,2024-06-06,3771,3,0,1,Summer Vacation,36.5,rainy,6
taj_mahal,2024-06-07,12149,4,0,1,Summer Vacation,36.7,rainy,6
jaipur_city_palace,2024-06-07,8678,4,0,1,Summer Vacation,38.2,rainy,6
goa_baga_beach,2024-06-07,10420,4,0,1,Summer Vacation,29.0,rainy,6
kerala_backwaters,2024-06-07,5624,4,0,1,Summer Vacation,37.5,rainy,6
varanasi_ghats,2024-06-07,14529,4,0,1,Summer Vacation,35.3,cloudy,6
hampi_ruins,2024-06-07,4784,4,0,1,Summer Vacation,36.9,extreme_heat,6
manali,2024-06-07,14356,4,0,1,Summer Vacation,18.2,rainy,6
mysore_palace,2024-06-07,7653,4,0,1,Summer Vacation,37.7,rainy,6
kempty_falls,2024-06-07,9057,4,0,1,Summer Vacation,36.3,sunny,6
robbers_cave,2024-06-07,3884,4,0,1,Summer Vacation,35.9,rainy,6
taj_mahal,2024-06-08,24566,5,1,1,Summer Vacation,38.3,cloudy,6
jaipur_city_palace,2024-06-08,12088,5,1,1,Summer Vacation,36.6,rainy,6
goa_baga_beach,2024-06-08,18355,5,1,1,Summer Vacation,29.4,cloudy,6
kerala_backwaters,2024-06-08,11770,5,1,1,Summer Vacation,35.2,sunny,6
varanasi_ghats,2024-06-08,14227,5,1,1,Summer Vacation,37.8,rainy,6
hampi_ruins,2024-06-08,8870,5,1,1,Summer Vacation,35.5,cloudy,6
manali,2024-06-08,24200,5,1,1,Summer Vacation,19.8,cloudy,6
mysore_palace,2024-06-08,15812,5,1,1,Summer Vacation,37.5,sunny,6
kempty_falls,2024-06-08,9712,5,1,1,Summer Vacation,32.5,rainy,6
robbers_cave,2024-06-08,5500,5,1,1,Summer Vacation,37.0,cloudy,6
taj_mahal,2024-06-09,21070,6,1,1,Summer Vacation,34.8,rainy,6
jaipur_city_palace,2024-06-09,13336,6,1,1,Summer Vacation,34.0,rainy,6
goa_baga_beach,2024-06-09,28534,6,1,1,Summer Vacation,35.7,sunny,6
kerala_backwaters,2024-06-09,11797,6,1,1,Summer Vacation,38.4,cloudy,6
varanasi_ghats,2024-06-09,26621,6,1,1,Summer Vacation,38.1,sunny,6
hampi_ruins,2024-06-09,8121,6,1,1,Summer Vacation,36.4,extreme_heat,6
manali,2024-06-09,20064,6,1,1,Summer Vacation,19.3,rainy,6
mysore_palace,2024-06-09,10793,6,1,1,Summer Vacation,37.4,rainy,6
kempty_falls,2024-06-09,9941,6,1,1,Summer Vacation,35.9,rainy,6
robbers_cave,2024-06-09,5500,6,1,1,Summer Vacation,38.5,cloudy,6
taj_mahal,2024-06-10,10949,0,0,1,Summer Vacation,36.1,rainy,6
jaipur_city_palace,2024-06-10,13137,0,0,1,Summer Vacation,36.0,sunny,6
goa_baga_beach,2024-06-10,16614,0,0,1,Summer Vacation,26.5,sunny,6
kerala_backwaters,2024-06-10,5446,0,0,1,Summer Vacation,35.8,extreme_heat,6
varanasi_ghats,2024-06-10,9865,0,0,1,Summer Vacation,36.7,rainy,6
hampi_ruins,2024-06-10,4089,0,0,1,Summer Vacation,35.1,rainy,6
manali,2024-06-10,13684,0,0,1,Summer Vacation,21.1,rainy,6
mysore_palace,2024-06-10,12663,0,0,1,Summer Vacation,35.1,cloudy,6
kempty_falls,2024-06-10,9228,0,0,1,Summer Vacation,34.8,cloudy,6
robbers_cave,2024-06-10,3803,0,0,1,Summer Vacation,36.1,rainy,6
taj_mahal,2024-06-11,14517,1,0,1,Summer Vacation,35.9,cloudy,6
jaipur_city_palace,2024-06-11,8540,1,0,1,Summer Vacation,39.8,rainy,6
goa_baga_beach,2024-06-11,14850,1,0,1,Summer Vacation,27.2,sunny,6
kerala_backwaters,2024-06-11,5770,1,0,1,Summer Vacation,38.9,rainy,6
varanasi_ghats,2024-06-11,9334,1,0,1,Summer Vacation,34.7,rainy,6
hampi_ruins,2024-06-11,5336,1,0,1,Summer Vacation,38.6,cloudy,6
manali,2024-06-11,12783,1,0,1,Summer Vacation,16.1,extreme_heat,6
mysore_palace,2024-06-11,6275,1,0,1,Summer Vacation,32.8,rainy,6
kempty_falls,2024-06-11,6552,1,0,1,Summer Vacation,34.0,rainy,6
robbers_cave,2024-06-11,3340,1,0,1,Summer Vacation,36.4,rainy,6
taj_mahal,2024-06-12,20140,2,0,1,Summer Vacation,33.7,sunny,6
jaipur_city_palace,2024-06-12,11814,2,0,1,Summer Vacation,37.8,sunny,6
goa_baga_beach,2024-06-12,15441,2,0,1,Summer Vacation,30.0,sunny,6
kerala_backwaters,2024-06-12,5338,2,0,1,Summer Vacation,40.1,rainy,6
varanasi_ghats,2024-06-12,13198,2,0,1,Summer Vacation,38.4,cloudy,6
hampi_ruins,2024-06-12,3833,2,0,1,Summer Vacation,34.9,extreme_heat,6
manali,2024-06-12,19308,2,0,1,Summer Vacation,21.2,cloudy,6
mysore_palace,2024-06-12,6942,2,0,1,Summer Vacation,34.3,rainy,6
kempty_falls,2024-06-12,9840,2,0,1,Summer Vacation,35.3,sunny,6
robbers_cave,2024-06-12,3397,2,0,1,Summer Vacation,33.6,rainy,6
taj_mahal,2024-06-13,17255,3,0,1,Summer Vacation,33.6,cloudy,6
jaipur_city_palace,2024-06-13,12426,3,0,1,Summer Vacation,37.9,cloudy,6
goa_baga_beach,2024-06-13,10423,3,0,1,Summer Vacation,27.8,rainy,6
kerala_backwaters,2024-06-13,8666,3,0,1,Summer Vacation,34.7,sunny,6
varanasi_ghats,2024-06-13,10734,3,0,1,Summer Vacation,35.3,rainy,6
hampi_ruins,2024-06-13,6230,3,0,1,Summer Vacation,35.7,cloudy,6
manali,2024-06-13,11848,3,0,1,Summer Vacation,17.1,rainy,6
mysore_palace,2024-06-13,7849,3,0,1,Summer Vacation,34.3,rainy,6
kempty_falls,2024-06-13,6121,3,0,1,Summer Vacation,38.5,rainy,6
robbers_cave,2024-06-13,3816,3,0,1,Summer Vacation,31.8,rainy,6
taj_mahal,2024-06-14,13456,4,0,1,Summer Vacation,36.4,rainy,6
jaipur_city_palace,2024-06-14,7826,4,0,1,Summer Vacation,37.6,rainy,6
goa_baga_beach,2024-06-14,10609,4,0,1,Summer Vacation,29.8,rainy,6
kerala_backwaters,2024-06-14,5961,4,0,1,Summer Vacation,36.7,rainy,6
varanasi_ghats,2024-06-14,13858,4,0,1,Summer Vacation,36.2,cloudy,6
hampi_ruins,2024-06-14,5803,4,0,1,Summer Vacation,36.6,cloudy,6
manali,2024-06-14,16602,4,0,1,Summer Vacation,21.7,cloudy,6
mysore_palace,2024-06-14,11979,4,0,1,Summer Vacation,33.2,cloudy,6
kempty_falls,2024-06-14,7413,4,0,1,Summer Vacation,36.6,extreme_heat,6
robbers_cave,2024-06-14,4336,4,0,1,Summer Vacation,37.4,rainy,6
taj_mahal,2024-06-15,25402,5,1,1,Summer Vacation,37.1,cloudy,6
jaipur_city_palace,2024-06-15,12926,5,1,1,Summer Vacation,36.5,rainy,6
goa_baga_beach,2024-06-15,21430,5,1,1,Summer Vacation,28.1,cloudy,6
kerala_backwaters,2024-06-15,8675,5,1,1,Summer Vacation,35.5,extreme_heat,6
varanasi_ghats,2024-06-15,21465,5,1,1,Summer Vacation,39.8,cloudy,6
hampi_ruins,2024-06-15,9754,5,1,1,Summer Vacation,35.9,cloudy,6
manali,2024-06-15,16266,5,1,1,Summer Vacation,18.3,rainy,6
mysore_palace,2024-06-15,11293,5,1,1,Summer Vacation,38.2,rainy,6
kempty_falls,2024-06-15,8832,5,1,1,Summer Vacation,31.7,rainy,6
robbers_cave,2024-06-15,5500,5,1,1,Summer Vacation,34.7,rainy,6
taj_mahal,2024-06-16,12852,6,1,0,,35.0,rainy,6
jaipur_city_palace,2024-06-16,8892,6,1,0,,35.2,extreme_heat,6
goa_baga_beach,2024-06-16,9404,6,1,0,,30.7,rainy,6
kerala_backwaters,2024-06-16,5873,6,1,0,,38.0,extreme_heat,6
varanasi_ghats,2024-06-16,10341,6,1,0,,34.8,rainy,6
hampi_ruins,2024-06-16,4440,6,1,0,,38.3,rainy,6
manali,2024-06-16,15201,6,1,0,,20.4,rainy,6
mysore_palace,2024-06-16,11719,6,1,0,,33.1,cloudy,6
kempty_falls,2024-06-16,7034,6,1,0,,36.6,rainy,6
robbers_cave,2024-06-16,3780,6,1,0,,32.9,rainy,6
taj_mahal,2024-06-17,9238,0,0,0,,34.6,extreme_heat,6
jaipur_city_palace,2024-06-17,8132,0,0,0,,35.3,sunny,6
goa_baga_beach,2024-06-17,9388,0,0,0,,28.2,cloudy,6
kerala_backwaters,2024-06-17,3576,0,0,0,,34.6,rainy,6
varanasi_ghats,2024-06-17,9283,0,0,0,,32.8,cloudy,6
hampi_ruins,2024-06-17,4088,0,0,0,,34.4,cloudy,6
manali,2024-06-17,9287,0,0,0,,17.5,rainy,6
mysore_palace,2024-06-17,6870,0,0,0,,36.7,sunny,6
kempty_falls,2024-06-17,4384,0,0,0,,35.0,rainy,6
robbers_cave,2024-06-17,2561,0,0,0,,34.4,extreme_heat,6
taj_mahal,2024-06-18,6240,1,0,0,,33.9,rainy,6
jaipur_city_palace,2024-06-18,8203,1,0,0,,35.8,cloudy,6
goa_baga_beach,2024-06-18,7013,1,0,0,,26.2,rainy,6
kerala_backwaters,2024-06-18,5838,1,0,0,,38.5,sunny,6
varanasi_ghats,2024-06-18,5764,1,0,0,,33.1,rainy,6
hampi_ruins,2024-06-18,2836,1,0,0,,32.7,extreme_heat,6
manali,2024-06-18,7005,1,0,0,,18.4,rainy,6
mysore_palace,2024-06-18,5175,1,0,0,,31.7,rainy,6
kempty_falls,2024-06-18,4429,1,0,0,,33.9,rainy,6
robbers_cave,2024-06-18,3906,1,0,0,,36.8,cloudy,6
taj_mahal,2024-06-19,12133,2,0,0,,34.5,sunny,6
jaipur_city_palace,2024-06-19,5296,2,0,0,,35.5,rainy,6
goa_baga_beach,2024-06-19,7003,2,0,0,,30.1,rainy,6
kerala_backwaters,2024-06-19,5272,2,0,0,,34.0,sunny,6
varanasi_ghats,2024-06-19,6580,2,0,0,,36.7,rainy,6
hampi_ruins,2024-06-19,3895,2,0,0,,34.6,sunny,6
manali,2024-06-19,8624,2,0,0,,19.9,extreme_heat,6
mysore_palace,2024-06-19,4987,2,0,0,,38.5,rainy,6
kempty_falls,2024-06-19,5657,2,0,0,,36.1,cloudy,6
robbers_cave,2024-06-19,3620,2,0,0,,34.0,cloudy,6
taj_mahal,2024-06-20,9393,3,0,0,,35.6,extreme_heat,6
jaipur_city_palace,2024-06-20,4660,3,0,0,,34.0,rainy,6
goa_baga_beach,2024-06-20,7360,3,0,0,,34.1,extreme_heat,6
kerala_backwaters,2024-06-20,5339,3,0,0,,33.3,cloudy,6
varanasi_ghats,2024-06-20,11198,3,0,0,,35.5,sunny,6
hampi_ruins,2024-06-20,3766,3,0,0,,34.1,sunny,6
manali,2024-06-20,8101,3,0,0,,23.2,rainy,6
mysore_palace,2024-06-20,7556,3,0,0,,36.1,cloudy,6
kempty_falls,2024-06-20,4625,3,0,0,,35.2,extreme_heat,6
robbers_cave,2024-06-20,2459,3,0,0,,35.6,rainy,6
taj_mahal,2024-06-21,12719,4,0,0,,37.6,sunny,6
jaipur_city_palace,2024-06-21,7641,4,0,0,,37.6,sunny,6
goa_baga_beach,2024-06-21,8524,4,0,0,,31.3,cloudy,6
kerala_backwaters,2024-06-21,3367,4,0,0,,35.3,rainy,6
varanasi_ghats,2024-06-21,6817,4,0,0,,39.0,rainy,6
hampi_ruins,2024-06-21,3559,4,0,0,,36.5,cloudy,6
manali,2024-06-21,7294,4,0,0,,20.0,rainy,6
mysore_palace,2024-06-21,4986,4,0,0,,34.9,rainy,6
kempty_falls,2024-06-21,4249,4,0,0,,36.9,rainy,6
robbers_cave,2024-06-21,3452,4,0,0,,35.6,cloudy,6
taj_mahal,2024-06-22,11953,5,1,0,,38.2,rainy,6
jaipur_city_palace,2024-06-22,8506,5,1,0,,39.2,extreme_heat,6
goa_baga_beach,2024-06-22,9806,5,1,0,,27.4,rainy,6
kerala_backwaters,2024-06-22,5544,5,1,0,,36.1,rainy,6
varanasi_ghats,2024-06-22,9579,5,1,0,,34.2,rainy,6
hampi_ruins,2024-06-22,4234,5,1,0,,34.8,extreme_heat,6
manali,2024-06-22,19167,5,1,0,,17.0,sunny,6
mysore_palace,2024-06-22,8981,5,1,0,,34.2,cloudy,6
kempty_falls,2024-06-22,7239,5,1,0,,33.8,rainy,6
robbers_cave,2024-06-22,3558,5,1,0,,37.5,rainy,6
taj_mahal,2024-06-23,18315,6,1,0,,34.1,cloudy,6
jaipur_city_palace,2024-06-23,7301,6,1,0,,40.2,rainy,6
goa_baga_beach,2024-06-23,15398,6,1,0,,28.7,cloudy,6
kerala_backwaters,2024-06-23,6278,6,1,0,,35.9,extreme_heat,6
varanasi_ghats,2024-06-23,15177,6,1,0,,33.8,cloudy,6
hampi_ruins,2024-06-23,3887,6,1,0,,36.0,rainy,6
manali,2024-06-23,20832,6,1,0,,20.2,sunny,6
mysore_palace,2024-06-23,12216,6,1,0,,37.1,cloudy,6
kempty_falls,2024-06-23,6281,6,1,0,,36.1,rainy,6
robbers_cave,2024-06-23,5500,6,1,0,,35.6,sunny,6
taj_mahal,2024-06-24,6854,0,0,0,,34.1,rainy,6
jaipur_city_palace,2024-06-24,4844,0,0,0,,35.5,rainy,6
goa_baga_beach,2024-06-24,9911,0,0,0,,29.2,cloudy,6
kerala_backwaters,2024-06-24,3387,0,0,0,,37.5,rainy,6
varanasi_ghats,2024-06-24,8415,0,0,0,,37.1,cloudy,6
hampi_ruins,2024-06-24,2759,0,0,0,,38.4,rainy,6
manali,2024-06-24,9077,0,0,0,,21.9,rainy,6
mysore_palace,2024-06-24,7272,0,0,0,,36.8,cloudy,6
kempty_falls,2024-06-24,4215,0,0,0,,36.1,rainy,6
robbers_cave,2024-06-24,2310,0,0,0,,35.4,extreme_heat,6
taj_mahal,2024-06-25,10964,1,0,0,,34.9,cloudy,6
jaipur_city_palace,2024-06-25,8318,1,0,0,,35.5,sunny,6
goa_baga_beach,2024-06-25,7028,1,0,0,,28.5,rainy,6
kerala_backwaters,2024-06-25,3741,1,0,0,,34.6,rainy,6
varanasi_ghats,2024-06-25,11900,1,0,0,,38.1,sunny,6
hampi_ruins,2024-06-25,2448,1,0,0,,38.1,rainy,6
manali,2024-06-25,9310,1,0,0,,19.8,rainy,6
mysore_palace,2024-06-25,6345,1,0,0,,39.0,cloudy,6
kempty_falls,2024-06-25,5273,1,0,0,,37.0,cloudy,6
robbers_cave,2024-06-25,4053,1,0,0,,36.5,sunny,6
taj_mahal,2024-06-26,7835,2,0,0,,37.0,extreme_heat,6
jaipur_city_palace,2024-06-26,4761,2,0,0,,35.8,extreme_heat,6
goa_baga_beach,2024-06-26,7041,2,0,0,,31.5,rainy,6
kerala_backwaters,2024-06-26,3676,2,0,0,,38.2,rainy,6
varanasi_ghats,2024-06-26,9066,2,0,0,,34.7,cloudy,6
hampi_ruins,2024-06-26,3049,2,0,0,,35.1,rainy,6
manali,2024-06-26,11017,2,0,0,,16.9,cloudy,6
mysore_palace,2024-06-26,7268,2,0,0,,37.8,cloudy,6
kempty_falls,2024-06-26,6429,2,0,0,,34.1,cloudy,6
robbers_cave,2024-06-26,3509,2,0,0,,39.5,sunny,6
taj_mahal,2024-06-27,11637,3,0,0,,36.7,cloudy,6
jaipur_city_palace,2024-06-27,5247,3,0,0,,38.9,rainy,6
goa_baga_beach,2024-06-27,6178,3,0,0,,31.2,rainy,6
kerala_backwaters,2024-06-27,4140,3,0,0,,34.4,extreme_heat,6
varanasi_ghats,2024-06-27,6209,3,0,0,,39.0,rainy,6
hampi_ruins,2024-06-27,2783,3,0,0,,35.4,rainy,6
manali,2024-06-27,12441,3,0,0,,18.0,cloudy,6
mysore_palace,2024-06-27,8062,3,0,0,,35.6,sunny,6
kempty_falls,2024-06-27,3462,3,0,0,,37.5,rainy,6
robbers_cave,2024-06-27,2157,3,0,0,,36.5,rainy,6
taj_mahal,2024-06-28,7911,4,0,0,,34.7,rainy,6
jaipur_city_palace,2024-06-28,4922,4,0,0,,39.3,rainy,6
goa_baga_beach,2024-06-28,6785,4,0,0,,31.1,rainy,6
kerala_backwaters,2024-06-28,5823,4,0,0,,36.8,cloudy,6
varanasi_ghats,2024-06-28,10052,4,0,0,,38.2,sunny,6
hampi_ruins,2024-06-28,4417,4,0,0,,37.8,sunny,6
manali,2024-06-28,12722,4,0,0,,20.4,sunny,6
mysore_palace,2024-06-28,4568,4,0,0,,32.0,rainy,6
kempty_falls,2024-06-28,6226,4,0,0,,33.6,cloudy,6
robbers_cave,2024-06-28,3676,4,0,0,,35.9,cloudy,6
taj_mahal,2024-06-29,12554,5,1,0,,38.0,extreme_heat,6
jaipur_city_palace,2024-06-29,9755,5,1,0,,36.0,cloudy,6
goa_baga_beach,2024-06-29,10517,5,1,0,,29.9,extreme_heat,6
kerala_backwaters,2024-06-29,6075,5,1,0,,35.0,rainy,6
varanasi_ghats,2024-06-29,10684,5,1,0,,35.4,rainy,6
hampi_ruins,2024-06-29,3950,5,1,0,,34.9,rainy,6
manali,2024-06-29,18396,5,1,0,,23.6,cloudy,6
mysore_palace,2024-06-29,10645,5,1,0,,35.9,cloudy,6
kempty_falls,2024-06-29,5987,5,1,0,,37.8,rainy,6
robbers_cave,2024-06-29,4047,5,1,0,,35.5,rainy,6
taj_mahal,2024-06-30,13110,6,1,0,,34.7,rainy,6
jaipur_city_palace,2024-06-30,11743,6,1,0,,39.1,sunny,6
goa_baga_beach,2024-06-30,15165,6,1,0,,29.5,cloudy,6
kerala_backwaters,2024-06-30,4923,6,1,0,,39.2,rainy,6
varanasi_ghats,2024-06-30,15182,6,1,0,,34.3,cloudy,6
hampi_ruins,2024-06-30,6489,6,1,0,,36.9,cloudy,6
manali,2024-06-30,21118,6,1,0,,22.4,cloudy,6
mysore_palace,2024-06-30,10161,6,1,0,,35.4,cloudy,6
kempty_falls,2024-06-30,10534,6,1,0,,36.0,cloudy,6
robbers_cave,2024-06-30,5500,6,1,0,,32.8,sunny,6
taj_mahal,2024-07-01,8711,0,0,0,,33.0,rainy,7
jaipur_city_palace,2024-07-01,8533,0,0,0,,30.9,cloudy,7
goa_baga_beach,2024-07-01,7086,0,0,0,,24.7,rainy,7
kerala_backwaters,2024-07-01,5807,0,0,0,,31.5,sunny,7
varanasi_ghats,2024-07-01,6123,0,0,0,,29.6,rainy,7
hampi_ruins,2024-07-01,3637,0,0,0,,33.4,cloudy,7
manali,2024-07-01,5590,0,0,0,,22.2,extreme_heat,7
mysore_palace,2024-07-01,6441,0,0,0,,29.0,cloudy,7
kempty_falls,2024-07-01,2075,0,0,0,,34.0,rainy,7
robbers_cave,2024-07-01,1350,0,0,0,,30.8,rainy,7
taj_mahal,2024-07-02,7057,1,0,0,,33.0,rainy,7
jaipur_city_palace,2024-07-02,8853,1,0,0,,33.5,sunny,7
goa_baga_beach,2024-07-02,6563,1,0,0,,26.6,rainy,7
kerala_backwaters,2024-07-02,5048,1,0,0,,34.6,cloudy,7
varanasi_ghats,2024-07-02,5637,1,0,0,,30.3,rainy,7
hampi_ruins,2024-07-02,3276,1,0,0,,30.5,cloudy,7
manali,2024-07-02,4703,1,0,0,,24.5,rainy,7
mysore_palace,2024-07-02,6793,1,0,0,,33.1,sunny,7
kempty_falls,2024-07-02,2454,1,0,0,,31.7,extreme_heat,7
robbers_cave,2024-07-02,1355,1,0,0,,33.6,rainy,7
taj_mahal,2024-07-03,7595,2,0,0,,33.8,rainy,7
jaipur_city_palace,2024-07-03,5378,2,0,0,,32.9,rainy,7
goa_baga_beach,2024-07-03,6916,2,0,0,,25.9,rainy,7
kerala_backwaters,2024-07-03,3698,2,0,0,,33.8,rainy,7
varanasi_ghats,2024-07-03,6839,2,0,0,,30.9,rainy,7
hampi_ruins,2024-07-03,3034,2,0,0,,33.6,rainy,7
manali,2024-07-03,4134,2,0,0,,20.6,rainy,7
mysore_palace,2024-07-03,4746,2,0,0,,31.5,rainy,7
kempty_falls,2024-07-03,2256,2,0,0,,30.9,rainy,7
robbers_cave,2024-07-03,2035,2,0,0,,30.8,cloudy,7
taj_mahal,2024-07-04,6492,3,0,0,,30.5,rainy,7
jaipur_city_palace,2024-07-04,5296,3,0,0,,29.8,rainy,7
goa_baga_beach,2024-07-04,9132,3,0,0,,26.1,sunny,7
kerala_backwaters,2024-07-04,3623,3,0,0,,32.3,rainy,7
varanasi_ghats,2024-07-04,6783,3,0,0,,32.0,rainy,7
hampi_ruins,2024-07-04,3918,3,0,0,,28.9,sunny,7
manali,2024-07-04,4888,3,0,0,,21.2,rainy,7
mysore_palace,2024-07-04,7437,3,0,0,,33.6,cloudy,7
kempty_falls,2024-07-04,2523,3,0,0,,33.3,extreme_heat,7
robbers_cave,2024-07-04,1364,3,0,0,,31.7,rainy,7
taj_mahal,2024-07-05,7874,4,0,0,,32.4,rainy,7
jaipur_city_palace,2024-07-05,5247,4,0,0,,30.6,rainy,7
goa_baga_beach,2024-07-05,5973,4,0,0,,28.3,rainy,7
kerala_backwaters,2024-07-05,3669,4,0,0,,30.2,rainy,7
varanasi_ghats,2024-07-05,6325,4,0,0,,29.6,rainy,7
hampi_ruins,2024-07-05,2619,4,0,0,,33.2,rainy,7
manali,2024-07-05,4734,4,0,0,,25.3,rainy,7
mysore_palace,2024-07-05,5104,4,0,0,,32.7,rainy,7
kempty_falls,2024-07-05,3204,4,0,0,,31.7,sunny,7
robbers_cave,2024-07-05,1342,4,0,0,,31.7,rainy,7
taj_mahal,2024-07-06,10573,5,1,0,,33.0,rainy,7
jaipur_city_palace,2024-07-06,12585,5,1,0,,35.2,sunny,7
goa_baga_beach,2024-07-06,15806,5,1,0,,25.4,sunny,7
kerala_backwaters,2024-07-06,8019,5,1,0,,34.7,sunny,7
varanasi_ghats,2024-07-06,8960,5,1,0,,32.4,rainy,7
hampi_ruins,2024-07-06,6622,5,1,0,,28.9,sunny,7
manali,2024-07-06,6331,5,1,0,,21.8,rainy,7
mysore_palace,2024-07-06,11483,5,1,0,,30.3,sunny,7
kempty_falls,2024-07-06,3245,5,1,0,,33.0,extreme_heat,7
robbers_cave,2024-07-06,1885,5,1,0,,30.9,rainy,7
taj_mahal,2024-07-07,11713,6,1,0,,33.6,rainy,7
jaipur_city_palace,2024-07-07,9117,6,1,0,,32.1,rainy,7
goa_baga_beach,2024-07-07,15894,6,1,0,,28.8,cloudy,7
kerala_backwaters,2024-07-07,5786,6,1,0,,31.6,rainy,7
varanasi_ghats,2024-07-07,11802,6,1,0,,31.3,extreme_heat,7
hampi_ruins,2024-07-07,4535,6,1,0,,33.3,extreme_heat,7
manali,2024-07-07,7126,6,1,0,,19.5,rainy,7
mysore_palace,2024-07-07,8349,6,1,0,,32.5,rainy,7
kempty_falls,2024-07-07,4248,6,1,0,,30.6,extreme_heat,7
robbers_cave,2024-07-07,3235,6,1,0,,33.5,sunny,7
taj_mahal,2024-07-08,8196,0,0,0,,31.8,rainy,7
jaipur_city_palace,2024-07-08,8529,0,0,0,,37.1,sunny,7
goa_baga_beach,2024-07-08,11120,0,0,0,,24.6,sunny,7
kerala_backwaters,2024-07-08,3784,0,0,0,,32.8,rainy,7
varanasi_ghats,2024-07-08,7085,0,0,0,,28.4,rainy,7
hampi_ruins,2024-07-08,2994,0,0,0,,28.0,cloudy,7
manali,2024-07-08,3563,0,0,0,,23.9,rainy,7
mysore_palace,2024-07-08,7259,0,0,0,,32.9,cloudy,7
kempty_falls,2024-07-08,1867,0,0,0,,33.2,rainy,7
robbers_cave,2024-07-08,1546,0,0,0,,33.4,extreme_heat,7
taj_mahal,2024-07-09,7363,1,0,0,,28.0,rainy,7
jaipur_city_palace,2024-07-09,5431,1,0,0,,28.8,rainy,7
goa_baga_beach,2024-07-09,6898,1,0,0,,25.1,rainy,7
kerala_backwaters,2024-07-09,4558,1,0,0,,30.9,sunny,7
varanasi_ghats,2024-07-09,6225,1,0,0,,31.3,rainy,7
hampi_ruins,2024-07-09,2577,1,0,0,,32.8,rainy,7
manali,2024-07-09,4354,1,0,0,,22.6,rainy,7
mysore_palace,2024-07-09,4577,1,0,0,,32.6,rainy,7
kempty_falls,2024-07-09,2262,1,0,0,,33.0,rainy,7
robbers_cave,2024-07-09,1282,1,0,0,,32.1,rainy,7
taj_mahal,2024-07-10,8139,2,0,0,,31.0,rainy,7
jaipur_city_palace,2024-07-10,7368,2,0,0,,32.5,cloudy,7
goa_baga_beach,2024-07-10,6121,2,0,0,,31.8,rainy,7
kerala_backwaters,2024-07-10,3940,2,0,0,,30.0,rainy,7
varanasi_ghats,2024-07-10,8334,2,0,0,,34.7,cloudy,7
hampi_ruins,2024-07-10,2576,2,0,0,,35.6,rainy,7
manali,2024-07-10,7542,2,0,0,,24.9,cloudy,7
mysore_palace,2024-07-10,4590,2,0,0,,32.5,rainy,7
kempty_falls,2024-07-10,2395,2,0,0,,28.3,rainy,7
robbers_cave,2024-07-10,1771,2,0,0,,33.2,cloudy,7
taj_mahal,2024-07-11,8170,3,0,0,,32.5,rainy,7
jaipur_city_palace,2024-07-11,6063,3,0,0,,32.3,extreme_heat,7
goa_baga_beach,2024-07-11,7935,3,0,0,,21.7,rainy,7
kerala_backwaters,2024-07-11,5397,3,0,0,,29.0,sunny,7
varanasi_ghats,2024-07-11,6375,3,0,0,,31.1,rainy,7
hampi_ruins,2024-07-11,2636,3,0,0,,32.3,rainy,7
manali,2024-07-11,6855,3,0,0,,28.4,sunny,7
mysore_palace,2024-07-11,5269,3,0,0,,28.6,rainy,7
kempty_falls,2024-07-11,2199,3,0,0,,29.3,rainy,7
robbers_cave,2024-07-11,1281,3,0,0,,34.7,rainy,7
taj_mahal,2024-07-12,12153,4,0,0,,28.3,cloudy,7
jaipur_city_palace,2024-07-12,5588,4,0,0,,28.4,rainy,7
goa_baga_beach,2024-07-12,10122,4,0,0,,30.3,cloudy,7
kerala_backwaters,2024-07-12,2999,4,0,0,,33.0,rainy,7
varanasi_ghats,2024-07-12,9352,4,0,0,,29.0,sunny,7
hampi_ruins,2024-07-12,2868,4,0,0,,32.8,rainy,7
manali,2024-07-12,4471,4,0,0,,24.3,rainy,7
mysore_palace,2024-07-12,7616,4,0,0,,30.3,sunny,7
kempty_falls,2024-07-12,2293,4,0,0,,25.2,rainy,7
robbers_cave,2024-07-12,1280,4,0,0,,30.8,rainy,7
taj_mahal,2024-07-13,13412,5,1,0,,32.3,rainy,7
jaipur_city_palace,2024-07-13,8658,5,1,0,,31.8,rainy,7
goa_baga_beach,2024-07-13,16537,5,1,0,,29.2,sunny,7
kerala_backwaters,2024-07-13,5314,5,1,0,,37.1,rainy,7
varanasi_ghats,2024-07-13,8772,5,1,0,,32.3,rainy,7
hampi_ruins,2024-07-13,3575,5,1,0,,31.4,rainy,7
manali,2024-07-13,11558,5,1,0,,21.0,sunny,7
mysore_palace,2024-07-13,6818,5,1,0,,33.1,rainy,7
kempty_falls,2024-07-13,3298,5,1,0,,34.7,rainy,7
robbers_cave,2024-07-13,1957,5,1,0,,31.1,extreme_heat,7
taj_mahal,2024-07-14,18226,6,1,0,,32.8,cloudy,7
jaipur_city_palace,2024-07-14,12805,6,1,0,,32.4,cloudy,7
goa_baga_beach,2024-07-14,11198,6,1,0,,27.1,rainy,7
kerala_backwaters,2024-07-14,8437,6,1,0,,34.2,sunny,7
varanasi_ghats,2024-07-14,13813,6,1,0,,30.1,cloudy,7
hampi_ruins,2024-07-14,6430,6,1,0,,30.0,cloudy,7
manali,2024-07-14,7505,6,1,0,,23.1,rainy,7
mysore_palace,2024-07-14,7608,6,1,0,,31.2,rainy,7
kempty_falls,2024-07-14,5271,6,1,0,,32.9,sunny,7
robbers_cave,2024-07-14,3209,6,1,0,,29.3,sunny,7
taj_mahal,2024-07-15,12434,0,0,0,,28.2,cloudy,7
jaipur_city_palace,2024-07-15,5038,0,0,0,,37.1,rainy,7
goa_baga_beach,2024-07-15,6688,0,0,0,,25.8,rainy,7
kerala_backwaters,2024-07-15,2954,0,0,0,,30.4,rainy,7
varanasi_ghats,2024-07-15,8953,0,0,0,,33.9,cloudy,7
hampi_ruins,2024-07-15,3761,0,0,0,,29.1,cloudy,7
manali,2024-07-15,4893,0,0,0,,22.0,rainy,7
mysore_palace,2024-07-15,5385,0,0,0,,33.5,rainy,7
kempty_falls,2024-07-15,3465,0,0,0,,33.1,cloudy,7
robbers_cave,2024-07-15,1789,0,0,0,,34.1,sunny,7
taj_mahal,2024-07-16,9035,1,0,0,,30.3,extreme_heat,7
jaipur_city_palace,2024-07-16,5819,1,0,0,,32.0,rainy,7
goa_baga_beach,2024-07-16,6035,1,0,0,,30.4,rainy,7
kerala_backwaters,2024-07-16,4688,1,0,0,,33.0,sunny,7
varanasi_ghats,2024-07-16,6369,1,0,0,,31.4,rainy,7
hampi_ruins,2024-07-16,3148,1,0,0,,36.0,rainy,7
manali,2024-07-16,3938,1,0,0,,22.4,rainy,7
mysore_palace,2024-07-16,6689,1,0,0,,34.2,cloudy,7
kempty_falls,2024-07-16,2576,1,0,0,,34.6,extreme_heat,7
robbers_cave,2024-07-16,2015,1,0,0,,31.3,sunny,7
taj_mahal,2024-07-17,8130,2,0,0,,33.6,rainy,7
jaipur_city_palace,2024-07-17,5563,2,0,0,,35.9,extreme_heat,7
goa_baga_beach,2024-07-17,7633,2,0,0,,29.7,rainy,7
kerala_backwaters,2024-07-17,3449,2,0,0,,34.4,rainy,7
varanasi_ghats,2024-07-17,9289,2,0,0,,33.2,cloudy,7
hampi_ruins,2024-07-17,3944,2,0,0,,32.9,sunny,7
manali,2024-07-17,7294,2,0,0,,21.7,cloudy,7
mysore_palace,2024-07-17,4492,2,0,0,,31.5,rainy,7
kempty_falls,2024-07-17,2479,2,0,0,,33.4,rainy,7
robbers_cave,2024-07-17,2000,2,0,0,,32.4,sunny,7
taj_mahal,2024-07-18,7934,3,0,0,,33.1,rainy,7
jaipur_city_palace,2024-07-18,5141,3,0,0,,32.3,rainy,7
goa_baga_beach,2024-07-18,11705,3,0,0,,27.5,cloudy,7
kerala_backwaters,2024-07-18,4737,3,0,0,,29.6,cloudy,7
varanasi_ghats,2024-07-18,6928,3,0,0,,31.8,extreme_heat,7
hampi_ruins,2024-07-18,3634,3,0,0,,32.3,cloudy,7
manali,2024-07-18,3831,3,0,0,,21.5,rainy,7
mysore_palace,2024-07-18,5121,3,0,0,,29.7,rainy,7
kempty_falls,2024-07-18,1871,3,0,0,,32.5,rainy,7
robbers_cave,2024-07-18,1024,3,0,0,,29.0,rainy,7
taj_mahal,2024-07-19,12321,4,0,0,,34.4,cloudy,7
jaipur_city_palace,2024-07-19,10179,4,0,0,,30.2,sunny,7
goa_baga_beach,2024-07-19,6062,4,0,0,,23.5,extreme_heat,7
kerala_backwaters,2024-07-19,3546,4,0,0,,32.9,rainy,7
varanasi_ghats,2024-07-19,7937,4,0,0,,30.2,cloudy,7
hampi_ruins,2024-07-19,2337,4,0,0,,34.5,rainy,7
manali,2024-07-19,7780,4,0,0,,25.2,sunny,7
mysore_palace,2024-07-19,7375,4,0,0,,34.4,sunny,7
kempty_falls,2024-07-19,2445,4,0,0,,32.2,extreme_heat,7
robbers_cave,2024-07-19,1916,4,0,0,,32.4,cloudy,7
taj_mahal,2024-07-20,17649,5,1,0,,34.6,sunny,7
jaipur_city_palace,2024-07-20,7012,5,1,0,,30.9,rainy,7
goa_baga_beach,2024-07-20,14190,5,1,0,,26.5,cloudy,7
kerala_backwaters,2024-07-20,8468,5,1,0,,33.4,sunny,7
varanasi_ghats,2024-07-20,9347,5,1,0,,31.7,rainy,7
hampi_ruins,2024-07-20,6197,5,1,0,,31.0,cloudy,7
manali,2024-07-20,8875,5,1,0,,22.5,cloudy,7
mysore_palace,2024-07-20,11946,5,1,0,,29.1,cloudy,7
kempty_falls,2024-07-20,3350,5,1,0,,32.4,rainy,7
robbers_cave,2024-07-20,3026,5,1,0,,31.9,cloudy,7
taj_mahal,2024-07-21,11702,6,1,0,,26.0,rainy,7
jaipur_city_palace,2024-07-21,12805,6,1,0,,29.2,cloudy,7
goa_baga_beach,2024-07-21,11251,6,1,0,,24.7,rainy,7
kerala_backwaters,2024-07-21,5613,6,1,0,,32.1,extreme_heat,7
varanasi_ghats,2024-07-21,15695,6,1,0,,34.1,cloudy,7
hampi_ruins,2024-07-21,3662,6,1,0,,31.7,rainy,7
manali,2024-07-21,6313,6,1,0,,21.7,rainy,7
mysore_palace,2024-07-21,10779,6,1,0,,33.0,cloudy,7
kempty_falls,2024-07-21,3912,6,1,0,,33.7,extreme_heat,7
robbers_cave,2024-07-21,3196,6,1,0,,35.2,cloudy,7
taj_mahal,2024-07-22,7706,0,0,0,,31.4,rainy,7
jaipur_city_palace,2024-07-22,8161,0,0,0,,33.1,cloudy,7
goa_baga_beach,2024-07-22,8584,0,0,0,,32.3,cloudy,7
kerala_backwaters,2024-07-22,3493,0,0,0,,29.3,rainy,7
varanasi_ghats,2024-07-22,6551,0,0,0,,33.8,rainy,7
hampi_ruins,2024-07-22,2548,0,0,0,,31.7,rainy,7
manali,2024-07-22,4689,0,0,0,,19.6,extreme_heat,7
mysore_palace,2024-07-22,6800,0,0,0,,33.3,sunny,7
kempty_falls,2024-07-22,3073,0,0,0,,31.5,cloudy,7
robbers_cave,2024-07-22,2106,0,0,0,,30.3,sunny,7
taj_mahal,2024-07-23,12137,1,0,0,,35.3,cloudy,7
jaipur_city_palace,2024-07-23,7102,1,0,0,,33.4,cloudy,7
goa_baga_beach,2024-07-23,10231,1,0,0,,25.8,cloudy,7
kerala_backwaters,2024-07-23,2782,1,0,0,,32.6,rainy,7
varanasi_ghats,2024-07-23,10451,1,0,0,,36.1,cloudy,7
hampi_ruins,2024-07-23,2335,1,0,0,,29.1,extreme_heat,7
manali,2024-07-23,5862,1,0,0,,22.7,cloudy,7
mysore_palace,2024-07-23,5101,1,0,0,,29.3,rainy,7
kempty_falls,2024-07-23,2232,1,0,0,,35.6,rainy,7
robbers_cave,2024-07-23,1941,1,0,0,,29.4,sunny,7
taj_mahal,2024-07-24,13113,2,0,0,,32.9,sunny,7
jaipur_city_palace,2024-07-24,5246,2,0,0,,30.3,rainy,7
goa_baga_beach,2024-07-24,9188,2,0,0,,27.4,cloudy,7
kerala_backwaters,2024-07-24,3833,2,0,0,,35.5,extreme_heat,7
varanasi_ghats,2024-07-24,10437,2,0,0,,31.5,sunny,7
hampi_ruins,2024-07-24,2587,2,0,0,,30.6,rainy,7
manali,2024-07-24,4542,2,0,0,,22.3,rainy,7
mysore_palace,2024-07-24,6755,2,0,0,,34.9,sunny,7
kempty_falls,2024-07-24,3915,2,0,0,,31.0,sunny,7
robbers_cave,2024-07-24,1288,2,0,0,,34.0,rainy,7
taj_mahal,2024-07-25,8391,3,0,0,,31.4,rainy,7
jaipur_city_palace,2024-07-25,5438,3,0,0,,33.0,rainy,7
goa_baga_beach,2024-07-25,9750,3,0,0,,27.6,cloudy,7
kerala_backwaters,2024-07-25,3717,3,0,0,,33.8,rainy,7
varanasi_ghats,2024-07-25,5512,3,0,0,,32.0,extreme_heat,7
hampi_ruins,2024-07-25,2985,3,0,0,,31.7,rainy,7
manali,2024-07-25,4709,3,0,0,,22.7,extreme_heat,7
mysore_palace,2024-07-25,4628,3,0,0,,33.9,rainy,7
kempty_falls,2024-07-25,2606,3,0,0,,30.6,extreme_heat,7
robbers_cave,2024-07-25,1192,3,0,0,,30.7,rainy,7
taj_mahal,2024-07-26,9220,4,0,0,,31.6,rainy,7
jaipur_city_palace,2024-07-26,7058,4,0,0,,28.7,cloudy,7
goa_baga_beach,2024-07-26,9129,4,0,0,,30.0,cloudy,7
kerala_backwaters,2024-07-26,3963,4,0,0,,32.1,rainy,7
varanasi_ghats,2024-07-26,4832,4,0,0,,33.1,rainy,7
hampi_ruins,2024-07-26,2912,4,0,0,,31.9,rainy,7
manali,2024-07-26,5796,4,0,0,,18.3,cloudy,7
mysore_palace,2024-07-26,4530,4,0,0,,35.4,rainy,7
kempty_falls,2024-07-26,2003,4,0,0,,32.1,rainy,7
robbers_cave,2024-07-26,1112,4,0,0,,32.1,rainy,7
taj_mahal,2024-07-27,10471,5,1,0,,31.2,rainy,7
jaipur_city_palace,2024-07-27,8981,5,1,0,,32.5,rainy,7
goa_baga_beach,2024-07-27,10547,5,1,0,,27.5,rainy,7
kerala_backwaters,2024-07-27,5489,5,1,0,,29.3,rainy,7
varanasi_ghats,2024-07-27,9812,5,1,0,,31.6,extreme_heat,7
hampi_ruins,2024-07-27,5426,5,1,0,,33.7,cloudy,7
manali,2024-07-27,6144,5,1,0,,22.3,rainy,7
mysore_palace,2024-07-27,7203,5,1,0,,32.3,rainy,7
kempty_falls,2024-07-27,4511,5,1,0,,28.7,cloudy,7
robbers_cave,2024-07-27,1876,5,1,0,,34.1,rainy,7
taj_mahal,2024-07-28,12936,6,1,0,,34.4,rainy,7
jaipur_city_palace,2024-07-28,12389,6,1,0,,33.5,cloudy,7
goa_baga_beach,2024-07-28,10015,6,1,0,,26.7,rainy,7
kerala_backwaters,2024-07-28,5664,6,1,0,,35.0,rainy,7
varanasi_ghats,2024-07-28,9660,6,1,0,,33.5,rainy,7
hampi_ruins,2024-07-28,4325,6,1,0,,31.9,extreme_heat,7
manali,2024-07-28,7558,6,1,0,,21.7,rainy,7
mysore_palace,2024-07-28,7678,6,1,0,,31.8,rainy,7
kempty_falls,2024-07-28,4622,6,1,0,,31.5,cloudy,7
robbers_cave,2024-07-28,3381,6,1,0,,29.9,cloudy,7
taj_mahal,2024-07-29,8672,0,0,0,,31.9,rainy,7
jaipur_city_palace,2024-07-29,5283,0,0,0,,35.1,extreme_heat,7
goa_baga_beach,2024-07-29,9804,0,0,0,,27.0,cloudy,7
kerala_backwaters,2024-07-29,3793,0,0,0,,31.5,rainy,7
varanasi_ghats,2024-07-29,9643,0,0,0,,30.9,cloudy,7
hampi_ruins,2024-07-29,2398,0,0,0,,29.7,rainy,7
manali,2024-07-29,4555,0,0,0,,20.0,rainy,7
mysore_palace,2024-07-29,7456,0,0,0,,31.4,sunny,7
kempty_falls,2024-07-29,3496,0,0,0,,29.7,cloudy,7
robbers_cave,2024-07-29,1356,0,0,0,,31.8,rainy,7
taj_mahal,2024-07-30,10616,1,0,0,,27.9,extreme_heat,7
jaipur_city_palace,2024-07-30,5578,1,0,0,,31.8,rainy,7
goa_baga_beach,2024-07-30,5446,1,0,0,,31.3,rainy,7
kerala_backwaters,2024-07-30,3685,1,0,0,,33.1,rainy,7
varanasi_ghats,2024-07-30,8058,1,0,0,,29.7,cloudy,7
hampi_ruins,2024-07-30,2648,1,0,0,,34.5,rainy,7
manali,2024-07-30,7175,1,0,0,,20.3,cloudy,7
mysore_palace,2024-07-30,4384,1,0,0,,32.2,rainy,7
kempty_falls,2024-07-30,2213,1,0,0,,28.3,rainy,7
robbers_cave,2024-07-30,2165,1,0,0,,34.0,cloudy,7
taj_mahal,2024-07-31,10546,2,0,0,,30.6,cloudy,7
jaipur_city_palace,2024-07-31,6699,2,0,0,,34.0,cloudy,7
goa_baga_beach,2024-07-31,6399,2,0,0,,32.2,rainy,7
kerala_backwaters,2024-07-31,3951,2,0,0,,34.5,extreme_heat,7
varanasi_ghats,2024-07-31,9674,2,0,0,,34.4,sunny,7
hampi_ruins,2024-07-31,4447,2,0,0,,33.1,cloudy,7
manali,2024-07-31,4065,2,0,0,,21.9,rainy,7
mysore_palace,2024-07-31,5092,2,0,0,,34.0,extreme_heat,7
kempty_falls,2024-07-31,2243,2,0,0,,32.2,rainy,7
robbers_cave,2024-07-31,1857,2,0,0,,37.1,cloudy,7
taj_mahal,2024-08-01,12872,3,0,0,,33.0,cloudy,8
jaipur_city_palace,2024-08-01,4514,3,0,0,,31.3,rainy,8
goa_baga_beach,2024-08-01,6781,3,0,0,,24.8,rainy,8
kerala_backwaters,2024-08-01,3518,3,0,0,,28.3,rainy,8
varanasi_ghats,2024-08-01,9920,3,0,0,,30.5,sunny,8
hampi_ruins,2024-08-01,2883,3,0,0,,29.4,rainy,8
manali,2024-08-01,7096,3,0,0,,21.7,sunny,8
mysore_palace,2024-08-01,6940,3,0,0,,31.0,sunny,8
kempty_falls,2024-08-01,2467,3,0,0,,35.1,rainy,8
robbers_cave,2024-08-01,1501,3,0,0,,30.6,extreme_heat,8
taj_mahal,2024-08-02,12536,4,0,0,,33.3,cloudy,8
jaipur_city_palace,2024-08-02,8122,4,0,0,,34.7,sunny,8
goa_baga_beach,2024-08-02,10936,4,0,0,,27.0,cloudy,8
kerala_backwaters,2024-08-02,6096,4,0,0,,29.0,sunny,8
varanasi_ghats,2024-08-02,9109,4,0,0,,32.2,sunny,8
hampi_ruins,2024-08-02,2663,4,0,0,,31.3,rainy,8
manali,2024-08-02,4847,4,0,0,,17.5,extreme_heat,8
mysore_palace,2024-08-02,4481,4,0,0,,30.9,rainy,8
kempty_falls,2024-08-02,2284,4,0,0,,32.5,rainy,8
robbers_cave,2024-08-02,1692,4,0,0,,35.1,cloudy,8
taj_mahal,2024-08-03,17216,5,1,0,,29.9,cloudy,8
jaipur_city_palace,2024-08-03,12140,5,1,0,,28.2,sunny,8
goa_baga_beach,2024-08-03,10794,5,1,0,,31.8,rainy,8
kerala_backwaters,2024-08-03,5997,5,1,0,,28.5,extreme_heat,8
varanasi_ghats,2024-08-03,9231,5,1,0,,33.2,rainy,8
hampi_ruins,2024-08-03,4213,5,1,0,,28.2,rainy,8
manali,2024-08-03,5986,5,1,0,,20.1,rainy,8
mysore_palace,2024-08-03,7762,5,1,0,,29.7,rainy,8
kempty_falls,2024-08-03,3455,5,1,0,,31.1,extreme_heat,8
robbers_cave,2024-08-03,2189,5,1,0,,27.8,rainy,8
taj_mahal,2024-08-04,12627,6,1,0,,30.7,rainy,8
jaipur_city_palace,2024-08-04,7182,6,1,0,,30.9,extreme_heat,8
goa_baga_beach,2024-08-04,17339,6,1,0,,28.4,cloudy,8
kerala_backwaters,2024-08-04,6217,6,1,0,,32.9,rainy,8
varanasi_ghats,2024-08-04,15465,6,1,0,,30.5,sunny,8
hampi_ruins,2024-08-04,6703,6,1,0,,30.6,sunny,8
manali,2024-08-04,7687,6,1,0,,21.4,rainy,8
mysore_palace,2024-08-04,11918,6,1,0,,32.6,cloudy,8
kempty_falls,2024-08-04,3509,6,1,0,,31.3,rainy,8
robbers_cave,2024-08-04,3686,6,1,0,,31.1,sunny,8
taj_mahal,2024-08-05,8822,0,0,0,,31.0,rainy,8
jaipur_city_palace,2024-08-05,7497,0,0,0,,32.6,cloudy,8
goa_baga_beach,2024-08-05,9587,0,0,0,,28.7,sunny,8
kerala_backwaters,2024-08-05,3666,0,0,0,,31.3,extreme_heat,8
varanasi_ghats,2024-08-05,9674,0,0,0,,32.8,cloudy,8
hampi_ruins,2024-08-05,4075,0,0,0,,30.4,sunny,8
manali,2024-08-05,4439,0,0,0,,18.5,rainy,8
mysore_palace,2024-08-05,5101,0,0,0,,36.2,rainy,8
kempty_falls,2024-08-05,3104,0,0,0,,31.5,sunny,8
robbers_cave,2024-08-05,1916,0,0,0,,27.5,cloudy,8
taj_mahal,2024-08-06,11909,1,0,0,,26.8,sunny,8
jaipur_city_palace,2024-08-06,7485,1,0,0,,30.6,cloudy,8
goa_baga_beach,2024-08-06,6286,1,0,0,,31.4,rainy,8
kerala_backwaters,2024-08-06,4815,1,0,0,,30.9,cloudy,8
varanasi_ghats,2024-08-06,5936,1,0,0,,29.5,rainy,8
hampi_ruins,2024-08-06,2657,1,0,0,,28.8,rainy,8
manali,2024-08-06,6858,1,0,0,,17.1,cloudy,8
mysore_palace,2024-08-06,5309,1,0,0,,31.9,rainy,8
kempty_falls,2024-08-06,3401,1,0,0,,33.9,cloudy,8
robbers_cave,2024-08-06,1257,1,0,0,,31.3,rainy,8
taj_mahal,2024-08-07,8149,2,0,0,,31.2,rainy,8
jaipur_city_palace,2024-08-07,5439,2,0,0,,29.7,rainy,8
goa_baga_beach,2024-08-07,5815,2,0,0,,27.7,rainy,8
kerala_backwaters,2024-08-07,5300,2,0,0,,28.7,cloudy,8
varanasi_ghats,2024-08-07,6512,2,0,0,,31.4,rainy,8
hampi_ruins,2024-08-07,4118,2,0,0,,33.1,sunny,8
manali,2024-08-07,4520,2,0,0,,23.2,rainy,8
mysore_palace,2024-08-07,7252,2,0,0,,33.5,sunny,8
kempty_falls,2024-08-07,3609,2,0,0,,30.4,cloudy,8
robbers_cave,2024-08-07,1835,2,0,0,,28.1,sunny,8
taj_mahal,2024-08-08,11249,3,0,0,,28.7,cloudy,8
jaipur_city_palace,2024-08-08,8113,3,0,0,,27.9,cloudy,8
goa_baga_beach,2024-08-08,9588,3,0,0,,30.1,cloudy,8
kerala_backwaters,2024-08-08,2714,3,0,0,,30.9,rainy,8
varanasi_ghats,2024-08-08,5609,3,0,0,,29.1,rainy,8
hampi_ruins,2024-08-08,3645,3,0,0,,30.5,cloudy,8
manali,2024-08-08,4305,3,0,0,,21.1,rainy,8
mysore_palace,2024-08-08,7050,3,0,0,,30.1,cloudy,8
kempty_falls,2024-08-08,2115,3,0,0,,27.5,rainy,8
robbers_cave,2024-08-08,1439,3,0,0,,33.5,rainy,8
taj_mahal,2024-08-09,10942,4,0,0,,29.0,sunny,8
jaipur_city_palace,2024-08-09,8611,4,0,0,,29.6,cloudy,8
goa_baga_beach,2024-08-09,10063,4,0,0,,25.7,sunny,8
kerala_backwaters,2024-08-09,4708,4,0,0,,32.2,sunny,8
varanasi_ghats,2024-08-09,5923,4,0,0,,32.0,rainy,8
hampi_ruins,2024-08-09,3804,4,0,0,,31.3,cloudy,8
manali,2024-08-09,4488,4,0,0,,20.3,rainy,8
mysore_palace,2024-08-09,4974,4,0,0,,29.7,rainy,8
kempty_falls,2024-08-09,3703,4,0,0,,34.4,sunny,8
robbers_cave,2024-08-09,1291,4,0,0,,29.8,rainy,8
taj_mahal,2024-08-10,13046,5,1,0,,30.7,rainy,8
jaipur_city_palace,2024-08-10,12135,5,1,0,,32.8,cloudy,8
goa_baga_beach,2024-08-10,8810,5,1,0,,28.4,rainy,8
kerala_backwaters,2024-08-10,8079,5,1,0,,30.7,cloudy,8
varanasi_ghats,2024-08-10,12301,5,1,0,,29.7,cloudy,8
hampi_ruins,2024-08-10,6549,5,1,0,,30.9,cloudy,8
manali,2024-08-10,6564,5,1,0,,22.2,rainy,8
mysore_palace,2024-08-10,7158,5,1,0,,33.2,rainy,8
kempty_falls,2024-08-10,5737,5,1,0,,28.8,cloudy,8
robbers_cave,2024-08-10,1956,5,1,0,,31.8,rainy,8
taj_mahal,2024-08-11,12180,6,1,0,,32.0,rainy,8
jaipur_city_palace,2024-08-11,12042,6,1,0,,29.7,cloudy,8
goa_baga_beach,2024-08-11,10669,6,1,0,,27.1,rainy,8
kerala_backwaters,2024-08-11,5745,6,1,0,,30.6,rainy,8
varanasi_ghats,2024-08-11,10334,6,1,0,,32.5,rainy,8
hampi_ruins,2024-08-11,5681,6,1,0,,30.5,cloudy,8
manali,2024-08-11,6624,6,1,0,,19.8,rainy,8
mysore_palace,2024-08-11,9854,6,1,0,,31.2,cloudy,8
kempty_falls,2024-08-11,3298,6,1,0,,32.6,rainy,8
robbers_cave,2024-08-11,3621,6,1,0,,28.8,sunny,8
taj_mahal,2024-08-12,13192,0,0,0,,30.2,sunny,8
jaipur_city_palace,2024-08-12,6294,0,0,0,,27.4,rainy,8
goa_baga_beach,2024-08-12,9066,0,0,0,,22.6,cloudy,8
kerala_backwaters,2024-08-12,5463,0,0,0,,30.5,cloudy,8
varanasi_ghats,2024-08-12,6524,0,0,0,,30.8,extreme_heat,8
hampi_ruins,2024-08-12,2462,0,0,0,,32.0,extreme_heat,8
manali,2024-08-12,4339,0,0,0,,25.0,rainy,8
mysore_palace,2024-08-12,8054,0,0,0,,30.2,cloudy,8
kempty_falls,2024-08-12,2851,0,0,0,,32.2,cloudy,8
robbers_cave,2024-08-12,1746,0,0,0,,30.2,sunny,8
taj_mahal,2024-08-13,12921,1,0,0,,32.6,cloudy,8
jaipur_city_palace,2024-08-13,7965,1,0,0,,34.6,cloudy,8
goa_baga_beach,2024-08-13,9235,1,0,0,,25.5,cloudy,8
kerala_backwaters,2024-08-13,3379,1,0,0,,28.8,rainy,8
varanasi_ghats,2024-08-13,5757,1,0,0,,30.3,rainy,8
hampi_ruins,2024-08-13,2973,1,0,0,,34.5,rainy,8
manali,2024-08-13,4215,1,0,0,,19.0,rainy,8
mysore_palace,2024-08-13,5405,1,0,0,,30.3,rainy,8
kempty_falls,2024-08-13,2226,1,0,0,,33.4,rainy,8
robbers_cave,2024-08-13,1288,1,0,0,,29.4,extreme_heat,8
taj_mahal,2024-08-14,9777,2,0,0,,30.1,cloudy,8
jaipur_city_palace,2024-08-14,5738,2,0,0,,30.9,rainy,8
goa_baga_beach,2024-08-14,9973,2,0,0,,26.8,cloudy,8
kerala_backwaters,2024-08-14,3715,2,0,0,,26.4,extreme_heat,8
varanasi_ghats,2024-08-14,7101,2,0,0,,34.7,extreme_heat,8
hampi_ruins,2024-08-14,2344,2,0,0,,30.8,rainy,8
manali,2024-08-14,5014,2,0,0,,22.2,rainy,8
mysore_palace,2024-08-14,4780,2,0,0,,33.0,extreme_heat,8
kempty_falls,2024-08-14,2057,2,0,0,,28.3,rainy,8
robbers_cave,2024-08-14,1303,2,0,0,,34.0,rainy,8
taj_mahal,2024-08-15,11941,3,0,1,Independence Day,32.1,rainy,8
jaipur_city_palace,2024-08-15,7920,3,0,1,Independence Day,32.3,rainy,8
goa_baga_beach,2024-08-15,9549,3,0,1,Independence Day,29.4,rainy,8
kerala_backwaters,2024-08-15,8263,3,0,1,Independence Day,32.2,cloudy,8
varanasi_ghats,2024-08-15,11676,3,0,1,Independence Day,30.1,extreme_heat,8
hampi_ruins,2024-08-15,3954,3,0,1,Independence Day,34.1,rainy,8
manali,2024-08-15,6608,3,0,1,Independence Day,20.4,rainy,8
mysore_palace,2024-08-15,11465,3,0,1,Independence Day,29.7,sunny,8
kempty_falls,2024-08-15,3541,3,0,1,Independence Day,34.5,rainy,8
robbers_cave,2024-08-15,2919,3,0,1,Independence Day,35.1,cloudy,8
taj_mahal,2024-08-16,7411,4,0,0,,28.7,rainy,8
jaipur_city_palace,2024-08-16,5921,4,0,0,,30.8,rainy,8
goa_baga_beach,2024-08-16,5974,4,0,0,,30.3,rainy,8
kerala_backwaters,2024-08-16,4676,4,0,0,,34.1,cloudy,8
varanasi_ghats,2024-08-16,5845,4,0,0,,27.5,extreme_heat,8
hampi_ruins,2024-08-16,2553,4,0,0,,29.8,rainy,8
manali,2024-08-16,4410,4,0,0,,21.7,rainy,8
mysore_palace,2024-08-16,4975,4,0,0,,34.8,rainy,8
kempty_falls,2024-08-16,3084,4,0,0,,27.9,cloudy,8
robbers_cave,2024-08-16,2124,4,0,0,,33.1,sunny,8
taj_mahal,2024-08-17,12881,5,1,0,,32.3,rainy,8
jaipur_city_palace,2024-08-17,8240,5,1,0,,29.5,extreme_heat,8
goa_baga_beach,2024-08-17,14486,5,1,0,,28.7,cloudy,8
kerala_backwaters,2024-08-17,8129,5,1,0,,28.9,sunny,8
varanasi_ghats,2024-08-17,14327,5,1,0,,29.9,sunny,8
hampi_ruins,2024-08-17,3631,5,1,0,,29.8,rainy,8
manali,2024-08-17,6725,5,1,0,,25.7,rainy,8
mysore_palace,2024-08-17,5758,5,1,0,,33.3,rainy,8
kempty_falls,2024-08-17,3228,5,1,0,,30.2,rainy,8
robbers_cave,2024-08-17,1795,5,1,0,,31.4,rainy,8
taj_mahal,2024-08-18,20119,6,1,0,,31.8,sunny,8
jaipur_city_palace,2024-08-18,9059,6,1,0,,30.0,extreme_heat,8
goa_baga_beach,2024-08-18,16418,6,1,0,,31.5,cloudy,8
kerala_backwaters,2024-08-18,9140,6,1,0,,30.9,sunny,8
varanasi_ghats,2024-08-18,8046,6,1,0,,30.4,extreme_heat,8
hampi_ruins,2024-08-18,4882,6,1,0,,33.5,rainy,8
manali,2024-08-18,6831,6,1,0,,21.0,rainy,8
mysore_palace,2024-08-18,12863,6,1,0,,31.0,cloudy,8
kempty_falls,2024-08-18,5161,6,1,0,,35.5,cloudy,8
robbers_cave,2024-08-18,2134,6,1,0,,28.4,rainy,8
taj_mahal,2024-08-19,7527,0,0,0,,30.4,rainy,8
jaipur_city_palace,2024-08-19,6163,0,0,0,,31.3,extreme_heat,8
goa_baga_beach,2024-08-19,9464,0,0,0,,27.8,cloudy,8
kerala_backwaters,2024-08-19,4010,0,0,0,,30.7,extreme_heat,8
varanasi_ghats,2024-08-19,6143,0,0,0,,29.2,rainy,8
hampi_ruins,2024-08-19,2584,0,0,0,,31.2,rainy,8
manali,2024-08-19,4309,0,0,0,,22.6,rainy,8
mysore_palace,2024-08-19,6472,0,0,0,,31.3,cloudy,8
kempty_falls,2024-08-19,2009,0,0,0,,30.9,rainy,8
robbers_cave,2024-08-19,1415,0,0,0,,30.3,rainy,8
taj_mahal,2024-08-20,11628,1,0,0,,30.8,cloudy,8
jaipur_city_palace,2024-08-20,4650,1,0,0,,28.6,rainy,8
goa_baga_beach,2024-08-20,9531,1,0,0,,25.9,sunny,8
kerala_backwaters,2024-08-20,3723,1,0,0,,31.9,rainy,8
varanasi_ghats,2024-08-20,6168,1,0,0,,28.9,rainy,8
hampi_ruins,2024-08-20,3665,1,0,0,,35.7,cloudy,8
manali,2024-08-20,3815,1,0,0,,22.4,rainy,8
mysore_palace,2024-08-20,4665,1,0,0,,29.3,rainy,8
kempty_falls,2024-08-20,2440,1,0,0,,30.3,rainy,8
robbers_cave,2024-08-20,2194,1,0,0,,28.2,sunny,8
taj_mahal,2024-08-21,7045,2,0,0,,30.9,rainy,8
jaipur_city_palace,2024-08-21,8233,2,0,0,,30.5,sunny,8
goa_baga_beach,2024-08-21,9708,2,0,0,,25.2,cloudy,8
kerala_backwaters,2024-08-21,3387,2,0,0,,31.4,rainy,8
varanasi_ghats,2024-08-21,6048,2,0,0,,29.5,rainy,8
hampi_ruins,2024-08-21,2206,2,0,0,,30.8,rainy,8
manali,2024-08-21,6482,2,0,0,,19.9,cloudy,8
mysore_palace,2024-08-21,5119,2,0,0,,33.4,rainy,8
kempty_falls,2024-08-21,3645,2,0,0,,33.8,cloudy,8
robbers_cave,2024-08-21,2032,2,0,0,,34.7,cloudy,8
taj_mahal,2024-08-22,11822,3,0,0,,30.6,sunny,8
jaipur_city_palace,2024-08-22,5185,3,0,0,,32.2,rainy,8
goa_baga_beach,2024-08-22,6465,3,0,0,,23.3,rainy,8
kerala_backwaters,2024-08-22,3594,3,0,0,,31.9,rainy,8
varanasi_ghats,2024-08-22,7321,3,0,0,,33.9,rainy,8
hampi_ruins,2024-08-22,2933,3,0,0,,33.2,rainy,8
manali,2024-08-22,4894,3,0,0,,18.7,rainy,8
mysore_palace,2024-08-22,5032,3,0,0,,27.3,rainy,8
kempty_falls,2024-08-22,2476,3,0,0,,34.9,rainy,8
robbers_cave,2024-08-22,1736,3,0,0,,29.9,cloudy,8
taj_mahal,2024-08-23,7195,4,0,0,,28.8,rainy,8
jaipur_city_palace,2024-08-23,4754,4,0,0,,32.5,rainy,8
goa_baga_beach,2024-08-23,6435,4,0,0,,26.9,rainy,8
kerala_backwaters,2024-08-23,3814,4,0,0,,31.1,rainy,8
varanasi_ghats,2024-08-23,9032,4,0,0,,30.4,cloudy,8
hampi_ruins,2024-08-23,2633,4,0,0,,31.9,extreme_heat,8
manali,2024-08-23,6022,4,0,0,,19.6,cloudy,8
mysore_palace,2024-08-23,6162,4,0,0,,32.4,cloudy,8
kempty_falls,2024-08-23,2833,4,0,0,,30.3,cloudy,8
robbers_cave,2024-08-23,1275,4,0,0,,29.8,rainy,8
taj_mahal,2024-08-24,13247,5,1,0,,31.3,rainy,8
jaipur_city_palace,2024-08-24,8569,5,1,0,,32.0,extreme_heat,8
goa_baga_beach,2024-08-24,9398,5,1,0,,28.2,rainy,8
kerala_backwaters,2024-08-24,9067,5,1,0,,32.5,sunny,8
varanasi_ghats,2024-08-24,9020,5,1,0,,33.6,rainy,8
hampi_ruins,2024-08-24,6547,5,1,0,,32.0,cloudy,8
manali,2024-08-24,6339,5,1,0,,21.2,rainy,8
mysore_palace,2024-08-24,6764,5,1,0,,28.6,rainy,8
kempty_falls,2024-08-24,3324,5,1,0,,33.2,rainy,8
robbers_cave,2024-08-24,3352,5,1,0,,33.3,cloudy,8
taj_mahal,2024-08-25,20470,6,1,0,,30.1,sunny,8
jaipur_city_palace,2024-08-25,14091,6,1,0,,32.5,sunny,8
goa_baga_beach,2024-08-25,11896,6,1,0,,29.0,extreme_heat,8
kerala_backwaters,2024-08-25,7071,6,1,0,,34.9,cloudy,8
varanasi_ghats,2024-08-25,11080,6,1,0,,36.2,rainy,8
hampi_ruins,2024-08-25,4008,6,1,0,,31.1,rainy,8
manali,2024-08-25,11636,6,1,0,,22.3,cloudy,8
mysore_palace,2024-08-25,6429,6,1,0,,31.9,rainy,8
kempty_falls,2024-08-25,5258,6,1,0,,30.8,cloudy,8
robbers_cave,2024-08-25,2129,6,1,0,,32.9,rainy,8
taj_mahal,2024-08-26,8270,0,0,0,,33.4,rainy,8
jaipur_city_palace,2024-08-26,5407,0,0,0,,30.3,rainy,8
goa_baga_beach,2024-08-26,10016,0,0,0,,30.5,sunny,8
kerala_backwaters,2024-08-26,3485,0,0,0,,32.8,rainy,8
varanasi_ghats,2024-08-26,10083,0,0,0,,29.6,sunny,8
hampi_ruins,2024-08-26,2453,0,0,0,,30.9,extreme_heat,8
manali,2024-08-26,4850,0,0,0,,22.7,extreme_heat,8
mysore_palace,2024-08-26,4809,0,0,0,,33.5,rainy,8
kempty_falls,2024-08-26,2411,0,0,0,,30.7,rainy,8
robbers_cave,2024-08-26,1425,0,0,0,,28.3,rainy,8
taj_mahal,2024-08-27,12557,1,0,0,,30.6,sunny,8
jaipur_city_palace,2024-08-27,5501,1,0,0,,31.7,rainy,8
goa_baga_beach,2024-08-27,10517,1,0,0,,26.0,cloudy,8
kerala_backwaters,2024-08-27,3478,1,0,0,,31.4,rainy,8
varanasi_ghats,2024-08-27,6424,1,0,0,,31.4,extreme_heat,8
hampi_ruins,2024-08-27,2873,1,0,0,,28.2,extreme_heat,8
manali,2024-08-27,4368,1,0,0,,17.7,rainy,8
mysore_palace,2024-08-27,4517,1,0,0,,32.0,rainy,8
kempty_falls,2024-08-27,2197,1,0,0,,29.5,rainy,8
robbers_cave,2024-08-27,1859,1,0,0,,31.3,cloudy,8
taj_mahal,2024-08-28,7411,2,0,0,,30.3,rainy,8
jaipur_city_palace,2024-08-28,5442,2,0,0,,29.9,rainy,8
goa_baga_beach,2024-08-28,8918,2,0,0,,25.2,cloudy,8
kerala_backwaters,2024-08-28,4950,2,0,0,,32.8,cloudy,8
varanasi_ghats,2024-08-28,9676,2,0,0,,34.2,cloudy,8
hampi_ruins,2024-08-28,4036,2,0,0,,31.9,cloudy,8
manali,2024-08-28,5020,2,0,0,,23.4,rainy,8
mysore_palace,2024-08-28,7196,2,0,0,,32.7,cloudy,8
kempty_falls,2024-08-28,2178,2,0,0,,31.3,rainy,8
robbers_cave,2024-08-28,1352,2,0,0,,31.4,rainy,8
taj_mahal,2024-08-29,12795,3,0,0,,31.0,sunny,8
jaipur_city_palace,2024-08-29,8797,3,0,0,,31.3,cloudy,8
goa_baga_beach,2024-08-29,9848,3,0,0,,27.7,sunny,8
kerala_backwaters,2024-08-29,4199,3,0,0,,30.0,extreme_heat,8
varanasi_ghats,2024-08-29,9422,3,0,0,,31.9,cloudy,8
hampi_ruins,2024-08-29,3952,3,0,0,,31.1,cloudy,8
manali,2024-08-29,4459,3,0,0,,20.1,rainy,8
mysore_palace,2024-08-29,7454,3,0,0,,32.2,cloudy,8
kempty_falls,2024-08-29,2101,3,0,0,,29.2,rainy,8
robbers_cave,2024-08-29,1775,3,0,0,,28.9,cloudy,8
taj_mahal,2024-08-30,7537,4,0,0,,29.6,rainy,8
jaipur_city_palace,2024-08-30,8640,4,0,0,,30.6,sunny,8
goa_baga_beach,2024-08-30,10032,4,0,0,,29.7,cloudy,8
kerala_backwaters,2024-08-30,3534,4,0,0,,31.1,extreme_heat,8
varanasi_ghats,2024-08-30,5802,4,0,0,,33.6,rainy,8
hampi_ruins,2024-08-30,3684,4,0,0,,31.1,sunny,8
manali,2024-08-30,6236,4,0,0,,21.4,sunny,8
mysore_palace,2024-08-30,4683,4,0,0,,28.0,rainy,8
kempty_falls,2024-08-30,3373,4,0,0,,30.8,cloudy,8
robbers_cave,2024-08-30,1896,4,0,0,,30.9,cloudy,8
taj_mahal,2024-08-31,16384,5,1,0,,29.4,sunny,8
jaipur_city_palace,2024-08-31,8478,5,1,0,,32.1,rainy,8
goa_baga_beach,2024-08-31,8985,5,1,0,,27.3,rainy,8
kerala_backwaters,2024-08-31,5758,5,1,0,,29.6,rainy,8
varanasi_ghats,2024-08-31,10568,5,1,0,,34.3,rainy,8
hampi_ruins,2024-08-31,5617,5,1,0,,30.4,sunny,8
manali,2024-08-31,5991,5,1,0,,21.8,rainy,8
mysore_palace,2024-08-31,8063,5,1,0,,31.9,extreme_heat,8
kempty_falls,2024-08-31,3269,5,1,0,,32.8,extreme_heat,8
robbers_cave,2024-08-31,1958,5,1,0,,30.1,rainy,8
taj_mahal,2024-09-01,14428,6,1,0,,32.2,rainy,9
jaipur_city_palace,2024-09-01,11365,6,1,0,,30.6,cloudy,9
goa_baga_beach,2024-09-01,11563,6,1,0,,28.1,rainy,9
kerala_backwaters,2024-09-01,8993,6,1,0,,31.2,sunny,9
varanasi_ghats,2024-09-01,13766,6,1,0,,30.9,cloudy,9
hampi_ruins,2024-09-01,6433,6,1,0,,33.2,cloudy,9
manali,2024-09-01,6243,6,1,0,,19.1,rainy,9
mysore_palace,2024-09-01,7409,6,1,0,,32.9,rainy,9
kempty_falls,2024-09-01,3325,6,1,0,,36.3,rainy,9
robbers_cave,2024-09-01,3146,6,1,0,,34.3,sunny,9
taj_mahal,2024-09-02,10632,0,0,0,,34.5,sunny,9
jaipur_city_palace,2024-09-02,5914,0,0,0,,33.1,rainy,9
goa_baga_beach,2024-09-02,7516,0,0,0,,26.8,rainy,9
kerala_backwaters,2024-09-02,5289,0,0,0,,30.3,cloudy,9
varanasi_ghats,2024-09-02,8816,0,0,0,,30.3,cloudy,9
hampi_ruins,2024-09-02,2648,0,0,0,,31.5,rainy,9
manali,2024-09-02,6128,0,0,0,,18.3,cloudy,9
mysore_palace,2024-09-02,7164,0,0,0,,31.8,sunny,9
kempty_falls,2024-09-02,2224,0,0,0,,32.6,extreme_heat,9
robbers_cave,2024-09-02,1488,0,0,0,,31.4,rainy,9
taj_mahal,2024-09-03,7592,1,0,0,,32.0,rainy,9
jaipur_city_palace,2024-09-03,5193,1,0,0,,32.0,rainy,9
goa_baga_beach,2024-09-03,5233,1,0,0,,26.1,rainy,9
kerala_backwaters,2024-09-03,3743,1,0,0,,29.7,rainy,9
varanasi_ghats,2024-09-03,6473,1,0,0,,34.6,rainy,9
hampi_ruins,2024-09-03,2874,1,0,0,,31.1,rainy,9
manali,2024-09-03,4259,1,0,0,,18.1,rainy,9
mysore_palace,2024-09-03,8219,1,0,0,,35.9,sunny,9
kempty_falls,2024-09-03,2109,1,0,0,,35.4,rainy,9
robbers_cave,2024-09-03,2026,1,0,0,,29.9,cloudy,9
taj_mahal,2024-09-04,12056,2,0,0,,31.6,cloudy,9
jaipur_city_palace,2024-09-04,7874,2,0,0,,28.3,sunny,9
goa_baga_beach,2024-09-04,10674,2,0,0,,29.1,cloudy,9
kerala_backwaters,2024-09-04,3526,2,0,0,,31.8,rainy,9
varanasi_ghats,2024-09-04,6693,2,0,0,,32.4,extreme_heat,9
hampi_ruins,2024-09-04,2987,2,0,0,,31.3,extreme_heat,9
manali,2024-09-04,4225,2,0,0,,16.9,rainy,9
mysore_palace,2024-09-04,7472,2,0,0,,34.5,sunny,9
kempty_falls,2024-09-04,3552,2,0,0,,31.1,cloudy,9
robbers_cave,2024-09-04,1486,2,0,0,,33.3,extreme_heat,9
taj_mahal,2024-09-05,7768,3,0,0,,29.2,rainy,9
jaipur_city_palace,2024-09-05,6542,3,0,0,,30.5,cloudy,9
goa_baga_beach,2024-09-05,9565,3,0,0,,25.3,cloudy,9
kerala_backwaters,2024-09-05,3388,3,0,0,,30.4,rainy,9
varanasi_ghats,2024-09-05,6485,3,0,0,,34.2,rainy,9
hampi_ruins,2024-09-05,3820,3,0,0,,32.4,cloudy,9
manali,2024-09-05,4443,3,0,0,,15.5,extreme_heat,9
mysore_palace,2024-09-05,7062,3,0,0,,32.8,cloudy,9
kempty_falls,2024-09-05,2060,3,0,0,,33.1,rainy,9
robbers_cave,2024-09-05,2276,3,0,0,,32.0,sunny,9
taj_mahal,2024-09-06,9669,4,0,0,,29.0,rainy,9
jaipur_city_palace,2024-09-06,5020,4,0,0,,31.5,rainy,9
goa_baga_beach,2024-09-06,7008,4,0,0,,22.5,rainy,9
kerala_backwaters,2024-09-06,3769,4,0,0,,30.2,rainy,9
varanasi_ghats,2024-09-06,6494,4,0,0,,28.5,extreme_heat,9
hampi_ruins,2024-09-06,2366,4,0,0,,30.5,rainy,9
manali,2024-09-06,7047,4,0,0,,18.4,sunny,9
mysore_palace,2024-09-06,4268,4,0,0,,32.4,rainy,9
kempty_falls,2024-09-06,2165,4,0,0,,33.0,rainy,9
robbers_cave,2024-09-06,2132,4,0,0,,34.1,cloudy,9
taj_mahal,2024-09-07,10917,5,1,0,,34.9,rainy,9
jaipur_city_palace,2024-09-07,12258,5,1,0,,27.6,sunny,9
goa_baga_beach,2024-09-07,14141,5,1,0,,26.5,sunny,9
kerala_backwaters,2024-09-07,7378,5,1,0,,31.2,sunny,9
varanasi_ghats,2024-09-07,9369,5,1,0,,31.8,rainy,9
hampi_ruins,2024-09-07,6079,5,1,0,,34.5,sunny,9
manali,2024-09-07,7520,5,1,0,,13.3,extreme_heat,9
mysore_palace,2024-09-07,11439,5,1,0,,28.9,sunny,9
kempty_falls,2024-09-07,3121,5,1,0,,34.9,rainy,9
robbers_cave,2024-09-07,3000,5,1,0,,31.9,sunny,9
taj_mahal,2024-09-08,12846,6,1,0,,34.1,rainy,9
jaipur_city_palace,2024-09-08,13927,6,1,0,,32.9,sunny,9
goa_baga_beach,2024-09-08,10768,6,1,0,,28.3,rainy,9
kerala_backwaters,2024-09-08,5370,6,1,0,,32.8,rainy,9
varanasi_ghats,2024-09-08,9086,6,1,0,,34.4,rainy,9
hampi_ruins,2024-09-08,4047,6,1,0,,32.4,rainy,9
manali,2024-09-08,7135,6,1,0,,19.9,rainy,9
mysore_palace,2024-09-08,11672,6,1,0,,26.0,cloudy,9
kempty_falls,2024-09-08,3475,6,1,0,,32.9,rainy,9
robbers_cave,2024-09-08,2246,6,1,0,,31.7,extreme_heat,9
taj_mahal,2024-09-09,7767,0,0,0,,29.5,extreme_heat,9
jaipur_city_palace,2024-09-09,5358,0,0,0,,35.0,rainy,9
goa_baga_beach,2024-09-09,7074,0,0,0,,27.0,rainy,9
kerala_backwaters,2024-09-09,5108,0,0,0,,27.7,cloudy,9
varanasi_ghats,2024-09-09,7657,0,0,0,,32.5,cloudy,9
hampi_ruins,2024-09-09,3610,0,0,0,,30.4,cloudy,9
manali,2024-09-09,4493,0,0,0,,19.9,rainy,9
mysore_palace,2024-09-09,4775,0,0,0,,32.3,rainy,9
kempty_falls,2024-09-09,2270,0,0,0,,33.6,rainy,9
robbers_cave,2024-09-09,1982,0,0,0,,29.0,cloudy,9
taj_mahal,2024-09-10,7566,1,0,0,,32.9,rainy,9
jaipur_city_palace,2024-09-10,7954,1,0,0,,35.0,cloudy,9
goa_baga_beach,2024-09-10,6414,1,0,0,,29.2,rainy,9
kerala_backwaters,2024-09-10,5767,1,0,0,,30.7,cloudy,9
varanasi_ghats,2024-09-10,11216,1,0,0,,32.8,cloudy,9
hampi_ruins,2024-09-10,3987,1,0,0,,32.7,sunny,9
manali,2024-09-10,6206,1,0,0,,16.1,cloudy,9
mysore_palace,2024-09-10,7952,1,0,0,,30.8,cloudy,9
kempty_falls,2024-09-10,3401,1,0,0,,32.6,cloudy,9
robbers_cave,2024-09-10,2136,1,0,0,,32.9,sunny,9
taj_mahal,2024-09-11,8373,2,0,0,,32.3,rainy,9
jaipur_city_palace,2024-09-11,5910,2,0,0,,32.3,rainy,9
goa_baga_beach,2024-09-11,6799,2,0,0,,27.0,rainy,9
kerala_backwaters,2024-09-11,3411,2,0,0,,30.8,rainy,9
varanasi_ghats,2024-09-11,5822,2,0,0,,31.0,rainy,9
hampi_ruins,2024-09-11,4230,2,0,0,,32.5,sunny,9
manali,2024-09-11,4192,2,0,0,,12.8,rainy,9
mysore_palace,2024-09-11,6945,2,0,0,,32.9,cloudy,9
kempty_falls,2024-09-11,3738,2,0,0,,31.8,sunny,9
robbers_cave,2024-09-11,1524,2,0,0,,32.0,extreme_heat,9
taj_mahal,2024-09-12,13235,3,0,0,,33.3,sunny,9
jaipur_city_palace,2024-09-12,4855,3,0,0,,31.1,rainy,9
goa_baga_beach,2024-09-12,6077,3,0,0,,25.6,rainy,9
kerala_backwaters,2024-09-12,3392,3,0,0,,34.3,rainy,9
varanasi_ghats,2024-09-12,8968,3,0,0,,31.9,cloudy,9
hampi_ruins,2024-09-12,2827,3,0,0,,29.8,rainy,9
manali,2024-09-12,6849,3,0,0,,18.5,cloudy,9
mysore_palace,2024-09-12,7475,3,0,0,,32.0,cloudy,9
kempty_falls,2024-09-12,2518,3,0,0,,31.7,rainy,9
robbers_cave,2024-09-12,1861,3,0,0,,32.0,cloudy,9
taj_mahal,2024-09-13,6921,4,0,0,,34.4,rainy,9
jaipur_city_palace,2024-09-13,8207,4,0,0,,30.6,cloudy,9
goa_baga_beach,2024-09-13,10194,4,0,0,,27.5,cloudy,9
kerala_backwaters,2024-09-13,5542,4,0,0,,31.5,sunny,9
varanasi_ghats,2024-09-13,9199,4,0,0,,30.3,cloudy,9
hampi_ruins,2024-09-13,2569,4,0,0,,28.6,rainy,9
manali,2024-09-13,4254,4,0,0,,20.1,rainy,9
mysore_palace,2024-09-13,7029,4,0,0,,31.0,cloudy,9
kempty_falls,2024-09-13,3101,4,0,0,,35.6,cloudy,9
robbers_cave,2024-09-13,1407,4,0,0,,32.5,rainy,9
taj_mahal,2024-09-14,12278,5,1,0,,29.3,rainy,9
jaipur_city_palace,2024-09-14,8766,5,1,0,,34.5,rainy,9
goa_baga_beach,2024-09-14,7501,5,1,0,,27.7,rainy,9
kerala_backwaters,2024-09-14,5237,5,1,0,,28.9,rainy,9
varanasi_ghats,2024-09-14,8397,5,1,0,,33.3,rainy,9
hampi_ruins,2024-09-14,4022,5,1,0,,31.2,rainy,9
manali,2024-09-14,6254,5,1,0,,16.4,rainy,9
mysore_palace,2024-09-14,7862,5,1,0,,30.3,rainy,9
kempty_falls,2024-09-14,3534,5,1,0,,31.7,rainy,9
robbers_cave,2024-09-14,2169,5,1,0,,36.3,rainy,9
taj_mahal,2024-09-15,19617,6,1,0,,34.1,sunny,9
jaipur_city_palace,2024-09-15,12396,6,1,0,,29.4,sunny,9
goa_baga_beach,2024-09-15,10360,6,1,0,,27.2,rainy,9
kerala_backwaters,2024-09-15,7032,6,1,0,,33.1,cloudy,9
varanasi_ghats,2024-09-15,15522,6,1,0,,30.5,sunny,9
hampi_ruins,2024-09-15,4280,6,1,0,,33.0,extreme_heat,9
manali,2024-09-15,9885,6,1,0,,18.5,sunny,9
mysore_palace,2024-09-15,12871,6,1,0,,33.5,sunny,9
kempty_falls,2024-09-15,4962,6,1,0,,30.8,cloudy,9
robbers_cave,2024-09-15,2083,6,1,0,,33.3,rainy,9
taj_mahal,2024-09-16,12239,0,0,0,,27.2,sunny,9
jaipur_city_palace,2024-09-16,4775,0,0,0,,31.2,rainy,9
goa_baga_beach,2024-09-16,9185,0,0,0,,26.9,cloudy,9
kerala_backwaters,2024-09-16,3568,0,0,0,,34.1,extreme_heat,9
varanasi_ghats,2024-09-16,9916,0,0,0,,30.6,cloudy,9
hampi_ruins,2024-09-16,2338,0,0,0,,34.2,rainy,9
manali,2024-09-16,7047,0,0,0,,15.4,sunny,9
mysore_palace,2024-09-16,5870,0,0,0,,27.9,extreme_heat,9
kempty_falls,2024-09-16,3550,0,0,0,,31.6,sunny,9
robbers_cave,2024-09-16,1303,0,0,0,,29.8,rainy,9
taj_mahal,2024-09-17,8849,1,0,0,,30.1,rainy,9
jaipur_city_palace,2024-09-17,7426,1,0,0,,30.0,cloudy,9
goa_baga_beach,2024-09-17,6266,1,0,0,,27.9,rainy,9
kerala_backwaters,2024-09-17,5590,1,0,0,,33.1,sunny,9
varanasi_ghats,2024-09-17,9591,1,0,0,,27.1,cloudy,9
hampi_ruins,2024-09-17,3487,1,0,0,,33.2,cloudy,9
manali,2024-09-17,7081,1,0,0,,16.6,cloudy,9
mysore_palace,2024-09-17,4821,1,0,0,,32.4,rainy,9
kempty_falls,2024-09-17,2286,1,0,0,,32.6,rainy,9
robbers_cave,2024-09-17,1112,1,0,0,,32.4,rainy,9
taj_mahal,2024-09-18,11588,2,0,0,,32.3,sunny,9
jaipur_city_palace,2024-09-18,7672,2,0,0,,33.0,cloudy,9
goa_baga_beach,2024-09-18,7227,2,0,0,,29.1,extreme_heat,9
kerala_backwaters,2024-09-18,3358,2,0,0,,31.9,rainy,9
varanasi_ghats,2024-09-18,6097,2,0,0,,31.5,rainy,9
hampi_ruins,2024-09-18,3701,2,0,0,,29.8,sunny,9
manali,2024-09-18,6550,2,0,0,,17.9,cloudy,9
mysore_palace,2024-09-18,4736,2,0,0,,31.6,rainy,9
kempty_falls,2024-09-18,2321,2,0,0,,29.8,extreme_heat,9
robbers_cave,2024-09-18,1869,2,0,0,,33.2,cloudy,9
taj_mahal,2024-09-19,8396,3,0,0,,31.1,extreme_heat,9
jaipur_city_palace,2024-09-19,5127,3,0,0,,31.2,extreme_heat,9
goa_baga_beach,2024-09-19,6909,3,0,0,,26.8,rainy,9
kerala_backwaters,2024-09-19,5024,3,0,0,,30.2,sunny,9
varanasi_ghats,2024-09-19,8873,3,0,0,,33.1,cloudy,9
hampi_ruins,2024-09-19,4112,3,0,0,,29.2,cloudy,9
manali,2024-09-19,4428,3,0,0,,15.5,rainy,9
mysore_palace,2024-09-19,4466,3,0,0,,32.8,rainy,9
kempty_falls,2024-09-19,2083,3,0,0,,30.0,rainy,9
robbers_cave,2024-09-19,1300,3,0,0,,26.5,extreme_heat,9
taj_mahal,2024-09-20,11558,4,0,0,,32.9,cloudy,9
jaipur_city_palace,2024-09-20,5934,4,0,0,,34.0,rainy,9
goa_baga_beach,2024-09-20,6936,4,0,0,,25.9,rainy,9
kerala_backwaters,2024-09-20,3649,4,0,0,,31.6,extreme_heat,9
varanasi_ghats,2024-09-20,6281,4,0,0,,36.1,rainy,9
hampi_ruins,2024-09-20,2566,4,0,0,,33.1,extreme_heat,9
manali,2024-09-20,6553,4,0,0,,15.4,cloudy,9
mysore_palace,2024-09-20,6008,4,0,0,,31.5,sunny,9
kempty_falls,2024-09-20,2355,4,0,0,,31.6,rainy,9
robbers_cave,2024-09-20,1985,4,0,0,,34.0,cloudy,9
taj_mahal,2024-09-21,12443,5,1,0,,29.0,rainy,9
jaipur_city_palace,2024-09-21,6828,5,1,0,,34.5,rainy,9
goa_baga_beach,2024-09-21,10008,5,1,0,,27.2,rainy,9
kerala_backwaters,2024-09-21,6136,5,1,0,,32.0,extreme_heat,9
varanasi_ghats,2024-09-21,8459,5,1,0,,29.8,rainy,9
hampi_ruins,2024-09-21,3933,5,1,0,,31.3,rainy,9
manali,2024-09-21,10291,5,1,0,,17.7,cloudy,9
mysore_palace,2024-09-21,7675,5,1,0,,31.9,extreme_heat,9
kempty_falls,2024-09-21,3289,5,1,0,,32.0,rainy,9
robbers_cave,2024-09-21,2056,5,1,0,,33.4,rainy,9
taj_mahal,2024-09-22,12133,6,1,0,,30.4,rainy,9
jaipur_city_palace,2024-09-22,14638,6,1,0,,33.7,sunny,9
goa_baga_beach,2024-09-22,10856,6,1,0,,25.7,extreme_heat,9
kerala_backwaters,2024-09-22,9133,6,1,0,,29.2,sunny,9
varanasi_ghats,2024-09-22,9590,6,1,0,,32.0,rainy,9
hampi_ruins,2024-09-22,3992,6,1,0,,30.8,rainy,9
manali,2024-09-22,10687,6,1,0,,15.4,sunny,9
mysore_palace,2024-09-22,12772,6,1,0,,36.1,sunny,9
kempty_falls,2024-09-22,3324,6,1,0,,34.2,rainy,9
robbers_cave,2024-09-22,2750,6,1,0,,33.5,cloudy,9
taj_mahal,2024-09-23,8274,0,0,0,,29.7,rainy,9
jaipur_city_palace,2024-09-23,6654,0,0,0,,31.5,cloudy,9
goa_baga_beach,2024-09-23,6227,0,0,0,,25.8,rainy,9
kerala_backwaters,2024-09-23,4466,0,0,0,,32.2,extreme_heat,9
varanasi_ghats,2024-09-23,6176,0,0,0,,32.0,extreme_heat,9
hampi_ruins,2024-09-23,3356,0,0,0,,28.7,cloudy,9
manali,2024-09-23,3702,0,0,0,,18.0,rainy,9
mysore_palace,2024-09-23,4517,0,0,0,,35.5,extreme_heat,9
kempty_falls,2024-09-23,2385,0,0,0,,33.8,rainy,9
robbers_cave,2024-09-23,1353,0,0,0,,30.5,rainy,9
taj_mahal,2024-09-24,7841,1,0,0,,33.2,rainy,9
jaipur_city_palace,2024-09-24,5349,1,0,0,,33.1,rainy,9
goa_baga_beach,2024-09-24,10080,1,0,0,,27.7,cloudy,9
kerala_backwaters,2024-09-24,5654,1,0,0,,32.1,cloudy,9
varanasi_ghats,2024-09-24,6132,1,0,0,,29.1,rainy,9
hampi_ruins,2024-09-24,2281,1,0,0,,32.6,rainy,9
manali,2024-09-24,4625,1,0,0,,17.7,rainy,9
mysore_palace,2024-09-24,4231,1,0,0,,31.6,rainy,9
kempty_falls,2024-09-24,3572,1,0,0,,36.1,cloudy,9
robbers_cave,2024-09-24,2020,1,0,0,,30.1,cloudy,9
taj_mahal,2024-09-25,11612,2,0,0,,30.4,cloudy,9
jaipur_city_palace,2024-09-25,5542,2,0,0,,32.9,rainy,9
goa_baga_beach,2024-09-25,10950,2,0,0,,31.2,cloudy,9
kerala_backwaters,2024-09-25,3647,2,0,0,,30.8,rainy,9
varanasi_ghats,2024-09-25,6146,2,0,0,,29.9,rainy,9
hampi_ruins,2024-09-25,2663,2,0,0,,30.3,rainy,9
manali,2024-09-25,4356,2,0,0,,17.9,rainy,9
mysore_palace,2024-09-25,6690,2,0,0,,31.3,cloudy,9
kempty_falls,2024-09-25,2091,2,0,0,,37.3,rainy,9
robbers_cave,2024-09-25,1177,2,0,0,,31.0,rainy,9
taj_mahal,2024-09-26,8732,3,0,0,,32.9,extreme_heat,9
jaipur_city_palace,2024-09-26,5075,3,0,0,,34.5,rainy,9
goa_baga_beach,2024-09-26,7144,3,0,0,,28.4,extreme_heat,9
kerala_backwaters,2024-09-26,4438,3,0,0,,30.4,cloudy,9
varanasi_ghats,2024-09-26,9084,3,0,0,,32.8,cloudy,9
hampi_ruins,2024-09-26,2876,3,0,0,,29.5,rainy,9
manali,2024-09-26,4935,3,0,0,,19.2,rainy,9
mysore_palace,2024-09-26,4260,3,0,0,,30.5,rainy,9
kempty_falls,2024-09-26,2030,3,0,0,,33.5,rainy,9
robbers_cave,2024-09-26,2065,3,0,0,,33.2,cloudy,9
taj_mahal,2024-09-27,12662,4,0,0,,32.4,sunny,9
jaipur_city_palace,2024-09-27,5763,4,0,0,,32.6,extreme_heat,9
goa_baga_beach,2024-09-27,9518,4,0,0,,29.7,cloudy,9
kerala_backwaters,2024-09-27,3971,4,0,0,,29.2,rainy,9
varanasi_ghats,2024-09-27,6514,4,0,0,,31.1,rainy,9
hampi_ruins,2024-09-27,4168,4,0,0,,27.9,sunny,9
manali,2024-09-27,6977,4,0,0,,12.2,cloudy,9
mysore_palace,2024-09-27,7552,4,0,0,,34.0,cloudy,9
kempty_falls,2024-09-27,3290,4,0,0,,32.4,sunny,9
robbers_cave,2024-09-27,1449,4,0,0,,32.2,rainy,9
taj_mahal,2024-09-28,16748,5,1,0,,35.0,cloudy,9
jaipur_city_palace,2024-09-28,12045,5,1,0,,30.1,cloudy,9
goa_baga_beach,2024-09-28,10993,5,1,0,,28.7,extreme_heat,9
kerala_backwaters,2024-09-28,6295,5,1,0,,29.8,extreme_heat,9
varanasi_ghats,2024-09-28,11977,5,1,0,,35.3,cloudy,9
hampi_ruins,2024-09-28,3957,5,1,0,,32.4,extreme_heat,9
manali,2024-09-28,10094,5,1,0,,17.9,cloudy,9
mysore_palace,2024-09-28,7179,5,1,0,,37.0,extreme_heat,9
kempty_falls,2024-09-28,3239,5,1,0,,34.4,rainy,9
robbers_cave,2024-09-28,3187,5,1,0,,31.9,sunny,9
taj_mahal,2024-09-29,15034,6,1,0,,32.9,extreme_heat,9
jaipur_city_palace,2024-09-29,8550,6,1,0,,40.1,rainy,9
goa_baga_beach,2024-09-29,10422,6,1,0,,25.4,rainy,9
kerala_backwaters,2024-09-29,9937,6,1,0,,30.9,sunny,9
varanasi_ghats,2024-09-29,13066,6,1,0,,34.5,cloudy,9
hampi_ruins,2024-09-29,3655,6,1,0,,34.7,rainy,9
manali,2024-09-29,5697,6,1,0,,19.4,rainy,9
mysore_palace,2024-09-29,8233,6,1,0,,30.4,rainy,9
kempty_falls,2024-09-29,5466,6,1,0,,31.0,cloudy,9
robbers_cave,2024-09-29,2081,6,1,0,,31.1,extreme_heat,9
taj_mahal,2024-09-30,8057,0,0,0,,29.3,rainy,9
jaipur_city_palace,2024-09-30,7585,0,0,0,,33.8,sunny,9
goa_baga_beach,2024-09-30,10582,0,0,0,,30.7,cloudy,9
kerala_backwaters,2024-09-30,3317,0,0,0,,34.6,rainy,9
varanasi_ghats,2024-09-30,5506,0,0,0,,30.4,rainy,9
hampi_ruins,2024-09-30,4047,0,0,0,,30.1,cloudy,9
manali,2024-09-30,6995,0,0,0,,15.9,sunny,9
mysore_palace,2024-09-30,7651,0,0,0,,35.0,cloudy,9
kempty_falls,2024-09-30,2876,0,0,0,,33.0,cloudy,9
robbers_cave,2024-09-30,1291,0,0,0,,31.8,rainy,9
taj_mahal,2024-10-01,23392,1,0,0,,28.9,sunny,10
jaipur_city_palace,2024-10-01,10691,1,0,0,,27.6,rainy,10
goa_baga_beach,2024-10-01,12626,1,0,0,,29.7,cloudy,10
kerala_backwaters,2024-10-01,6818,1,0,0,,24.5,rainy,10
varanasi_ghats,2024-10-01,13913,1,0,0,,27.6,extreme_heat,10
hampi_ruins,2024-10-01,8438,1,0,0,,25.7,cloudy,10
manali,2024-10-01,7774,1,0,0,,14.2,cloudy,10
mysore_palace,2024-10-01,13098,1,0,0,,25.3,sunny,10
kempty_falls,2024-10-01,4463,1,0,0,,26.6,sunny,10
robbers_cave,2024-10-01,3395,1,0,0,,29.0,cloudy,10
taj_mahal,2024-10-02,40319,2,0,1,Gandhi Jayanti,27.7,sunny,10
jaipur_city_palace,2024-10-02,24220,2,0,1,Gandhi Jayanti,28.5,sunny,10
goa_baga_beach,2024-10-02,18894,2,0,1,Gandhi Jayanti,30.1,sunny,10
kerala_backwaters,2024-10-02,16450,2,0,1,Gandhi Jayanti,31.5,sunny,10
varanasi_ghats,2024-10-02,31076,2,0,1,Gandhi Jayanti,28.4,sunny,10
hampi_ruins,2024-10-02,12755,2,0,1,Gandhi Jayanti,29.1,sunny,10
manali,2024-10-02,11882,2,0,1,Gandhi Jayanti,10.7,cloudy,10
mysore_palace,2024-10-02,22116,2,0,1,Gandhi Jayanti,25.9,sunny,10
kempty_falls,2024-10-02,4237,2,0,1,Gandhi Jayanti,24.6,rainy,10
robbers_cave,2024-10-02,5332,2,0,1,Gandhi Jayanti,30.6,sunny,10
taj_mahal,2024-10-03,23733,3,0,0,,28.2,cloudy,10
jaipur_city_palace,2024-10-03,15044,3,0,0,,28.0,cloudy,10
goa_baga_beach,2024-10-03,9062,3,0,0,,27.0,rainy,10
kerala_backwaters,2024-10-03,10755,3,0,0,,25.8,sunny,10
varanasi_ghats,2024-10-03,10898,3,0,0,,29.1,rainy,10
hampi_ruins,2024-10-03,8108,3,0,0,,26.2,sunny,10
manali,2024-10-03,8024,3,0,0,,11.2,sunny,10
mysore_palace,2024-10-03,14361,3,0,0,,26.7,sunny,10
kempty_falls,2024-10-03,4302,3,0,0,,27.8,cloudy,10
robbers_cave,2024-10-03,3651,3,0,0,,27.7,sunny,10
taj_mahal,2024-10-04,23040,4,0,0,,28.5,sunny,10
jaipur_city_palace,2024-10-04,15602,4,0,0,,25.6,sunny,10
goa_baga_beach,2024-10-04,13055,4,0,0,,31.9,sunny,10
kerala_backwaters,2024-10-04,9319,4,0,0,,28.4,sunny,10
varanasi_ghats,2024-10-04,17903,4,0,0,,25.7,sunny,10
hampi_ruins,2024-10-04,7241,4,0,0,,26.7,sunny,10
manali,2024-10-04,5923,4,0,0,,14.6,rainy,10
mysore_palace,2024-10-04,9852,4,0,0,,29.1,extreme_heat,10
kempty_falls,2024-10-04,2984,4,0,0,,28.5,rainy,10
robbers_cave,2024-10-04,3791,4,0,0,,27.9,sunny,10
taj_mahal,2024-10-05,30810,5,1,0,,28.5,sunny,10
jaipur_city_palace,2024-10-05,23553,5,1,0,,27.3,sunny,10
goa_baga_beach,2024-10-05,21245,5,1,0,,29.9,sunny,10
kerala_backwaters,2024-10-05,13919,5,1,0,,30.3,sunny,10
varanasi_ghats,2024-10-05,27321,5,1,0,,27.4,sunny,10
hampi_ruins,2024-10-05,10451,5,1,0,,28.8,cloudy,10
manali,2024-10-05,14408,5,1,0,,11.6,sunny,10
mysore_palace,2024-10-05,19708,5,1,0,,26.0,sunny,10
kempty_falls,2024-10-05,4937,5,1,0,,28.9,rainy,10
robbers_cave,2024-10-05,5500,5,1,0,,27.2,sunny,10
taj_mahal,2024-10-06,35761,6,1,0,,26.3,sunny,10
jaipur_city_palace,2024-10-06,26527,6,1,0,,27.0,sunny,10
goa_baga_beach,2024-10-06,22297,6,1,0,,27.8,sunny,10
kerala_backwaters,2024-10-06,10082,6,1,0,,25.2,extreme_heat,10
varanasi_ghats,2024-10-06,28439,6,1,0,,29.3,sunny,10
hampi_ruins,2024-10-06,13083,6,1,0,,25.4,sunny,10
manali,2024-10-06,15027,6,1,0,,10.4,sunny,10
mysore_palace,2024-10-06,24634,6,1,0,,29.0,cloudy,10
kempty_falls,2024-10-06,7167,6,1,0,,29.1,sunny,10
robbers_cave,2024-10-06,3780,6,1,0,,24.3,rainy,10
taj_mahal,2024-10-07,21956,0,0,0,,29.1,cloudy,10
jaipur_city_palace,2024-10-07,9578,0,0,0,,26.5,extreme_heat,10
goa_baga_beach,2024-10-07,15263,0,0,0,,33.5,sunny,10
kerala_backwaters,2024-10-07,11021,0,0,0,,30.6,sunny,10
varanasi_ghats,2024-10-07,19761,0,0,0,,27.8,sunny,10
hampi_ruins,2024-10-07,6819,0,0,0,,30.3,sunny,10
manali,2024-10-07,9196,0,0,0,,10.8,cloudy,10
mysore_palace,2024-10-07,12278,0,0,0,,24.8,cloudy,10
kempty_falls,2024-10-07,4161,0,0,0,,25.1,cloudy,10
robbers_cave,2024-10-07,3373,0,0,0,,29.7,cloudy,10
taj_mahal,2024-10-08,25943,1,0,0,,23.2,sunny,10
jaipur_city_palace,2024-10-08,14123,1,0,0,,32.2,sunny,10
goa_baga_beach,2024-10-08,12944,1,0,0,,28.4,sunny,10
kerala_backwaters,2024-10-08,9140,1,0,0,,28.5,cloudy,10
varanasi_ghats,2024-10-08,16261,1,0,0,,26.9,sunny,10
hampi_ruins,2024-10-08,7637,1,0,0,,28.9,sunny,10
manali,2024-10-08,9662,1,0,0,,14.8,sunny,10
mysore_palace,2024-10-08,13891,1,0,0,,24.4,sunny,10
kempty_falls,2024-10-08,4465,1,0,0,,31.8,sunny,10
robbers_cave,2024-10-08,3716,1,0,0,,30.9,sunny,10
taj_mahal,2024-10-09,25521,2,0,0,,28.7,sunny,10
jaipur_city_palace,2024-10-09,14685,2,0,0,,28.9,sunny,10
goa_baga_beach,2024-10-09,11636,2,0,0,,27.5,cloudy,10
kerala_backwaters,2024-10-09,9538,2,0,0,,29.0,sunny,10
varanasi_ghats,2024-10-09,13109,2,0,0,,29.0,extreme_heat,10
hampi_ruins,2024-10-09,7322,2,0,0,,27.0,sunny,10
manali,2024-10-09,9536,2,0,0,,13.3,sunny,10
mysore_palace,2024-10-09,14979,2,0,0,,28.2,sunny,10
kempty_falls,2024-10-09,4511,2,0,0,,27.8,cloudy,10
robbers_cave,2024-10-09,3779,2,0,0,,26.5,cloudy,10
taj_mahal,2024-10-10,22357,3,0,0,,27.4,sunny,10
jaipur_city_palace,2024-10-10,15468,3,0,0,,30.0,sunny,10
goa_baga_beach,2024-10-10,14788,3,0,0,,28.3,sunny,10
kerala_backwaters,2024-10-10,10117,3,0,0,,27.9,sunny,10
varanasi_ghats,2024-10-10,19336,3,0,0,,28.2,sunny,10
hampi_ruins,2024-10-10,7136,3,0,0,,28.2,sunny,10
manali,2024-10-10,9612,3,0,0,,11.7,sunny,10
mysore_palace,2024-10-10,14943,3,0,0,,29.5,sunny,10
kempty_falls,2024-10-10,4732,3,0,0,,27.8,cloudy,10
robbers_cave,2024-10-10,3795,3,0,0,,30.9,cloudy,10
taj_mahal,2024-10-11,16801,4,0,0,,29.5,extreme_heat,10
jaipur_city_palace,2024-10-11,16409,4,0,0,,25.3,sunny,10
goa_baga_beach,2024-10-11,13343,4,0,0,,28.0,cloudy,10
kerala_backwaters,2024-10-11,10679,4,0,0,,27.4,sunny,10
varanasi_ghats,2024-10-11,18184,4,0,0,,26.9,sunny,10
hampi_ruins,2024-10-11,6410,4,0,0,,26.9,cloudy,10
manali,2024-10-11,9436,4,0,0,,11.5,sunny,10
mysore_palace,2024-10-11,13877,4,0,0,,26.4,sunny,10
kempty_falls,2024-10-11,4100,4,0,0,,29.1,cloudy,10
robbers_cave,2024-10-11,3650,4,0,0,,28.6,cloudy,10
taj_mahal,2024-10-12,44000,5,1,1,Dussehra,24.7,cloudy,10
jaipur_city_palace,2024-10-12,27500,5,1,1,Dussehra,25.4,sunny,10
goa_baga_beach,2024-10-12,34250,5,1,1,Dussehra,29.2,sunny,10
kerala_backwaters,2024-10-12,19800,5,1,1,Dussehra,28.2,sunny,10
varanasi_ghats,2024-10-12,33000,5,1,1,Dussehra,27.3,cloudy,10
hampi_ruins,2024-10-12,16500,5,1,1,Dussehra,28.6,sunny,10
manali,2024-10-12,20516,5,1,1,Dussehra,13.4,sunny,10
mysore_palace,2024-10-12,26400,5,1,1,Dussehra,30.0,sunny,10
kempty_falls,2024-10-12,10638,5,1,1,Dussehra,29.6,sunny,10
robbers_cave,2024-10-12,5500,5,1,1,Dussehra,26.5,sunny,10
taj_mahal,2024-10-13,30632,6,1,0,,28.1,cloudy,10
jaipur_city_palace,2024-10-13,22074,6,1,0,,27.9,sunny,10
goa_baga_beach,2024-10-13,20677,6,1,0,,28.3,sunny,10
kerala_backwaters,2024-10-13,13660,6,1,0,,29.9,sunny,10
varanasi_ghats,2024-10-13,29339,6,1,0,,28.0,sunny,10
hampi_ruins,2024-10-13,12173,6,1,0,,26.9,sunny,10
manali,2024-10-13,14124,6,1,0,,11.1,sunny,10
mysore_palace,2024-10-13,21982,6,1,0,,27.9,sunny,10
kempty_falls,2024-10-13,7674,6,1,0,,29.1,sunny,10
robbers_cave,2024-10-13,5500,6,1,0,,28.6,cloudy,10
taj_mahal,2024-10-14,26361,0,0,0,,26.8,sunny,10
jaipur_city_palace,2024-10-14,16155,0,0,0,,30.4,sunny,10
goa_baga_beach,2024-10-14,13797,0,0,0,,27.3,cloudy,10
kerala_backwaters,2024-10-14,9690,0,0,0,,31.0,sunny,10
varanasi_ghats,2024-10-14,20213,0,0,0,,32.4,sunny,10
hampi_ruins,2024-10-14,7375,0,0,0,,28.4,sunny,10
manali,2024-10-14,7842,0,0,0,,13.9,cloudy,10
mysore_palace,2024-10-14,13031,0,0,0,,27.3,cloudy,10
kempty_falls,2024-10-14,4652,0,0,0,,27.0,cloudy,10
robbers_cave,2024-10-14,3415,0,0,0,,27.1,sunny,10
taj_mahal,2024-10-15,21600,1,0,0,,26.2,cloudy,10
jaipur_city_palace,2024-10-15,13832,1,0,0,,26.1,sunny,10
goa_baga_beach,2024-10-15,8065,1,0,0,,29.9,rainy,10
kerala_backwaters,2024-10-15,8626,1,0,0,,24.3,sunny,10
varanasi_ghats,2024-10-15,19001,1,0,0,,28.1,cloudy,10
hampi_ruins,2024-10-15,6614,1,0,0,,24.4,cloudy,10
manali,2024-10-15,6425,1,0,0,,9.6,rainy,10
mysore_palace,2024-10-15,13910,1,0,0,,29.2,cloudy,10
kempty_falls,2024-10-15,4203,1,0,0,,23.5,sunny,10
robbers_cave,2024-10-15,3737,1,0,0,,28.2,sunny,10
taj_mahal,2024-10-16,23660,2,0,0,,27.7,sunny,10
jaipur_city_palace,2024-10-16,15606,2,0,0,,28.3,sunny,10
goa_baga_beach,2024-10-16,9405,2,0,0,,30.7,extreme_heat,10
kerala_backwaters,2024-10-16,8075,2,0,0,,30.3,extreme_heat,10
varanasi_ghats,2024-10-16,11409,2,0,0,,25.3,extreme_heat,10
hampi_ruins,2024-10-16,6894,2,0,0,,32.4,cloudy,10
manali,2024-10-16,8764,2,0,0,,11.3,sunny,10
mysore_palace,2024-10-16,13227,2,0,0,,27.7,cloudy,10
kempty_falls,2024-10-16,4723,2,0,0,,28.0,cloudy,10
robbers_cave,2024-10-16,2413,2,0,0,,27.6,extreme_heat,10
taj_mahal,2024-10-17,20530,3,0,0,,29.5,sunny,10
jaipur_city_palace,2024-10-17,15339,3,0,0,,27.6,sunny,10
goa_baga_beach,2024-10-17,14632,3,0,0,,32.0,sunny,10
kerala_backwaters,2024-10-17,10255,3,0,0,,26.7,sunny,10
varanasi_ghats,2024-10-17,15767,3,0,0,,29.3,cloudy,10
hampi_ruins,2024-10-17,6847,3,0,0,,29.8,cloudy,10
manali,2024-10-17,8762,3,0,0,,8.3,sunny,10
mysore_palace,2024-10-17,12686,3,0,0,,27.7,cloudy,10
kempty_falls,2024-10-17,3269,3,0,0,,27.5,rainy,10
robbers_cave,2024-10-17,3418,3,0,0,,28.1,sunny,10
taj_mahal,2024-10-18,12899,4,0,0,,28.3,rainy,10
jaipur_city_palace,2024-10-18,14675,4,0,0,,29.3,sunny,10
goa_baga_beach,2024-10-18,14151,4,0,0,,29.6,sunny,10
kerala_backwaters,2024-10-18,6502,4,0,0,,29.2,rainy,10
varanasi_ghats,2024-10-18,17061,4,0,0,,27.5,sunny,10
hampi_ruins,2024-10-18,7228,4,0,0,,28.1,cloudy,10
manali,2024-10-18,6240,4,0,0,,15.0,extreme_heat,10
mysore_palace,2024-10-18,14578,4,0,0,,27.6,sunny,10
kempty_falls,2024-10-18,4351,4,0,0,,27.3,cloudy,10
robbers_cave,2024-10-18,3992,4,0,0,,28.3,cloudy,10
taj_mahal,2024-10-19,34653,5,1,0,,27.9,sunny,10
jaipur_city_palace,2024-10-19,22004,5,1,0,,25.4,sunny,10
goa_baga_beach,2024-10-19,19767,5,1,0,,30.2,sunny,10
kerala_backwaters,2024-10-19,15296,5,1,0,,27.7,cloudy,10
varanasi_ghats,2024-10-19,25759,5,1,0,,29.3,sunny,10
hampi_ruins,2024-10-19,10080,5,1,0,,30.4,sunny,10
manali,2024-10-19,14799,5,1,0,,9.6,sunny,10
mysore_palace,2024-10-19,20431,5,1,0,,26.8,sunny,10
kempty_falls,2024-10-19,6462,5,1,0,,29.1,sunny,10
robbers_cave,2024-10-19,5500,5,1,0,,25.3,sunny,10
taj_mahal,2024-10-20,40153,6,1,0,,28.2,sunny,10
jaipur_city_palace,2024-10-20,25741,6,1,0,,26.8,cloudy,10
goa_baga_beach,2024-10-20,25734,6,1,0,,29.1,sunny,10
kerala_backwaters,2024-10-20,17482,6,1,0,,28.8,sunny,10
varanasi_ghats,2024-10-20,18840,6,1,0,,29.4,extreme_heat,10
hampi_ruins,2024-10-20,12829,6,1,0,,28.6,sunny,10
manali,2024-10-20,14330,6,1,0,,12.0,sunny,10
mysore_palace,2024-10-20,22555,6,1,0,,27.5,cloudy,10
kempty_falls,2024-10-20,7571,6,1,0,,31.0,sunny,10
robbers_cave,2024-10-20,5346,6,1,0,,28.9,sunny,10
taj_mahal,2024-10-21,18799,0,0,0,,25.4,sunny,10
jaipur_city_palace,2024-10-21,14330,0,0,0,,30.8,cloudy,10
goa_baga_beach,2024-10-21,13497,0,0,0,,24.6,sunny,10
kerala_backwaters,2024-10-21,10238,0,0,0,,31.9,cloudy,10
varanasi_ghats,2024-10-21,19354,0,0,0,,27.0,sunny,10
hampi_ruins,2024-10-21,8418,0,0,0,,27.3,sunny,10
manali,2024-10-21,5529,0,0,0,,12.1,rainy,10
mysore_palace,2024-10-21,14342,0,0,0,,30.8,sunny,10
kempty_falls,2024-10-21,4274,0,0,0,,28.3,cloudy,10
robbers_cave,2024-10-21,3533,0,0,0,,27.1,cloudy,10
taj_mahal,2024-10-22,18570,1,0,0,,25.0,cloudy,10
jaipur_city_palace,2024-10-22,10838,1,0,0,,29.2,extreme_heat,10
goa_baga_beach,2024-10-22,9083,1,0,0,,29.3,rainy,10
kerala_backwaters,2024-10-22,9819,1,0,0,,28.3,sunny,10
varanasi_ghats,2024-10-22,13013,1,0,0,,28.9,rainy,10
hampi_ruins,2024-10-22,6282,1,0,0,,25.3,cloudy,10
manali,2024-10-22,9252,1,0,0,,15.0,sunny,10
mysore_palace,2024-10-22,14443,1,0,0,,28.3,cloudy,10
kempty_falls,2024-10-22,4156,1,0,0,,30.3,cloudy,10
robbers_cave,2024-10-22,3536,1,0,0,,29.5,cloudy,10
taj_mahal,2024-10-23,17990,2,0,0,,27.3,extreme_heat,10
jaipur_city_palace,2024-10-23,15544,2,0,0,,26.5,sunny,10
goa_baga_beach,2024-10-23,15534,2,0,0,,30.0,sunny,10
kerala_backwaters,2024-10-23,11498,2,0,0,,28.8,sunny,10
varanasi_ghats,2024-10-23,15078,2,0,0,,27.1,cloudy,10
hampi_ruins,2024-10-23,8012,2,0,0,,27.7,sunny,10
manali,2024-10-23,8928,2,0,0,,12.8,sunny,10
mysore_palace,2024-10-23,14086,2,0,0,,29.5,sunny,10
kempty_falls,2024-10-23,4747,2,0,0,,29.4,sunny,10
robbers_cave,2024-10-23,3428,2,0,0,,24.7,sunny,10
taj_mahal,2024-10-24,19686,3,0,0,,30.9,sunny,10
jaipur_city_palace,2024-10-24,13300,3,0,0,,28.3,sunny,10
goa_baga_beach,2024-10-24,12381,3,0,0,,30.1,sunny,10
kerala_backwaters,2024-10-24,10568,3,0,0,,26.8,cloudy,10
varanasi_ghats,2024-10-24,13504,3,0,0,,30.2,cloudy,10
hampi_ruins,2024-10-24,5399,3,0,0,,28.8,rainy,10
manali,2024-10-24,8622,3,0,0,,12.9,sunny,10
mysore_palace,2024-10-24,11958,3,0,0,,31.9,cloudy,10
kempty_falls,2024-10-24,3871,3,0,0,,29.9,cloudy,10
robbers_cave,2024-10-24,3665,3,0,0,,31.1,sunny,10
taj_mahal,2024-10-25,21504,4,0,0,,25.7,cloudy,10
jaipur_city_palace,2024-10-25,13765,4,0,0,,30.8,cloudy,10
goa_baga_beach,2024-10-25,15080,4,0,0,,28.0,sunny,10
kerala_backwaters,2024-10-25,9982,4,0,0,,24.2,sunny,10
varanasi_ghats,2024-10-25,15735,4,0,0,,25.9,sunny,10
hampi_ruins,2024-10-25,7258,4,0,0,,27.1,sunny,10
manali,2024-10-25,10133,4,0,0,,11.9,sunny,10
mysore_palace,2024-10-25,13683,4,0,0,,29.0,sunny,10
kempty_falls,2024-10-25,3004,4,0,0,,26.9,extreme_heat,10
robbers_cave,2024-10-25,3406,4,0,0,,27.6,sunny,10
taj_mahal,2024-10-26,35601,5,1,0,,29.4,cloudy,10
jaipur_city_palace,2024-10-26,14612,5,1,0,,29.8,rainy,10
goa_baga_beach,2024-10-26,17777,5,1,0,,27.3,sunny,10
kerala_backwaters,2024-10-26,17086,5,1,0,,25.1,sunny,10
varanasi_ghats,2024-10-26,21124,5,1,0,,28.4,cloudy,10
hampi_ruins,2024-10-26,11446,5,1,0,,27.0,cloudy,10
manali,2024-10-26,14055,5,1,0,,8.9,sunny,10
mysore_palace,2024-10-26,21738,5,1,0,,30.1,sunny,10
kempty_falls,2024-10-26,5851,5,1,0,,29.1,cloudy,10
robbers_cave,2024-10-26,5500,5,1,0,,29.1,sunny,10
taj_mahal,2024-10-27,36630,6,1,0,,28.6,cloudy,10
jaipur_city_palace,2024-10-27,23786,6,1,0,,28.0,sunny,10
goa_baga_beach,2024-10-27,13498,6,1,0,,27.6,extreme_heat,10
kerala_backwaters,2024-10-27,18337,6,1,0,,26.0,sunny,10
varanasi_ghats,2024-10-27,31492,6,1,0,,30.1,sunny,10
hampi_ruins,2024-10-27,9723,6,1,0,,30.7,sunny,10
manali,2024-10-27,11442,6,1,0,,11.9,extreme_heat,10
mysore_palace,2024-10-27,18350,6,1,0,,26.3,sunny,10
kempty_falls,2024-10-27,7918,6,1,0,,27.3,sunny,10
robbers_cave,2024-10-27,5160,6,1,0,,30.6,cloudy,10
taj_mahal,2024-10-28,19648,0,0,0,,29.7,sunny,10
jaipur_city_palace,2024-10-28,14902,0,0,0,,23.9,sunny,10
goa_baga_beach,2024-10-28,13893,0,0,0,,26.4,sunny,10
kerala_backwaters,2024-10-28,8120,0,0,0,,27.8,extreme_heat,10
varanasi_ghats,2024-10-28,16362,0,0,0,,30.0,cloudy,10
hampi_ruins,2024-10-28,7755,0,0,0,,28.7,sunny,10
manali,2024-10-28,7751,0,0,0,,9.3,cloudy,10
mysore_palace,2024-10-28,13229,0,0,0,,25.8,cloudy,10
kempty_falls,2024-10-28,4285,0,0,0,,28.4,sunny,10
robbers_cave,2024-10-28,3129,0,0,0,,28.9,sunny,10
taj_mahal,2024-10-29,23759,1,0,0,,28.4,cloudy,10
jaipur_city_palace,2024-10-29,13914,1,0,0,,26.7,sunny,10
goa_baga_beach,2024-10-29,10566,1,0,0,,26.8,sunny,10
kerala_backwaters,2024-10-29,6556,1,0,0,,27.1,rainy,10
varanasi_ghats,2024-10-29,15379,1,0,0,,29.8,sunny,10
hampi_ruins,2024-10-29,7622,1,0,0,,30.9,sunny,10
manali,2024-10-29,8175,1,0,0,,9.8,sunny,10
mysore_palace,2024-10-29,10078,1,0,0,,30.4,extreme_heat,10
kempty_falls,2024-10-29,2726,1,0,0,,26.7,extreme_heat,10
robbers_cave,2024-10-29,3484,1,0,0,,31.1,cloudy,10
taj_mahal,2024-10-30,15623,2,0,0,,29.3,extreme_heat,10
jaipur_city_palace,2024-10-30,14361,2,0,0,,27.2,sunny,10
goa_baga_beach,2024-10-30,13015,2,0,0,,27.9,cloudy,10
kerala_backwaters,2024-10-30,11008,2,0,0,,32.3,sunny,10
varanasi_ghats,2024-10-30,15789,2,0,0,,25.9,cloudy,10
hampi_ruins,2024-10-30,7590,2,0,0,,28.8,sunny,10
manali,2024-10-30,9355,2,0,0,,16.8,cloudy,10
mysore_palace,2024-10-30,11653,2,0,0,,29.5,cloudy,10
kempty_falls,2024-10-30,4297,2,0,0,,30.7,sunny,10
robbers_cave,2024-10-30,2230,2,0,0,,29.1,rainy,10
taj_mahal,2024-10-31,24241,3,0,1,Diwali,27.0,extreme_heat,10
jaipur_city_palace,2024-10-31,16956,3,0,1,Diwali,29.7,extreme_heat,10
goa_baga_beach,2024-10-31,13247,3,0,1,Diwali,27.5,rainy,10
kerala_backwaters,2024-10-31,16189,3,0,1,Diwali,26.1,sunny,10
varanasi_ghats,2024-10-31,16727,3,0,1,Diwali,27.1,rainy,10
hampi_ruins,2024-10-31,8788,3,0,1,Diwali,27.8,extreme_heat,10
manali,2024-10-31,15123,3,0,1,Diwali,14.6,sunny,10
mysore_palace,2024-10-31,23038,3,0,1,Diwali,26.7,sunny,10
kempty_falls,2024-10-31,4528,3,0,1,Diwali,31.0,extreme_heat,10
robbers_cave,2024-10-31,5500,3,0,1,Diwali,29.6,sunny,10
taj_mahal,2024-11-01,32247,4,0,1,Diwali (Day 2),24.1,cloudy,11
jaipur_city_palace,2024-11-01,22512,4,0,1,Diwali (Day 2),19.9,sunny,11
goa_baga_beach,2024-11-01,28660,4,0,1,Diwali (Day 2),27.6,sunny,11
kerala_backwaters,2024-11-01,15131,4,0,1,Diwali (Day 2),21.4,sunny,11
varanasi_ghats,2024-11-01,26052,4,0,1,Diwali (Day 2),22.7,sunny,11
hampi_ruins,2024-11-01,10587,4,0,1,Diwali (Day 2),18.6,sunny,11
manali,2024-11-01,11956,4,0,1,Diwali (Day 2),6.4,sunny,11
mysore_palace,2024-11-01,21029,4,0,1,Diwali (Day 2),20.9,sunny,11
kempty_falls,2024-11-01,6601,4,0,1,Diwali (Day 2),24.2,cloudy,11
robbers_cave,2024-11-01,5500,4,0,1,Diwali (Day 2),24.9,sunny,11
taj_mahal,2024-11-02,35164,5,1,0,,22.3,sunny,11
jaipur_city_palace,2024-11-02,21848,5,1,0,,23.0,cloudy,11
goa_baga_beach,2024-11-02,28724,5,1,0,,28.8,cloudy,11
kerala_backwaters,2024-11-02,16249,5,1,0,,23.0,sunny,11
varanasi_ghats,2024-11-02,18711,5,1,0,,20.3,cloudy,11
hampi_ruins,2024-11-02,11116,5,1,0,,21.9,cloudy,11
manali,2024-11-02,14008,5,1,0,,2.1,sunny,11
mysore_palace,2024-11-02,19864,5,1,0,,19.9,sunny,11
kempty_falls,2024-11-02,4722,5,1,0,,21.9,rainy,11
robbers_cave,2024-11-02,5189,5,1,0,,22.2,cloudy,11
taj_mahal,2024-11-03,34219,6,1,0,,23.3,cloudy,11
jaipur_city_palace,2024-11-03,22393,6,1,0,,21.2,sunny,11
goa_baga_beach,2024-11-03,31159,6,1,0,,25.3,cloudy,11
kerala_backwaters,2024-11-03,16765,6,1,0,,18.4,cloudy,11
varanasi_ghats,2024-11-03,26275,6,1,0,,23.2,sunny,11
hampi_ruins,2024-11-03,12273,6,1,0,,22.2,sunny,11
manali,2024-11-03,14241,6,1,0,,5.6,cloudy,11
mysore_palace,2024-11-03,21402,6,1,0,,22.9,cloudy,11
kempty_falls,2024-11-03,7594,6,1,0,,25.4,cloudy,11
robbers_cave,2024-11-03,5500,6,1,0,,20.5,sunny,11
taj_mahal,2024-11-04,23531,0,0,0,,21.4,sunny,11
jaipur_city_palace,2024-11-04,16490,0,0,0,,20.2,sunny,11
goa_baga_beach,2024-11-04,18689,0,0,0,,30.8,sunny,11
kerala_backwaters,2024-11-04,7788,0,0,0,,22.4,rainy,11
varanasi_ghats,2024-11-04,18355,0,0,0,,22.5,cloudy,11
hampi_ruins,2024-11-04,6551,0,0,0,,21.3,sunny,11
manali,2024-11-04,9624,0,0,0,,5.1,cloudy,11
mysore_palace,2024-11-04,13765,0,0,0,,20.5,cloudy,11
kempty_falls,2024-11-04,4816,0,0,0,,20.8,sunny,11
robbers_cave,2024-11-04,3217,0,0,0,,20.9,cloudy,11
taj_mahal,2024-11-05,21034,1,0,0,,22.0,cloudy,11
jaipur_city_palace,2024-11-05,17739,1,0,0,,19.2,sunny,11
goa_baga_beach,2024-11-05,17448,1,0,0,,26.9,sunny,11
kerala_backwaters,2024-11-05,6793,1,0,0,,21.4,extreme_heat,11
varanasi_ghats,2024-11-05,18295,1,0,0,,21.4,cloudy,11
hampi_ruins,2024-11-05,7156,1,0,0,,15.5,cloudy,11
manali,2024-11-05,9372,1,0,0,,4.7,cloudy,11
mysore_palace,2024-11-05,12282,1,0,0,,19.2,sunny,11
kempty_falls,2024-11-05,4103,1,0,0,,24.6,cloudy,11
robbers_cave,2024-11-05,3651,1,0,0,,21.2,cloudy,11
taj_mahal,2024-11-06,20218,2,0,0,,20.2,cloudy,11
jaipur_city_palace,2024-11-06,13729,2,0,0,,19.6,sunny,11
goa_baga_beach,2024-11-06,19083,2,0,0,,28.2,sunny,11
kerala_backwaters,2024-11-06,10458,2,0,0,,25.9,sunny,11
varanasi_ghats,2024-11-06,12123,2,0,0,,22.0,rainy,11
hampi_ruins,2024-11-06,7110,2,0,0,,21.7,sunny,11
manali,2024-11-06,9081,2,0,0,,7.2,cloudy,11
mysore_palace,2024-11-06,13602,2,0,0,,22.0,sunny,11
kempty_falls,2024-11-06,3965,2,0,0,,21.7,extreme_heat,11
robbers_cave,2024-11-06,3772,2,0,0,,24.4,cloudy,11
taj_mahal,2024-11-07,19373,3,0,0,,23.3,cloudy,11
jaipur_city_palace,2024-11-07,13170,3,0,0,,21.9,sunny,11
goa_baga_beach,2024-11-07,18963,3,0,0,,27.6,sunny,11
kerala_backwaters,2024-11-07,11378,3,0,0,,24.8,cloudy,11
varanasi_ghats,2024-11-07,12290,3,0,0,,18.9,extreme_heat,11
hampi_ruins,2024-11-07,7515,3,0,0,,19.7,sunny,11
manali,2024-11-07,6518,3,0,0,,5.6,extreme_heat,11
mysore_palace,2024-11-07,9562,3,0,0,,21.4,extreme_heat,11
kempty_falls,2024-11-07,4438,3,0,0,,20.1,sunny,11
robbers_cave,2024-11-07,3940,3,0,0,,19.5,sunny,11
taj_mahal,2024-11-08,21821,4,0,0,,18.4,cloudy,11
jaipur_city_palace,2024-11-08,16045,4,0,0,,21.9,sunny,11
goa_baga_beach,2024-11-08,18242,4,0,0,,29.0,cloudy,11
kerala_backwaters,2024-11-08,9177,4,0,0,,18.6,sunny,11
varanasi_ghats,2024-11-08,19120,4,0,0,,22.7,sunny,11
hampi_ruins,2024-11-08,5244,4,0,0,,20.2,extreme_heat,11
manali,2024-11-08,8952,4,0,0,,4.1,sunny,11
mysore_palace,2024-11-08,13031,4,0,0,,20.7,cloudy,11
kempty_falls,2024-11-08,4030,4,0,0,,21.7,sunny,11
robbers_cave,2024-11-08,3471,4,0,0,,22.1,sunny,11
taj_mahal,2024-11-09,34525,5,1,0,,21.5,sunny,11
jaipur_city_palace,2024-11-09,23834,5,1,0,,20.9,sunny,11
goa_baga_beach,2024-11-09,15665,5,1,0,,24.2,rainy,11
kerala_backwaters,2024-11-09,17745,5,1,0,,19.2,sunny,11
varanasi_ghats,2024-11-09,27215,5,1,0,,25.4,sunny,11
hampi_ruins,2024-11-09,10842,5,1,0,,18.3,sunny,11
manali,2024-11-09,12991,5,1,0,,4.4,sunny,11
mysore_palace,2024-11-09,20915,5,1,0,,23.7,sunny,11
kempty_falls,2024-11-09,6914,5,1,0,,20.2,sunny,11
robbers_cave,2024-11-09,5295,5,1,0,,19.8,cloudy,11
taj_mahal,2024-11-10,34284,6,1,0,,20.7,cloudy,11
jaipur_city_palace,2024-11-10,22627,6,1,0,,20.5,cloudy,11
goa_baga_beach,2024-11-10,31462,6,1,0,,27.8,sunny,11
kerala_backwaters,2024-11-10,14161,6,1,0,,21.2,cloudy,11
varanasi_ghats,2024-11-10,25585,6,1,0,,21.1,sunny,11
hampi_ruins,2024-11-10,11242,6,1,0,,22.8,cloudy,11
manali,2024-11-10,13731,6,1,0,,4.9,sunny,11
mysore_palace,2024-11-10,23686,6,1,0,,17.9,sunny,11
kempty_falls,2024-11-10,5195,6,1,0,,24.7,rainy,11
robbers_cave,2024-11-10,5500,6,1,0,,23.5,sunny,11
taj_mahal,2024-11-11,22231,0,0,0,,22.4,cloudy,11
jaipur_city_palace,2024-11-11,16641,0,0,0,,20.6,cloudy,11
goa_baga_beach,2024-11-11,19716,0,0,0,,29.5,sunny,11
kerala_backwaters,2024-11-11,10804,0,0,0,,22.5,sunny,11
varanasi_ghats,2024-11-11,16661,0,0,0,,23.4,sunny,11
hampi_ruins,2024-11-11,7374,0,0,0,,22.8,sunny,11
manali,2024-11-11,9690,0,0,0,,11.4,sunny,11
mysore_palace,2024-11-11,15873,0,0,0,,20.3,cloudy,11
kempty_falls,2024-11-11,4494,0,0,0,,20.1,sunny,11
robbers_cave,2024-11-11,3437,0,0,0,,20.3,cloudy,11
taj_mahal,2024-11-12,13581,1,0,0,,23.3,extreme_heat,11
jaipur_city_palace,2024-11-12,16109,1,0,0,,21.5,cloudy,11
goa_baga_beach,2024-11-12,13668,1,0,0,,25.9,extreme_heat,11
kerala_backwaters,2024-11-12,8208,1,0,0,,20.8,extreme_heat,11
varanasi_ghats,2024-11-12,16478,1,0,0,,20.0,cloudy,11
hampi_ruins,2024-11-12,7060,1,0,0,,23.4,sunny,11
manali,2024-11-12,6201,1,0,0,,5.3,rainy,11
mysore_palace,2024-11-12,13018,1,0,0,,19.7,sunny,11
kempty_falls,2024-11-12,4033,1,0,0,,22.0,sunny,11
robbers_cave,2024-11-12,2376,1,0,0,,20.3,rainy,11
taj_mahal,2024-11-13,21259,2,0,0,,20.0,sunny,11
jaipur_city_palace,2024-11-13,16321,2,0,0,,20.2,sunny,11
goa_baga_beach,2024-11-13,16733,2,0,0,,29.4,sunny,11
kerala_backwaters,2024-11-13,10577,2,0,0,,19.7,cloudy,11
varanasi_ghats,2024-11-13,10948,2,0,0,,23.1,rainy,11
hampi_ruins,2024-11-13,5487,2,0,0,,20.3,extreme_heat,11
manali,2024-11-13,9900,2,0,0,,5.4,sunny,11
mysore_palace,2024-11-13,13391,2,0,0,,24.6,sunny,11
kempty_falls,2024-11-13,5087,2,0,0,,23.2,sunny,11
robbers_cave,2024-11-13,3818,2,0,0,,22.8,sunny,11
taj_mahal,2024-11-14,16910,3,0,0,,25.5,rainy,11
jaipur_city_palace,2024-11-14,14210,3,0,0,,21.6,sunny,11
goa_baga_beach,2024-11-14,17330,3,0,0,,25.7,sunny,11
kerala_backwaters,2024-11-14,9538,3,0,0,,22.3,sunny,11
varanasi_ghats,2024-11-14,17092,3,0,0,,21.5,sunny,11
hampi_ruins,2024-11-14,5180,3,0,0,,27.1,extreme_heat,11
manali,2024-11-14,9094,3,0,0,,4.8,sunny,11
mysore_palace,2024-11-14,12163,3,0,0,,21.2,cloudy,11
kempty_falls,2024-11-14,4079,3,0,0,,20.1,sunny,11
robbers_cave,2024-11-14,3227,3,0,0,,23.5,sunny,11
taj_mahal,2024-11-15,23938,4,0,0,,22.2,sunny,11
jaipur_city_palace,2024-11-15,15595,4,0,0,,21.5,cloudy,11
goa_baga_beach,2024-11-15,17758,4,0,0,,26.9,sunny,11
kerala_backwaters,2024-11-15,10072,4,0,0,,19.6,sunny,11
varanasi_ghats,2024-11-15,12171,4,0,0,,23.9,extreme_heat,11
hampi_ruins,2024-11-15,5424,4,0,0,,21.9,extreme_heat,11
manali,2024-11-15,8350,4,0,0,,3.9,cloudy,11
mysore_palace,2024-11-15,13835,4,0,0,,21.1,cloudy,11
kempty_falls,2024-11-15,4355,4,0,0,,22.2,sunny,11
robbers_cave,2024-11-15,2548,4,0,0,,20.8,rainy,11
taj_mahal,2024-11-16,23792,5,1,0,,23.3,rainy,11
jaipur_city_palace,2024-11-16,16128,5,1,0,,21.8,extreme_heat,11
goa_baga_beach,2024-11-16,24852,5,1,0,,26.3,sunny,11
kerala_backwaters,2024-11-16,14111,5,1,0,,19.9,cloudy,11
varanasi_ghats,2024-11-16,26212,5,1,0,,21.6,sunny,11
hampi_ruins,2024-11-16,11121,5,1,0,,23.3,cloudy,11
manali,2024-11-16,13501,5,1,0,,4.5,sunny,11
mysore_palace,2024-11-16,21307,5,1,0,,20.7,cloudy,11
kempty_falls,2024-11-16,5993,5,1,0,,24.1,cloudy,11
robbers_cave,2024-11-16,5500,5,1,0,,21.1,cloudy,11
taj_mahal,2024-11-17,33559,6,1,0,,27.4,cloudy,11
jaipur_city_palace,2024-11-17,24085,6,1,0,,23.2,sunny,11
goa_baga_beach,2024-11-17,30750,6,1,0,,28.2,sunny,11
kerala_backwaters,2024-11-17,16247,6,1,0,,21.6,sunny,11
varanasi_ghats,2024-11-17,16566,6,1,0,,19.5,extreme_heat,11
hampi_ruins,2024-11-17,11939,6,1,0,,19.6,sunny,11
manali,2024-11-17,13508,6,1,0,,7.8,cloudy,11
mysore_palace,2024-11-17,23532,6,1,0,,21.0,sunny,11
kempty_falls,2024-11-17,6685,6,1,0,,23.3,cloudy,11
robbers_cave,2024-11-17,5500,6,1,0,,24.7,sunny,11
taj_mahal,2024-11-18,23719,0,0,0,,23.5,sunny,11
jaipur_city_palace,2024-11-18,15048,0,0,0,,22.2,sunny,11
goa_baga_beach,2024-11-18,17898,0,0,0,,29.1,sunny,11
kerala_backwaters,2024-11-18,10056,0,0,0,,20.6,sunny,11
varanasi_ghats,2024-11-18,12929,0,0,0,,21.2,rainy,11
hampi_ruins,2024-11-18,6527,0,0,0,,21.1,sunny,11
manali,2024-11-18,9602,0,0,0,,5.9,sunny,11
mysore_palace,2024-11-18,13937,0,0,0,,22.2,cloudy,11
kempty_falls,2024-11-18,4812,0,0,0,,24.2,cloudy,11
robbers_cave,2024-11-18,3981,0,0,0,,21.7,sunny,11
taj_mahal,2024-11-19,17503,1,0,0,,23.6,extreme_heat,11
jaipur_city_palace,2024-11-19,15397,1,0,0,,25.9,sunny,11
goa_baga_beach,2024-11-19,17161,1,0,0,,26.2,cloudy,11
kerala_backwaters,2024-11-19,10460,1,0,0,,22.4,sunny,11
varanasi_ghats,2024-11-19,13107,1,0,0,,21.8,cloudy,11
hampi_ruins,2024-11-19,8691,1,0,0,,22.4,sunny,11
manali,2024-11-19,8666,1,0,0,,7.5,cloudy,11
mysore_palace,2024-11-19,13856,1,0,0,,22.0,sunny,11
kempty_falls,2024-11-19,2870,1,0,0,,20.4,extreme_heat,11
robbers_cave,2024-11-19,3671,1,0,0,,23.1,sunny,11
taj_mahal,2024-11-20,15662,2,0,0,,20.9,rainy,11
jaipur_city_palace,2024-11-20,16275,2,0,0,,19.7,sunny,11
goa_baga_beach,2024-11-20,21345,2,0,0,,26.2,sunny,11
kerala_backwaters,2024-11-20,10279,2,0,0,,25.2,sunny,11
varanasi_ghats,2024-11-20,20818,2,0,0,,23.5,sunny,11
hampi_ruins,2024-11-20,7670,2,0,0,,17.3,cloudy,11
manali,2024-11-20,8523,2,0,0,,5.3,cloudy,11
mysore_palace,2024-11-20,8632,2,0,0,,22.3,rainy,11
kempty_falls,2024-11-20,4010,2,0,0,,20.9,cloudy,11
robbers_cave,2024-11-20,2879,2,0,0,,23.9,extreme_heat,11
taj_mahal,2024-11-21,21539,3,0,0,,19.7,cloudy,11
jaipur_city_palace,2024-11-21,13727,3,0,0,,27.8,cloudy,11
goa_baga_beach,2024-11-21,16831,3,0,0,,29.8,sunny,11
kerala_backwaters,2024-11-21,9507,3,0,0,,24.7,cloudy,11
varanasi_ghats,2024-11-21,16574,3,0,0,,22.0,sunny,11
hampi_ruins,2024-11-21,6324,3,0,0,,18.6,sunny,11
manali,2024-11-21,9417,3,0,0,,5.4,sunny,11
mysore_palace,2024-11-21,16533,3,0,0,,24.1,sunny,11
kempty_falls,2024-11-21,4125,3,0,0,,20.8,cloudy,11
robbers_cave,2024-11-21,4300,3,0,0,,23.9,sunny,11
taj_mahal,2024-11-22,23756,4,0,0,,20.9,sunny,11
jaipur_city_palace,2024-11-22,15436,4,0,0,,21.9,sunny,11
goa_baga_beach,2024-11-22,16947,4,0,0,,29.7,cloudy,11
kerala_backwaters,2024-11-22,10759,4,0,0,,21.3,sunny,11
varanasi_ghats,2024-11-22,18555,4,0,0,,19.5,sunny,11
hampi_ruins,2024-11-22,7504,4,0,0,,23.7,sunny,11
manali,2024-11-22,9968,4,0,0,,6.9,sunny,11
mysore_palace,2024-11-22,14758,4,0,0,,20.4,sunny,11
kempty_falls,2024-11-22,4221,4,0,0,,20.9,cloudy,11
robbers_cave,2024-11-22,4486,4,0,0,,24.5,sunny,11
taj_mahal,2024-11-23,30702,5,1,0,,20.3,sunny,11
jaipur_city_palace,2024-11-23,19977,5,1,0,,22.1,sunny,11
goa_baga_beach,2024-11-23,27229,5,1,0,,34.7,sunny,11
kerala_backwaters,2024-11-23,16483,5,1,0,,23.9,sunny,11
varanasi_ghats,2024-11-23,21354,5,1,0,,19.6,cloudy,11
hampi_ruins,2024-11-23,6897,5,1,0,,23.8,rainy,11
manali,2024-11-23,13218,5,1,0,,6.0,sunny,11
mysore_palace,2024-11-23,20769,5,1,0,,25.0,cloudy,11
kempty_falls,2024-11-23,4106,5,1,0,,19.5,rainy,11
robbers_cave,2024-11-23,5500,5,1,0,,25.5,sunny,11
taj_mahal,2024-11-24,35970,6,1,0,,24.1,sunny,11
jaipur_city_palace,2024-11-24,21983,6,1,0,,24.2,sunny,11
goa_baga_beach,2024-11-24,31456,6,1,0,,28.4,sunny,11
kerala_backwaters,2024-11-24,16888,6,1,0,,18.2,cloudy,11
varanasi_ghats,2024-11-24,27926,6,1,0,,21.1,sunny,11
hampi_ruins,2024-11-24,8951,6,1,0,,22.5,extreme_heat,11
manali,2024-11-24,13641,6,1,0,,2.7,cloudy,11
mysore_palace,2024-11-24,21170,6,1,0,,21.6,sunny,11
kempty_falls,2024-11-24,7016,6,1,0,,25.8,cloudy,11
robbers_cave,2024-11-24,5500,6,1,0,,22.4,cloudy,11
taj_mahal,2024-11-25,19369,0,0,0,,22.9,sunny,11
jaipur_city_palace,2024-11-25,14881,0,0,0,,18.4,sunny,11
goa_baga_beach,2024-11-25,12857,0,0,0,,30.2,rainy,11
kerala_backwaters,2024-11-25,8549,0,0,0,,19.5,cloudy,11
varanasi_ghats,2024-11-25,13229,0,0,0,,22.8,extreme_heat,11
hampi_ruins,2024-11-25,6962,0,0,0,,22.7,cloudy,11
manali,2024-11-25,7815,0,0,0,,7.8,sunny,11
mysore_palace,2024-11-25,11981,0,0,0,,20.7,sunny,11
kempty_falls,2024-11-25,4659,0,0,0,,22.2,sunny,11
robbers_cave,2024-11-25,3697,0,0,0,,23.2,sunny,11
taj_mahal,2024-11-26,20283,1,0,0,,19.9,sunny,11
jaipur_city_palace,2024-11-26,14978,1,0,0,,20.3,sunny,11
goa_baga_beach,2024-11-26,13098,1,0,0,,35.1,extreme_heat,11
kerala_backwaters,2024-11-26,6370,1,0,0,,19.2,rainy,11
varanasi_ghats,2024-11-26,12159,1,0,0,,23.7,extreme_heat,11
hampi_ruins,2024-11-26,7166,1,0,0,,21.1,sunny,11
manali,2024-11-26,6582,1,0,0,,5.2,extreme_heat,11
mysore_palace,2024-11-26,11952,1,0,0,,21.5,sunny,11
kempty_falls,2024-11-26,4769,1,0,0,,23.1,sunny,11
robbers_cave,2024-11-26,3471,1,0,0,,24.6,sunny,11
taj_mahal,2024-11-27,15475,2,0,0,,22.0,extreme_heat,11
jaipur_city_palace,2024-11-27,14936,2,0,0,,20.9,cloudy,11
goa_baga_beach,2024-11-27,19590,2,0,0,,28.3,sunny,11
kerala_backwaters,2024-11-27,10202,2,0,0,,20.5,sunny,11
varanasi_ghats,2024-11-27,17448,2,0,0,,18.2,cloudy,11
hampi_ruins,2024-11-27,6364,2,0,0,,23.3,sunny,11
manali,2024-11-27,7727,2,0,0,,8.6,cloudy,11
mysore_palace,2024-11-27,13883,2,0,0,,20.4,cloudy,11
kempty_falls,2024-11-27,2698,2,0,0,,21.0,extreme_heat,11
robbers_cave,2024-11-27,3509,2,0,0,,19.9,sunny,11
taj_mahal,2024-11-28,15019,3,0,0,,25.0,rainy,11
jaipur_city_palace,2024-11-28,10985,3,0,0,,20.7,extreme_heat,11
goa_baga_beach,2024-11-28,21070,3,0,0,,25.9,sunny,11
kerala_backwaters,2024-11-28,10091,3,0,0,,19.9,sunny,11
varanasi_ghats,2024-11-28,17749,3,0,0,,22.6,sunny,11
hampi_ruins,2024-11-28,7484,3,0,0,,23.2,sunny,11
manali,2024-11-28,8605,3,0,0,,5.9,sunny,11
mysore_palace,2024-11-28,14301,3,0,0,,19.4,cloudy,11
kempty_falls,2024-11-28,5221,3,0,0,,22.7,cloudy,11
robbers_cave,2024-11-28,4153,3,0,0,,19.1,sunny,11
taj_mahal,2024-11-29,21977,4,0,0,,19.5,sunny,11
jaipur_city_palace,2024-11-29,15656,4,0,0,,20.6,sunny,11
goa_baga_beach,2024-11-29,15591,4,0,0,,29.9,cloudy,11
kerala_backwaters,2024-11-29,11562,4,0,0,,22.5,sunny,11
varanasi_ghats,2024-11-29,16313,4,0,0,,25.8,sunny,11
hampi_ruins,2024-11-29,8019,4,0,0,,23.1,sunny,11
manali,2024-11-29,8550,4,0,0,,5.3,cloudy,11
mysore_palace,2024-11-29,14575,4,0,0,,22.3,sunny,11
kempty_falls,2024-11-29,2980,4,0,0,,21.5,rainy,11
robbers_cave,2024-11-29,4018,4,0,0,,22.4,sunny,11
taj_mahal,2024-11-30,35568,5,1,0,,21.6,sunny,11
jaipur_city_palace,2024-11-30,20825,5,1,0,,20.4,sunny,11
goa_baga_beach,2024-11-30,22337,5,1,0,,29.6,cloudy,11
kerala_backwaters,2024-11-30,14574,5,1,0,,21.2,sunny,11
varanasi_ghats,2024-11-30,28144,5,1,0,,21.7,sunny,11
hampi_ruins,2024-11-30,12913,5,1,0,,24.0,sunny,11
manali,2024-11-30,12655,5,1,0,,7.3,sunny,11
mysore_palace,2024-11-30,20332,5,1,0,,18.5,sunny,11
kempty_falls,2024-11-30,6368,5,1,0,,23.3,cloudy,11
robbers_cave,2024-11-30,5276,5,1,0,,21.5,cloudy,11
taj_mahal,2024-12-01,40223,6,1,0,,15.3,sunny,12
jaipur_city_palace,2024-12-01,20190,6,1,0,,18.2,sunny,12
goa_baga_beach,2024-12-01,30134,6,1,0,,27.7,sunny,12
kerala_backwaters,2024-12-01,14890,6,1,0,,14.7,sunny,12
varanasi_ghats,2024-12-01,24905,6,1,0,,13.4,cloudy,12
hampi_ruins,2024-12-01,13071,6,1,0,,16.0,sunny,12
manali,2024-12-01,24200,6,1,0,,1.6,cloudy,12
mysore_palace,2024-12-01,18096,6,1,0,,18.7,cloudy,12
kempty_falls,2024-12-01,9641,6,1,0,,14.9,sunny,12
robbers_cave,2024-12-01,4380,6,1,0,,19.2,sunny,12
taj_mahal,2024-12-02,23000,0,0,0,,18.2,sunny,12
jaipur_city_palace,2024-12-02,14775,0,0,0,,17.8,sunny,12
goa_baga_beach,2024-12-02,21119,0,0,0,,29.7,sunny,12
kerala_backwaters,2024-12-02,10701,0,0,0,,12.8,sunny,12
varanasi_ghats,2024-12-02,18205,0,0,0,,17.7,sunny,12
hampi_ruins,2024-12-02,6776,0,0,0,,17.5,cloudy,12
manali,2024-12-02,14852,0,0,0,,0.4,sunny,12
mysore_palace,2024-12-02,9310,0,0,0,,15.6,rainy,12
kempty_falls,2024-12-02,4850,0,0,0,,16.0,extreme_heat,12
robbers_cave,2024-12-02,2356,0,0,0,,14.9,sunny,12
taj_mahal,2024-12-03,23262,1,0,0,,14.6,sunny,12
jaipur_city_palace,2024-12-03,16763,1,0,0,,17.2,cloudy,12
goa_baga_beach,2024-12-03,11253,1,0,0,,26.5,rainy,12
kerala_backwaters,2024-12-03,10156,1,0,0,,14.6,sunny,12
varanasi_ghats,2024-12-03,18352,1,0,0,,18.5,sunny,12
hampi_ruins,2024-12-03,6244,1,0,0,,20.3,cloudy,12
manali,2024-12-03,10773,1,0,0,,2.1,extreme_heat,12
mysore_palace,2024-12-03,8871,1,0,0,,17.0,rainy,12
kempty_falls,2024-12-03,6806,1,0,0,,13.6,sunny,12
robbers_cave,2024-12-03,1580,1,0,0,,16.0,rainy,12
taj_mahal,2024-12-04,22138,2,0,0,,14.4,cloudy,12
jaipur_city_palace,2024-12-04,10940,2,0,0,,14.4,extreme_heat,12
goa_baga_beach,2024-12-04,17757,2,0,0,,26.2,sunny,12
kerala_backwaters,2024-12-04,11981,2,0,0,,14.0,sunny,12
varanasi_ghats,2024-12-04,18146,2,0,0,,17.5,sunny,12
hampi_ruins,2024-12-04,5739,2,0,0,,12.5,cloudy,12
manali,2024-12-04,10982,2,0,0,,3.5,rainy,12
mysore_palace,2024-12-04,9532,2,0,0,,16.3,extreme_heat,12
kempty_falls,2024-12-04,6015,2,0,0,,19.6,sunny,12
robbers_cave,2024-12-04,2685,2,0,0,,12.5,sunny,12
taj_mahal,2024-12-05,20362,3,0,0,,12.5,sunny,12
jaipur_city_palace,2024-12-05,14511,3,0,0,,15.7,sunny,12
goa_baga_beach,2024-12-05,20506,3,0,0,,29.6,sunny,12
kerala_backwaters,2024-12-05,9144,3,0,0,,15.3,cloudy,12
varanasi_ghats,2024-12-05,16475,3,0,0,,14.2,cloudy,12
hampi_ruins,2024-12-05,6408,3,0,0,,12.6,sunny,12
manali,2024-12-05,10322,3,0,0,,0.3,rainy,12
mysore_palace,2024-12-05,12665,3,0,0,,17.2,sunny,12
kempty_falls,2024-12-05,5862,3,0,0,,15.7,sunny,12
robbers_cave,2024-12-05,2595,3,0,0,,14.6,sunny,12
taj_mahal,2024-12-06,19805,4,0,0,,20.5,cloudy,12
jaipur_city_palace,2024-12-06,16088,4,0,0,,15.3,sunny,12
goa_baga_beach,2024-12-06,18006,4,0,0,,24.7,sunny,12
kerala_backwaters,2024-12-06,11193,4,0,0,,17.4,sunny,12
varanasi_ghats,2024-12-06,18761,4,0,0,,17.1,sunny,12
hampi_ruins,2024-12-06,7433,4,0,0,,13.7,cloudy,12
manali,2024-12-06,14056,4,0,0,,-2.0,sunny,12
mysore_palace,2024-12-06,14043,4,0,0,,16.5,cloudy,12
kempty_falls,2024-12-06,4130,4,0,0,,16.4,rainy,12
robbers_cave,2024-12-06,3102,4,0,0,,14.8,cloudy,12
taj_mahal,2024-12-07,32100,5,1,0,,16.4,sunny,12
jaipur_city_palace,2024-12-07,22869,5,1,0,,18.0,cloudy,12
goa_baga_beach,2024-12-07,31234,5,1,0,,28.4,sunny,12
kerala_backwaters,2024-12-07,11341,5,1,0,,16.6,extreme_heat,12
varanasi_ghats,2024-12-07,26347,5,1,0,,14.2,sunny,12
hampi_ruins,2024-12-07,10466,5,1,0,,12.5,sunny,12
manali,2024-12-07,20950,5,1,0,,-0.9,sunny,12
mysore_palace,2024-12-07,20691,5,1,0,,15.3,sunny,12
kempty_falls,2024-12-07,7187,5,1,0,,15.1,extreme_heat,12
robbers_cave,2024-12-07,3898,5,1,0,,11.8,sunny,12
taj_mahal,2024-12-08,35079,6,1,0,,16.8,sunny,12
jaipur_city_palace,2024-12-08,23757,6,1,0,,15.8,cloudy,12
goa_baga_beach,2024-12-08,30978,6,1,0,,25.6,cloudy,12
kerala_backwaters,2024-12-08,16228,6,1,0,,13.6,sunny,12
varanasi_ghats,2024-12-08,27482,6,1,0,,15.2,sunny,12
hampi_ruins,2024-12-08,8886,6,1,0,,16.9,extreme_heat,12
manali,2024-12-08,24200,6,1,0,,1.7,sunny,12
mysore_palace,2024-12-08,22973,6,1,0,,14.2,cloudy,12
kempty_falls,2024-12-08,7529,6,1,0,,14.9,rainy,12
robbers_cave,2024-12-08,4921,6,1,0,,14.4,sunny,12
taj_mahal,2024-12-09,19429,0,0,0,,15.7,cloudy,12
jaipur_city_palace,2024-12-09,14781,0,0,0,,12.7,cloudy,12
goa_baga_beach,2024-12-09,18931,0,0,0,,28.6,sunny,12
kerala_backwaters,2024-12-09,9700,0,0,0,,12.3,cloudy,12
varanasi_ghats,2024-12-09,16310,0,0,0,,19.9,sunny,12
hampi_ruins,2024-12-09,7823,0,0,0,,15.9,sunny,12
manali,2024-12-09,14237,0,0,0,,0.1,sunny,12
mysore_palace,2024-12-09,9066,0,0,0,,16.5,rainy,12
kempty_falls,2024-12-09,6434,0,0,0,,17.6,sunny,12
robbers_cave,2024-12-09,1924,0,0,0,,14.4,rainy,12
taj_mahal,2024-12-10,20749,1,0,0,,17.1,cloudy,12
jaipur_city_palace,2024-12-10,14305,1,0,0,,15.6,cloudy,12
goa_baga_beach,2024-12-10,13262,1,0,0,,30.3,extreme_heat,12
kerala_backwaters,2024-12-10,10622,1,0,0,,15.8,sunny,12
varanasi_ghats,2024-12-10,14174,1,0,0,,14.6,extreme_heat,12
hampi_ruins,2024-12-10,7401,1,0,0,,18.0,cloudy,12
manali,2024-12-10,14816,1,0,0,,-0.3,sunny,12
mysore_palace,2024-12-10,13764,1,0,0,,14.5,cloudy,12
kempty_falls,2024-12-10,6190,1,0,0,,15.9,cloudy,12
robbers_cave,2024-12-10,2656,1,0,0,,15.5,cloudy,12
taj_mahal,2024-12-11,21777,2,0,0,,14.8,sunny,12
jaipur_city_palace,2024-12-11,16488,2,0,0,,15.1,sunny,12
goa_baga_beach,2024-12-11,20517,2,0,0,,27.4,cloudy,12
kerala_backwaters,2024-12-11,9393,2,0,0,,14.5,cloudy,12
varanasi_ghats,2024-12-11,10671,2,0,0,,18.1,rainy,12
hampi_ruins,2024-12-11,7927,2,0,0,,14.8,cloudy,12
manali,2024-12-11,16176,2,0,0,,0.3,cloudy,12
mysore_palace,2024-12-11,13759,2,0,0,,15.4,cloudy,12
kempty_falls,2024-12-11,5860,2,0,0,,17.6,cloudy,12
robbers_cave,2024-12-11,1832,2,0,0,,16.4,extreme_heat,12
taj_mahal,2024-12-12,22243,3,0,0,,13.7,sunny,12
jaipur_city_palace,2024-12-12,8762,3,0,0,,17.3,rainy,12
goa_baga_beach,2024-12-12,19097,3,0,0,,26.8,cloudy,12
kerala_backwaters,2024-12-12,8941,3,0,0,,14.9,sunny,12
varanasi_ghats,2024-12-12,15881,3,0,0,,17.0,cloudy,12
hampi_ruins,2024-12-12,6952,3,0,0,,15.5,sunny,12
manali,2024-12-12,14007,3,0,0,,-1.7,sunny,12
mysore_palace,2024-12-12,13821,3,0,0,,17.3,sunny,12
kempty_falls,2024-12-12,6886,3,0,0,,15.3,sunny,12
robbers_cave,2024-12-12,2087,3,0,0,,18.2,extreme_heat,12
taj_mahal,2024-12-13,22373,4,0,0,,15.3,sunny,12
jaipur_city_palace,2024-12-13,14071,4,0,0,,17.7,cloudy,12
goa_baga_beach,2024-12-13,18034,4,0,0,,29.7,sunny,12
kerala_backwaters,2024-12-13,10013,4,0,0,,14.6,sunny,12
varanasi_ghats,2024-12-13,16962,4,0,0,,13.2,sunny,12
hampi_ruins,2024-12-13,5215,4,0,0,,19.2,extreme_heat,12
manali,2024-12-13,13381,4,0,0,,-1.4,sunny,12
mysore_palace,2024-12-13,12982,4,0,0,,19.5,sunny,12
kempty_falls,2024-12-13,6030,4,0,0,,12.3,sunny,12
robbers_cave,2024-12-13,1436,4,0,0,,14.7,rainy,12
taj_mahal,2024-12-14,21376,5,1,0,,15.8,rainy,12
jaipur_city_palace,2024-12-14,19243,5,1,0,,18.1,sunny,12
goa_baga_beach,2024-12-14,20076,5,1,0,,26.4,extreme_heat,12
kerala_backwaters,2024-12-14,15173,5,1,0,,13.6,sunny,12
varanasi_ghats,2024-12-14,25105,5,1,0,,15.8,cloudy,12
hampi_ruins,2024-12-14,9592,5,1,0,,16.8,cloudy,12
manali,2024-12-14,21942,5,1,0,,-1.2,sunny,12
mysore_palace,2024-12-14,21190,5,1,0,,16.5,cloudy,12
kempty_falls,2024-12-14,9027,5,1,0,,13.3,sunny,12
robbers_cave,2024-12-14,3709,5,1,0,,19.9,cloudy,12
taj_mahal,2024-12-15,25738,6,1,0,,14.7,extreme_heat,12
jaipur_city_palace,2024-12-15,26135,6,1,0,,16.3,sunny,12
goa_baga_beach,2024-12-15,28743,6,1,0,,27.6,sunny,12
kerala_backwaters,2024-12-15,10944,6,1,0,,17.1,rainy,12
varanasi_ghats,2024-12-15,28715,6,1,0,,16.8,cloudy,12
hampi_ruins,2024-12-15,7746,6,1,0,,12.9,rainy,12
manali,2024-12-15,20671,6,1,0,,-2.9,cloudy,12
mysore_palace,2024-12-15,24169,6,1,0,,18.6,sunny,12
kempty_falls,2024-12-15,9746,6,1,0,,16.6,cloudy,12
robbers_cave,2024-12-15,4304,6,1,0,,17.5,sunny,12
taj_mahal,2024-12-16,15461,0,0,0,,12.7,extreme_heat,12
jaipur_city_palace,2024-12-16,15050,0,0,0,,11.3,cloudy,12
goa_baga_beach,2024-12-16,20455,0,0,0,,26.7,sunny,12
kerala_backwaters,2024-12-16,8989,0,0,0,,13.8,cloudy,12
varanasi_ghats,2024-12-16,13526,0,0,0,,16.2,extreme_heat,12
hampi_ruins,2024-12-16,7768,0,0,0,,18.1,cloudy,12
manali,2024-12-16,13175,0,0,0,,-1.3,sunny,12
mysore_palace,2024-12-16,8318,0,0,0,,14.4,rainy,12
kempty_falls,2024-12-16,4657,0,0,0,,15.1,rainy,12
robbers_cave,2024-12-16,1770,0,0,0,,12.5,extreme_heat,12
taj_mahal,2024-12-17,20298,1,0,0,,17.5,cloudy,12
jaipur_city_palace,2024-12-17,14342,1,0,0,,17.4,cloudy,12
goa_baga_beach,2024-12-17,17620,1,0,0,,26.4,cloudy,12
kerala_backwaters,2024-12-17,10285,1,0,0,,15.5,cloudy,12
varanasi_ghats,2024-12-17,13668,1,0,0,,16.5,extreme_heat,12
hampi_ruins,2024-12-17,7780,1,0,0,,16.9,cloudy,12
manali,2024-12-17,16786,1,0,0,,0.9,sunny,12
mysore_palace,2024-12-17,13750,1,0,0,,17.4,sunny,12
kempty_falls,2024-12-17,6563,1,0,0,,15.5,sunny,12
robbers_cave,2024-12-17,2600,1,0,0,,18.3,sunny,12
taj_mahal,2024-12-18,17986,2,0,0,,15.3,extreme_heat,12
jaipur_city_palace,2024-12-18,14682,2,0,0,,14.9,cloudy,12
goa_baga_beach,2024-12-18,17709,2,0,0,,28.6,sunny,12
kerala_backwaters,2024-12-18,7120,2,0,0,,14.1,extreme_heat,12
varanasi_ghats,2024-12-18,17060,2,0,0,,18.3,sunny,12
hampi_ruins,2024-12-18,6860,2,0,0,,16.8,sunny,12
manali,2024-12-18,13367,2,0,0,,-0.4,sunny,12
mysore_palace,2024-12-18,16201,2,0,0,,15.4,sunny,12
kempty_falls,2024-12-18,6172,2,0,0,,12.3,sunny,12
robbers_cave,2024-12-18,2844,2,0,0,,14.7,sunny,12
taj_mahal,2024-12-19,23430,3,0,0,,17.4,cloudy,12
jaipur_city_palace,2024-12-19,14459,3,0,0,,18.5,sunny,12
goa_baga_beach,2024-12-19,17667,3,0,0,,29.0,sunny,12
kerala_backwaters,2024-12-19,6589,3,0,0,,12.9,rainy,12
varanasi_ghats,2024-12-19,19116,3,0,0,,16.6,sunny,12
hampi_ruins,2024-12-19,7395,3,0,0,,16.3,cloudy,12
manali,2024-12-19,14669,3,0,0,,-2.1,sunny,12
mysore_palace,2024-12-19,13971,3,0,0,,14.9,sunny,12
kempty_falls,2024-12-19,5790,3,0,0,,14.0,cloudy,12
robbers_cave,2024-12-19,2593,3,0,0,,19.4,cloudy,12
taj_mahal,2024-12-20,32971,4,0,1,Winter Vacation,18.9,cloudy,12
jaipur_city_palace,2024-12-20,23895,4,0,1,Winter Vacation,15.2,sunny,12
goa_baga_beach,2024-12-20,30504,4,0,1,Winter Vacation,25.4,sunny,12
kerala_backwaters,2024-12-20,16066,4,0,1,Winter Vacation,15.6,cloudy,12
varanasi_ghats,2024-12-20,17158,4,0,1,Winter Vacation,17.5,extreme_heat,12
hampi_ruins,2024-12-20,10475,4,0,1,Winter Vacation,14.1,sunny,12
manali,2024-12-20,24200,4,0,1,Winter Vacation,1.1,cloudy,12
mysore_palace,2024-12-20,23062,4,0,1,Winter Vacation,15.3,sunny,12
kempty_falls,2024-12-20,8554,4,0,1,Winter Vacation,14.9,sunny,12
robbers_cave,2024-12-20,3748,4,0,1,Winter Vacation,14.9,cloudy,12
taj_mahal,2024-12-21,44000,5,1,1,Winter Vacation,17.6,cloudy,12
jaipur_city_palace,2024-12-21,27500,5,1,1,Winter Vacation,15.7,sunny,12
goa_baga_beach,2024-12-21,38500,5,1,1,Winter Vacation,29.3,sunny,12
kerala_backwaters,2024-12-21,19625,5,1,1,Winter Vacation,15.3,cloudy,12
varanasi_ghats,2024-12-21,33000,5,1,1,Winter Vacation,15.1,cloudy,12
hampi_ruins,2024-12-21,16500,5,1,1,Winter Vacation,15.7,sunny,12
manali,2024-12-21,24200,5,1,1,Winter Vacation,1.5,sunny,12
mysore_palace,2024-12-21,26400,5,1,1,Winter Vacation,18.6,cloudy,12
kempty_falls,2024-12-21,11000,5,1,1,Winter Vacation,14.0,cloudy,12
robbers_cave,2024-12-21,4501,5,1,1,Winter Vacation,12.5,rainy,12
taj_mahal,2024-12-22,44000,6,1,1,Winter Vacation,17.2,cloudy,12
jaipur_city_palace,2024-12-22,27500,6,1,1,Winter Vacation,16.6,sunny,12
goa_baga_beach,2024-12-22,38500,6,1,1,Winter Vacation,29.2,cloudy,12
kerala_backwaters,2024-12-22,19800,6,1,1,Winter Vacation,16.4,sunny,12
varanasi_ghats,2024-12-22,33000,6,1,1,Winter Vacation,17.7,cloudy,12
hampi_ruins,2024-12-22,16500,6,1,1,Winter Vacation,16.9,cloudy,12
manali,2024-12-22,24200,6,1,1,Winter Vacation,-3.5,sunny,12
mysore_palace,2024-12-22,26400,6,1,1,Winter Vacation,17.0,sunny,12
kempty_falls,2024-12-22,11000,6,1,1,Winter Vacation,14.2,sunny,12
robbers_cave,2024-12-22,5500,6,1,1,Winter Vacation,14.8,sunny,12
taj_mahal,2024-12-23,39750,0,0,1,Winter Vacation,17.9,sunny,12
jaipur_city_palace,2024-12-23,20142,0,0,1,Winter Vacation,17.9,cloudy,12
goa_baga_beach,2024-12-23,16821,0,0,1,Winter Vacation,30.1,rainy,12
kerala_backwaters,2024-12-23,10169,0,0,1,Winter Vacation,15.5,rainy,12
varanasi_ghats,2024-12-23,31218,0,0,1,Winter Vacation,14.5,sunny,12
hampi_ruins,2024-12-23,11951,0,0,1,Winter Vacation,17.7,sunny,12
manali,2024-12-23,24200,0,0,1,Winter Vacation,2.5,sunny,12
mysore_palace,2024-12-23,22031,0,0,1,Winter Vacation,16.6,sunny,12
kempty_falls,2024-12-23,8455,0,0,1,Winter Vacation,14.7,sunny,12
robbers_cave,2024-12-23,4060,0,0,1,Winter Vacation,11.4,sunny,12
taj_mahal,2024-12-24,25404,1,0,1,Winter Vacation,15.5,rainy,12
jaipur_city_palace,2024-12-24,23160,1,0,1,Winter Vacation,17.1,cloudy,12
goa_baga_beach,2024-12-24,18398,1,0,1,Winter Vacation,28.6,extreme_heat,12
kerala_backwaters,2024-12-24,14147,1,0,1,Winter Vacation,17.9,cloudy,12
varanasi_ghats,2024-12-24,26354,1,0,1,Winter Vacation,16.0,sunny,12
hampi_ruins,2024-12-24,11075,1,0,1,Winter Vacation,19.7,sunny,12
manali,2024-12-24,21658,1,0,1,Winter Vacation,-0.9,cloudy,12
mysore_palace,2024-12-24,21656,1,0,1,Winter Vacation,15.5,sunny,12
kempty_falls,2024-12-24,9222,1,0,1,Winter Vacation,16.9,cloudy,12
robbers_cave,2024-12-24,4058,1,0,1,Winter Vacation,15.3,sunny,12
taj_mahal,2024-12-25,37178,2,0,1,Christmas,20.0,sunny,12
jaipur_city_palace,2024-12-25,14495,2,0,1,Christmas,14.9,extreme_heat,12
goa_baga_beach,2024-12-25,19514,2,0,1,Christmas,27.1,extreme_heat,12
kerala_backwaters,2024-12-25,10739,2,0,1,Christmas,18.5,rainy,12
varanasi_ghats,2024-12-25,29516,2,0,1,Christmas,19.0,sunny,12
hampi_ruins,2024-12-25,11800,2,0,1,Christmas,17.1,cloudy,12
manali,2024-12-25,16409,2,0,1,Christmas,3.7,extreme_heat,12
mysore_palace,2024-12-25,16397,2,0,1,Christmas,14.0,extreme_heat,12
kempty_falls,2024-12-25,6467,2,0,1,Christmas,14.9,extreme_heat,12
robbers_cave,2024-12-25,4245,2,0,1,Christmas,17.1,sunny,12
taj_mahal,2024-12-26,34313,3,0,1,Winter Vacation,15.0,cloudy,12
jaipur_city_palace,2024-12-26,15872,3,0,1,Winter Vacation,17.2,rainy,12
goa_baga_beach,2024-12-26,28661,3,0,1,Winter Vacation,28.9,cloudy,12
kerala_backwaters,2024-12-26,16144,3,0,1,Winter Vacation,17.6,sunny,12
varanasi_ghats,2024-12-26,26390,3,0,1,Winter Vacation,14.1,sunny,12
hampi_ruins,2024-12-26,10665,3,0,1,Winter Vacation,16.4,sunny,12
manali,2024-12-26,16195,3,0,1,Winter Vacation,-2.3,sunny,12
mysore_palace,2024-12-26,23342,3,0,1,Winter Vacation,15.7,cloudy,12
kempty_falls,2024-12-26,8621,3,0,1,Winter Vacation,14.0,sunny,12
robbers_cave,2024-12-26,4110,3,0,1,Winter Vacation,13.4,sunny,12
taj_mahal,2024-12-27,25913,4,0,1,Winter Vacation,15.6,extreme_heat,12
jaipur_city_palace,2024-12-27,13900,4,0,1,Winter Vacation,15.3,rainy,12
goa_baga_beach,2024-12-27,30817,4,0,1,Winter Vacation,25.3,sunny,12
kerala_backwaters,2024-12-27,15545,4,0,1,Winter Vacation,15.3,sunny,12
varanasi_ghats,2024-12-27,16949,4,0,1,Winter Vacation,13.5,rainy,12
hampi_ruins,2024-12-27,7576,4,0,1,Winter Vacation,17.4,extreme_heat,12
manali,2024-12-27,24200,4,0,1,Winter Vacation,0.2,sunny,12
mysore_palace,2024-12-27,22435,4,0,1,Winter Vacation,16.7,sunny,12
kempty_falls,2024-12-27,9960,4,0,1,Winter Vacation,15.0,cloudy,12
robbers_cave,2024-12-27,4400,4,0,1,Winter Vacation,17.3,sunny,12
taj_mahal,2024-12-28,36811,5,1,1,Winter Vacation,17.4,extreme_heat,12
jaipur_city_palace,2024-12-28,23642,5,1,1,Winter Vacation,16.3,extreme_heat,12
goa_baga_beach,2024-12-28,30253,5,1,1,Winter Vacation,25.3,extreme_heat,12
kerala_backwaters,2024-12-28,19800,5,1,1,Winter Vacation,13.6,cloudy,12
varanasi_ghats,2024-12-28,32689,5,1,1,Winter Vacation,12.7,sunny,12
hampi_ruins,2024-12-28,16260,5,1,1,Winter Vacation,15.2,cloudy,12
manali,2024-12-28,24200,5,1,1,Winter Vacation,0.2,sunny,12
mysore_palace,2024-12-28,26400,5,1,1,Winter Vacation,16.1,sunny,12
kempty_falls,2024-12-28,11000,5,1,1,Winter Vacation,13.5,sunny,12
robbers_cave,2024-12-28,5500,5,1,1,Winter Vacation,13.9,sunny,12
taj_mahal,2024-12-29,44000,6,1,1,Winter Vacation,14.9,sunny,12
jaipur_city_palace,2024-12-29,27500,6,1,1,Winter Vacation,15.1,sunny,12
goa_baga_beach,2024-12-29,38500,6,1,1,Winter Vacation,27.3,sunny,12
kerala_backwaters,2024-12-29,19800,6,1,1,Winter Vacation,16.5,sunny,12
varanasi_ghats,2024-12-29,33000,6,1,1,Winter Vacation,20.3,sunny,12
hampi_ruins,2024-12-29,14333,6,1,1,Winter Vacation,14.2,extreme_heat,12
manali,2024-12-29,24200,6,1,1,Winter Vacation,-0.8,sunny,12
mysore_palace,2024-12-29,26400,6,1,1,Winter Vacation,16.0,cloudy,12
kempty_falls,2024-12-29,11000,6,1,1,Winter Vacation,14.8,cloudy,12
robbers_cave,2024-12-29,5500,6,1,1,Winter Vacation,18.7,cloudy,12
taj_mahal,2024-12-30,32256,0,0,1,Winter Vacation,13.8,cloudy,12
jaipur_city_palace,2024-12-30,21359,0,0,1,Winter Vacation,11.1,cloudy,12
goa_baga_beach,2024-12-30,27637,0,0,1,Winter Vacation,29.6,sunny,12
kerala_backwaters,2024-12-30,17481,0,0,1,Winter Vacation,15.1,sunny,12
varanasi_ghats,2024-12-30,23630,0,0,1,Winter Vacation,14.4,cloudy,12
hampi_ruins,2024-12-30,11908,0,0,1,Winter Vacation,13.0,sunny,12
manali,2024-12-30,24200,0,0,1,Winter Vacation,2.6,sunny,12
mysore_palace,2024-12-30,19248,0,0,1,Winter Vacation,15.9,sunny,12
kempty_falls,2024-12-30,9760,0,0,1,Winter Vacation,17.4,cloudy,12
robbers_cave,2024-12-30,4254,0,0,1,Winter Vacation,13.7,sunny,12
taj_mahal,2024-12-31,36574,1,0,1,Winter Vacation,16.3,cloudy,12
jaipur_city_palace,2024-12-31,17351,1,0,1,Winter Vacation,20.1,extreme_heat,12
goa_baga_beach,2024-12-31,24912,1,0,1,Winter Vacation,22.2,sunny,12
kerala_backwaters,2024-12-31,15355,1,0,1,Winter Vacation,15.0,sunny,12
varanasi_ghats,2024-12-31,18589,1,0,1,Winter Vacation,17.7,extreme_heat,12
hampi_ruins,2024-12-31,7880,1,0,1,Winter Vacation,15.0,rainy,12
manali,2024-12-31,24200,1,0,1,Winter Vacation,-2.4,sunny,12
mysore_palace,2024-12-31,19973,1,0,1,Winter Vacation,17.4,cloudy,12
kempty_falls,2024-12-31,8008,1,0,1,Winter Vacation,15.5,cloudy,12
robbers_cave,2024-12-31,4057,1,0,1,Winter Vacation,14.6,sunny,12
taj_mahal,2025-01-01,41392,2,0,1,New Year,13.8,sunny,1
jaipur_city_palace,2025-01-01,22314,2,0,1,New Year,14.0,sunny,1
goa_baga_beach,2025-01-01,17862,2,0,1,New Year,27.5,rainy,1
kerala_backwaters,2025-01-01,14624,2,0,1,New Year,13.6,sunny,1
varanasi_ghats,2025-01-01,17877,2,0,1,New Year,14.0,extreme_heat,1
hampi_ruins,2025-01-01,11563,2,0,1,New Year,16.2,sunny,1
manali,2025-01-01,21111,2,0,1,New Year,-2.0,cloudy,1
mysore_palace,2025-01-01,15222,2,0,1,New Year,17.5,rainy,1
kempty_falls,2025-01-01,10719,2,0,1,New Year,11.6,sunny,1
robbers_cave,2025-01-01,3101,2,0,1,New Year,12.2,extreme_heat,1
taj_mahal,2025-01-02,32380,3,0,1,Winter Vacation,14.5,sunny,1
jaipur_city_palace,2025-01-02,24075,3,0,1,Winter Vacation,17.6,sunny,1
goa_baga_beach,2025-01-02,29681,3,0,1,Winter Vacation,27.2,sunny,1
kerala_backwaters,2025-01-02,14646,3,0,1,Winter Vacation,14.8,sunny,1
varanasi_ghats,2025-01-02,22344,3,0,1,Winter Vacation,11.1,cloudy,1
hampi_ruins,2025-01-02,12179,3,0,1,Winter Vacation,13.4,sunny,1
manali,2025-01-02,24200,3,0,1,Winter Vacation,6.0,cloudy,1
mysore_palace,2025-01-02,19051,3,0,1,Winter Vacation,13.5,sunny,1
kempty_falls,2025-01-02,9717,3,0,1,Winter Vacation,16.0,sunny,1
robbers_cave,2025-01-02,4468,3,0,1,Winter Vacation,10.1,sunny,1
taj_mahal,2025-01-03,38340,4,0,1,Winter Vacation,13.5,sunny,1
jaipur_city_palace,2025-01-03,23521,4,0,1,Winter Vacation,12.7,sunny,1
goa_baga_beach,2025-01-03,29457,4,0,1,Winter Vacation,28.1,sunny,1
kerala_backwaters,2025-01-03,13223,4,0,1,Winter Vacation,8.7,cloudy,1
varanasi_ghats,2025-01-03,29205,4,0,1,Winter Vacation,17.3,sunny,1
hampi_ruins,2025-01-03,10546,4,0,1,Winter Vacation,13.5,cloudy,1
manali,2025-01-03,20605,4,0,1,Winter Vacation,5.9,sunny,1
mysore_palace,2025-01-03,15817,4,0,1,Winter Vacation,16.1,rainy,1
kempty_falls,2025-01-03,9806,4,0,1,Winter Vacation,16.1,sunny,1
robbers_cave,2025-01-03,4393,4,0,1,Winter Vacation,9.8,sunny,1
taj_mahal,2025-01-04,44000,5,1,1,Winter Vacation,13.7,cloudy,1
jaipur_city_palace,2025-01-04,27500,5,1,1,Winter Vacation,12.0,sunny,1
goa_baga_beach,2025-01-04,38500,5,1,1,Winter Vacation,28.0,sunny,1
kerala_backwaters,2025-01-04,19800,5,1,1,Winter Vacation,15.3,sunny,1
varanasi_ghats,2025-01-04,33000,5,1,1,Winter Vacation,14.9,sunny,1
hampi_ruins,2025-01-04,16500,5,1,1,Winter Vacation,17.3,sunny,1
manali,2025-01-04,23502,5,1,1,Winter Vacation,3.3,rainy,1
mysore_palace,2025-01-04,26400,5,1,1,Winter Vacation,14.5,sunny,1
kempty_falls,2025-01-04,11000,5,1,1,Winter Vacation,12.2,cloudy,1
robbers_cave,2025-01-04,5500,5,1,1,Winter Vacation,12.3,sunny,1
taj_mahal,2025-01-05,44000,6,1,1,Winter Vacation,16.0,sunny,1
jaipur_city_palace,2025-01-05,27500,6,1,1,Winter Vacation,17.1,sunny,1
goa_baga_beach,2025-01-05,38500,6,1,1,Winter Vacation,27.6,sunny,1
kerala_backwaters,2025-01-05,19800,6,1,1,Winter Vacation,16.2,sunny,1
varanasi_ghats,2025-01-05,33000,6,1,1,Winter Vacation,17.9,sunny,1
hampi_ruins,2025-01-05,16500,6,1,1,Winter Vacation,16.8,sunny,1
manali,2025-01-05,24200,6,1,1,Winter Vacation,5.0,sunny,1
mysore_palace,2025-01-05,26400,6,1,1,Winter Vacation,15.6,sunny,1
kempty_falls,2025-01-05,9211,6,1,1,Winter Vacation,16.9,rainy,1
robbers_cave,2025-01-05,5500,6,1,1,Winter Vacation,13.8,sunny,1
taj_mahal,2025-01-06,15023,0,0,0,,14.6,rainy,1
jaipur_city_palace,2025-01-06,15115,0,0,0,,12.9,sunny,1
goa_baga_beach,2025-01-06,19311,0,0,0,,28.4,sunny,1
kerala_backwaters,2025-01-06,9703,0,0,0,,11.2,cloudy,1
varanasi_ghats,2025-01-06,20144,0,0,0,,16.2,sunny,1
hampi_ruins,2025-01-06,6346,0,0,0,,14.3,cloudy,1
manali,2025-01-06,16298,0,0,0,,2.9,sunny,1
mysore_palace,2025-01-06,12902,0,0,0,,20.1,sunny,1
kempty_falls,2025-01-06,5816,0,0,0,,14.8,sunny,1
robbers_cave,2025-01-06,2636,0,0,0,,18.2,cloudy,1
taj_mahal,2025-01-07,25479,1,0,0,,13.2,sunny,1
jaipur_city_palace,2025-01-07,18048,1,0,0,,14.6,sunny,1
goa_baga_beach,2025-01-07,20543,1,0,0,,28.4,sunny,1
kerala_backwaters,2025-01-07,9738,1,0,0,,14.9,sunny,1
varanasi_ghats,2025-01-07,19660,1,0,0,,11.5,sunny,1
hampi_ruins,2025-01-07,8298,1,0,0,,12.7,sunny,1
manali,2025-01-07,15891,1,0,0,,1.1,sunny,1
mysore_palace,2025-01-07,13262,1,0,0,,13.9,sunny,1
kempty_falls,2025-01-07,4819,1,0,0,,14.5,extreme_heat,1
robbers_cave,2025-01-07,1883,1,0,0,,17.7,rainy,1
taj_mahal,2025-01-08,22712,2,0,0,,13.7,sunny,1
jaipur_city_palace,2025-01-08,15874,2,0,0,,15.2,sunny,1
goa_baga_beach,2025-01-08,13524,2,0,0,,27.8,rainy,1
kerala_backwaters,2025-01-08,9408,2,0,0,,15.8,sunny,1
varanasi_ghats,2025-01-08,18003,2,0,0,,12.3,sunny,1
hampi_ruins,2025-01-08,6892,2,0,0,,15.0,cloudy,1
manali,2025-01-08,16949,2,0,0,,2.5,sunny,1
mysore_palace,2025-01-08,13919,2,0,0,,13.4,sunny,1
kempty_falls,2025-01-08,5869,2,0,0,,14.8,cloudy,1
robbers_cave,2025-01-08,2342,2,0,0,,14.9,sunny,1
taj_mahal,2025-01-09,20288,3,0,0,,10.9,sunny,1
jaipur_city_palace,2025-01-09,8744,3,0,0,,13.3,rainy,1
goa_baga_beach,2025-01-09,13662,3,0,0,,27.4,extreme_heat,1
kerala_backwaters,2025-01-09,10426,3,0,0,,13.3,sunny,1
varanasi_ghats,2025-01-09,16571,3,0,0,,17.4,sunny,1
hampi_ruins,2025-01-09,6710,3,0,0,,11.2,sunny,1
manali,2025-01-09,17788,3,0,0,,1.1,sunny,1
mysore_palace,2025-01-09,8457,3,0,0,,13.0,extreme_heat,1
kempty_falls,2025-01-09,3956,3,0,0,,14.3,rainy,1
robbers_cave,2025-01-09,2672,3,0,0,,18.4,sunny,1
taj_mahal,2025-01-10,24794,4,0,0,,20.4,sunny,1
jaipur_city_palace,2025-01-10,13490,4,0,0,,10.9,sunny,1
goa_baga_beach,2025-01-10,18435,4,0,0,,28.5,sunny,1
kerala_backwaters,2025-01-10,6723,4,0,0,,16.2,rainy,1
varanasi_ghats,2025-01-10,16584,4,0,0,,15.6,sunny,1
hampi_ruins,2025-01-10,5473,4,0,0,,14.1,rainy,1
manali,2025-01-10,15237,4,0,0,,1.6,sunny,1
mysore_palace,2025-01-10,13556,4,0,0,,14.7,sunny,1
kempty_falls,2025-01-10,5715,4,0,0,,13.8,cloudy,1
robbers_cave,2025-01-10,1433,4,0,0,,12.5,extreme_heat,1
taj_mahal,2025-01-11,31690,5,1,0,,12.8,cloudy,1
jaipur_city_palace,2025-01-11,21663,5,1,0,,16.4,sunny,1
goa_baga_beach,2025-01-11,27437,5,1,0,,27.9,sunny,1
kerala_backwaters,2025-01-11,14601,5,1,0,,14.2,sunny,1
varanasi_ghats,2025-01-11,17282,5,1,0,,12.0,rainy,1
hampi_ruins,2025-01-11,12029,5,1,0,,14.6,sunny,1
manali,2025-01-11,24200,5,1,0,,3.5,sunny,1
mysore_palace,2025-01-11,13188,5,1,0,,15.3,rainy,1
kempty_falls,2025-01-11,10238,5,1,0,,11.9,cloudy,1
robbers_cave,2025-01-11,3624,5,1,0,,17.5,cloudy,1
taj_mahal,2025-01-12,22944,6,1,0,,13.4,extreme_heat,1
jaipur_city_palace,2025-01-12,23720,6,1,0,,10.1,cloudy,1
goa_baga_beach,2025-01-12,31585,6,1,0,,28.9,sunny,1
kerala_backwaters,2025-01-12,16377,6,1,0,,11.0,sunny,1
varanasi_ghats,2025-01-12,27592,6,1,0,,9.5,sunny,1
hampi_ruins,2025-01-12,11210,6,1,0,,13.4,sunny,1
manali,2025-01-12,14230,6,1,0,,-1.6,rainy,1
mysore_palace,2025-01-12,21803,6,1,0,,11.2,sunny,1
kempty_falls,2025-01-12,7493,6,1,0,,13.1,extreme_heat,1
robbers_cave,2025-01-12,4069,6,1,0,,11.5,sunny,1
taj_mahal,2025-01-13,23645,0,0,0,,13.2,sunny,1
jaipur_city_palace,2025-01-13,15599,0,0,0,,16.3,sunny,1
goa_baga_beach,2025-01-13,18560,0,0,0,,24.4,sunny,1
kerala_backwaters,2025-01-13,10294,0,0,0,,16.4,sunny,1
varanasi_ghats,2025-01-13,16579,0,0,0,,14.5,cloudy,1
hampi_ruins,2025-01-13,6255,0,0,0,,15.7,cloudy,1
manali,2025-01-13,13457,0,0,0,,-2.6,sunny,1
mysore_palace,2025-01-13,8521,0,0,0,,15.3,rainy,1
kempty_falls,2025-01-13,7028,0,0,0,,12.9,sunny,1
robbers_cave,2025-01-13,2633,0,0,0,,17.4,cloudy,1
taj_mahal,2025-01-14,21971,1,0,0,,16.7,sunny,1
jaipur_city_palace,2025-01-14,9690,1,0,0,,13.7,rainy,1
goa_baga_beach,2025-01-14,18736,1,0,0,,25.8,cloudy,1
kerala_backwaters,2025-01-14,8129,1,0,0,,16.9,extreme_heat,1
varanasi_ghats,2025-01-14,10897,1,0,0,,10.9,rainy,1
hampi_ruins,2025-01-14,7413,1,0,0,,16.6,sunny,1
manali,2025-01-14,17864,1,0,0,,0.4,sunny,1
mysore_palace,2025-01-14,13585,1,0,0,,15.6,cloudy,1
kempty_falls,2025-01-14,6534,1,0,0,,8.7,sunny,1
robbers_cave,2025-01-14,2462,1,0,0,,13.3,sunny,1
taj_mahal,2025-01-15,22410,2,0,0,,15.9,cloudy,1
jaipur_city_palace,2025-01-15,12827,2,0,0,,12.7,cloudy,1
goa_baga_beach,2025-01-15,10744,2,0,0,,27.7,rainy,1
kerala_backwaters,2025-01-15,8628,2,0,0,,13.4,sunny,1
varanasi_ghats,2025-01-15,20137,2,0,0,,11.5,sunny,1
hampi_ruins,2025-01-15,6988,2,0,0,,14.4,cloudy,1
manali,2025-01-15,15517,2,0,0,,1.0,sunny,1
mysore_palace,2025-01-15,14847,2,0,0,,15.4,sunny,1
kempty_falls,2025-01-15,5472,2,0,0,,14.1,sunny,1
robbers_cave,2025-01-15,2655,2,0,0,,12.0,sunny,1
taj_mahal,2025-01-16,22627,3,0,0,,14.6,sunny,1
jaipur_city_palace,2025-01-16,15568,3,0,0,,11.3,sunny,1
goa_baga_beach,2025-01-16,11949,3,0,0,,28.6,rainy,1
kerala_backwaters,2025-01-16,9848,3,0,0,,15.1,sunny,1
varanasi_ghats,2025-01-16,18206,3,0,0,,17.8,cloudy,1
hampi_ruins,2025-01-16,7589,3,0,0,,11.7,cloudy,1
manali,2025-01-16,13798,3,0,0,,1.0,sunny,1
mysore_palace,2025-01-16,12032,3,0,0,,12.8,cloudy,1
kempty_falls,2025-01-16,6182,3,0,0,,14.2,sunny,1
robbers_cave,2025-01-16,2592,3,0,0,,11.7,sunny,1
taj_mahal,2025-01-17,14690,4,0,0,,11.6,extreme_heat,1
jaipur_city_palace,2025-01-17,14684,4,0,0,,11.4,sunny,1
goa_baga_beach,2025-01-17,19269,4,0,0,,23.6,cloudy,1
kerala_backwaters,2025-01-17,9389,4,0,0,,12.5,sunny,1
varanasi_ghats,2025-01-17,18275,4,0,0,,15.0,sunny,1
hampi_ruins,2025-01-17,7854,4,0,0,,11.3,cloudy,1
manali,2025-01-17,15816,4,0,0,,0.4,sunny,1
mysore_palace,2025-01-17,9230,4,0,0,,14.3,extreme_heat,1
kempty_falls,2025-01-17,6347,4,0,0,,12.2,sunny,1
robbers_cave,2025-01-17,2374,4,0,0,,14.9,cloudy,1
taj_mahal,2025-01-18,36955,5,1,0,,14.4,sunny,1
jaipur_city_palace,2025-01-18,23519,5,1,0,,13.8,sunny,1
goa_baga_beach,2025-01-18,25943,5,1,0,,27.8,sunny,1
kerala_backwaters,2025-01-18,13086,5,1,0,,16.1,sunny,1
varanasi_ghats,2025-01-18,24609,5,1,0,,14.7,sunny,1
hampi_ruins,2025-01-18,6212,5,1,0,,11.7,rainy,1
manali,2025-01-18,24200,5,1,0,,0.3,sunny,1
mysore_palace,2025-01-18,23334,5,1,0,,15.1,sunny,1
kempty_falls,2025-01-18,9819,5,1,0,,11.3,sunny,1
robbers_cave,2025-01-18,3689,5,1,0,,12.2,cloudy,1
taj_mahal,2025-01-19,24387,6,1,0,,15.4,rainy,1
jaipur_city_palace,2025-01-19,24274,6,1,0,,13.2,sunny,1
goa_baga_beach,2025-01-19,30139,6,1,0,,30.5,sunny,1
kerala_backwaters,2025-01-19,16853,6,1,0,,15.6,sunny,1
varanasi_ghats,2025-01-19,31567,6,1,0,,9.4,sunny,1
hampi_ruins,2025-01-19,8364,6,1,0,,11.5,rainy,1
manali,2025-01-19,23929,6,1,0,,0.5,cloudy,1
mysore_palace,2025-01-19,20911,6,1,0,,18.2,sunny,1
kempty_falls,2025-01-19,9953,6,1,0,,12.0,sunny,1
robbers_cave,2025-01-19,4552,6,1,0,,12.7,sunny,1
taj_mahal,2025-01-20,24781,0,0,0,,12.2,sunny,1
jaipur_city_palace,2025-01-20,9074,0,0,0,,14.0,extreme_heat,1
goa_baga_beach,2025-01-20,10274,0,0,0,,25.8,rainy,1
kerala_backwaters,2025-01-20,9222,0,0,0,,11.8,cloudy,1
varanasi_ghats,2025-01-20,17404,0,0,0,,17.4,sunny,1
hampi_ruins,2025-01-20,7802,0,0,0,,15.0,sunny,1
manali,2025-01-20,19005,0,0,0,,2.6,cloudy,1
mysore_palace,2025-01-20,13557,0,0,0,,15.8,cloudy,1
kempty_falls,2025-01-20,5327,0,0,0,,12.4,cloudy,1
robbers_cave,2025-01-20,2915,0,0,0,,11.8,sunny,1
taj_mahal,2025-01-21,23358,1,0,0,,15.0,sunny,1
jaipur_city_palace,2025-01-21,11272,1,0,0,,14.3,extreme_heat,1
goa_baga_beach,2025-01-21,17787,1,0,0,,30.0,cloudy,1
kerala_backwaters,2025-01-21,10141,1,0,0,,17.2,sunny,1
varanasi_ghats,2025-01-21,15658,1,0,0,,15.0,cloudy,1
hampi_ruins,2025-01-21,8674,1,0,0,,14.8,sunny,1
manali,2025-01-21,12135,1,0,0,,3.6,extreme_heat,1
mysore_palace,2025-01-21,12615,1,0,0,,14.6,cloudy,1
kempty_falls,2025-01-21,6329,1,0,0,,14.4,sunny,1
robbers_cave,2025-01-21,2651,1,0,0,,12.2,cloudy,1
taj_mahal,2025-01-22,20836,2,0,0,,16.6,cloudy,1
jaipur_city_palace,2025-01-22,15611,2,0,0,,15.6,cloudy,1
goa_baga_beach,2025-01-22,19469,2,0,0,,30.2,sunny,1
kerala_backwaters,2025-01-22,9867,2,0,0,,13.0,cloudy,1
varanasi_ghats,2025-01-22,17536,2,0,0,,12.9,cloudy,1
hampi_ruins,2025-01-22,7238,2,0,0,,12.2,cloudy,1
manali,2025-01-22,10127,2,0,0,,-0.2,rainy,1
mysore_palace,2025-01-22,10726,2,0,0,,17.6,extreme_heat,1
kempty_falls,2025-01-22,6143,2,0,0,,16.4,cloudy,1
robbers_cave,2025-01-22,2540,2,0,0,,15.1,sunny,1
taj_mahal,2025-01-23,22306,3,0,0,,15.5,sunny,1
jaipur_city_palace,2025-01-23,13617,3,0,0,,13.4,cloudy,1
goa_baga_beach,2025-01-23,18218,3,0,0,,25.4,sunny,1
kerala_backwaters,2025-01-23,11110,3,0,0,,14.0,sunny,1
varanasi_ghats,2025-01-23,15975,3,0,0,,15.7,sunny,1
hampi_ruins,2025-01-23,5372,3,0,0,,13.3,extreme_heat,1
manali,2025-01-23,12162,3,0,0,,2.2,extreme_heat,1
mysore_palace,2025-01-23,12766,3,0,0,,13.9,sunny,1
kempty_falls,2025-01-23,6082,3,0,0,,19.1,cloudy,1
robbers_cave,2025-01-23,2702,3,0,0,,15.1,sunny,1
taj_mahal,2025-01-24,23476,4,0,0,,14.0,sunny,1
jaipur_city_palace,2025-01-24,16079,4,0,0,,10.7,sunny,1
goa_baga_beach,2025-01-24,16817,4,0,0,,29.3,cloudy,1
kerala_backwaters,2025-01-24,7477,4,0,0,,16.8,extreme_heat,1
varanasi_ghats,2025-01-24,19103,4,0,0,,16.1,sunny,1
hampi_ruins,2025-01-24,7754,4,0,0,,15.0,cloudy,1
manali,2025-01-24,12504,4,0,0,,-0.2,sunny,1
mysore_palace,2025-01-24,13972,4,0,0,,16.0,sunny,1
kempty_falls,2025-01-24,5664,4,0,0,,14.0,cloudy,1
robbers_cave,2025-01-24,2462,4,0,0,,12.8,cloudy,1
taj_mahal,2025-01-25,34028,5,1,0,,11.8,cloudy,1
jaipur_city_palace,2025-01-25,26048,5,1,0,,11.4,sunny,1
goa_baga_beach,2025-01-25,27160,5,1,0,,26.0,cloudy,1
kerala_backwaters,2025-01-25,14598,5,1,0,,16.2,sunny,1
varanasi_ghats,2025-01-25,26266,5,1,0,,14.1,sunny,1
hampi_ruins,2025-01-25,12307,5,1,0,,11.4,sunny,1
manali,2025-01-25,20508,5,1,0,,-0.1,sunny,1
mysore_palace,2025-01-25,18691,5,1,0,,11.7,cloudy,1
kempty_falls,2025-01-25,9105,5,1,0,,13.3,cloudy,1
robbers_cave,2025-01-25,2806,5,1,0,,16.3,extreme_heat,1
taj_mahal,2025-01-26,37245,6,1,1,Republic Day,10.3,rainy,1
jaipur_city_palace,2025-01-26,24687,6,1,1,Republic Day,14.8,extreme_heat,1
goa_baga_beach,2025-01-26,38500,6,1,1,Republic Day,22.3,cloudy,1
kerala_backwaters,2025-01-26,19800,6,1,1,Republic Day,14.1,sunny,1
varanasi_ghats,2025-01-26,33000,6,1,1,Republic Day,13.3,cloudy,1
hampi_ruins,2025-01-26,16500,6,1,1,Republic Day,13.2,cloudy,1
manali,2025-01-26,24200,6,1,1,Republic Day,2.5,cloudy,1
mysore_palace,2025-01-26,20638,6,1,1,Republic Day,14.4,rainy,1
kempty_falls,2025-01-26,11000,6,1,1,Republic Day,12.5,sunny,1
robbers_cave,2025-01-26,5500,6,1,1,Republic Day,11.3,sunny,1
taj_mahal,2025-01-27,22120,0,0,0,,13.4,sunny,1
jaipur_city_palace,2025-01-27,11252,0,0,0,,13.5,rainy,1
goa_baga_beach,2025-01-27,12960,0,0,0,,30.8,extreme_heat,1
kerala_backwaters,2025-01-27,9612,0,0,0,,13.7,cloudy,1
varanasi_ghats,2025-01-27,18962,0,0,0,,14.3,sunny,1
hampi_ruins,2025-01-27,6452,0,0,0,,14.4,cloudy,1
manali,2025-01-27,15618,0,0,0,,2.1,sunny,1
mysore_palace,2025-01-27,15944,0,0,0,,12.9,sunny,1
kempty_falls,2025-01-27,6625,0,0,0,,15.1,sunny,1
robbers_cave,2025-01-27,2542,0,0,0,,16.3,sunny,1
taj_mahal,2025-01-28,22673,1,0,0,,12.4,sunny,1
jaipur_city_palace,2025-01-28,14399,1,0,0,,14.4,sunny,1
goa_baga_beach,2025-01-28,19938,1,0,0,,31.2,sunny,1
kerala_backwaters,2025-01-28,9410,1,0,0,,15.0,sunny,1
varanasi_ghats,2025-01-28,16266,1,0,0,,12.7,cloudy,1
hampi_ruins,2025-01-28,5828,1,0,0,,13.8,rainy,1
manali,2025-01-28,10187,1,0,0,,2.1,rainy,1
mysore_palace,2025-01-28,7628,1,0,0,,12.7,rainy,1
kempty_falls,2025-01-28,6096,1,0,0,,14.6,sunny,1
robbers_cave,2025-01-28,2708,1,0,0,,12.7,sunny,1
taj_mahal,2025-01-29,15761,2,0,0,,8.9,extreme_heat,1
jaipur_city_palace,2025-01-29,10081,2,0,0,,11.3,extreme_heat,1
goa_baga_beach,2025-01-29,18777,2,0,0,,27.5,sunny,1
kerala_backwaters,2025-01-29,7477,2,0,0,,16.6,extreme_heat,1
varanasi_ghats,2025-01-29,17991,2,0,0,,16.2,sunny,1
hampi_ruins,2025-01-29,7647,2,0,0,,17.1,sunny,1
manali,2025-01-29,15925,2,0,0,,2.7,cloudy,1
mysore_palace,2025-01-29,14074,2,0,0,,10.9,sunny,1
kempty_falls,2025-01-29,6051,2,0,0,,11.8,cloudy,1
robbers_cave,2025-01-29,2894,2,0,0,,14.4,sunny,1
taj_mahal,2025-01-30,20509,3,0,0,,13.8,sunny,1
jaipur_city_palace,2025-01-30,16294,3,0,0,,13.6,sunny,1
goa_baga_beach,2025-01-30,17405,3,0,0,,26.4,sunny,1
kerala_backwaters,2025-01-30,9470,3,0,0,,12.7,cloudy,1
varanasi_ghats,2025-01-30,16637,3,0,0,,15.3,cloudy,1
hampi_ruins,2025-01-30,7190,3,0,0,,13.6,sunny,1
manali,2025-01-30,14145,3,0,0,,0.8,cloudy,1
mysore_palace,2025-01-30,13921,3,0,0,,15.1,sunny,1
kempty_falls,2025-01-30,5197,3,0,0,,16.5,cloudy,1
robbers_cave,2025-01-30,2600,3,0,0,,15.3,sunny,1
taj_mahal,2025-01-31,17734,4,0,0,,14.7,extreme_heat,1
jaipur_city_palace,2025-01-31,13691,4,0,0,,15.0,cloudy,1
goa_baga_beach,2025-01-31,18170,4,0,0,,24.6,sunny,1
kerala_backwaters,2025-01-31,11110,4,0,0,,11.3,sunny,1
varanasi_ghats,2025-01-31,18254,4,0,0,,13.9,sunny,1
hampi_ruins,2025-01-31,7165,4,0,0,,14.0,sunny,1
manali,2025-01-31,15573,4,0,0,,1.4,cloudy,1
mysore_palace,2025-01-31,14598,4,0,0,,14.4,sunny,1
kempty_falls,2025-01-31,6105,4,0,0,,14.0,sunny,1
robbers_cave,2025-01-31,2742,4,0,0,,14.6,sunny,1
taj_mahal,2025-02-01,38179,5,1,0,,17.9,sunny,2
jaipur_city_palace,2025-02-01,21821,5,1,0,,15.7,sunny,2
goa_baga_beach,2025-02-01,29826,5,1,0,,28.6,cloudy,2
kerala_backwaters,2025-02-01,15803,5,1,0,,17.4,cloudy,2
varanasi_ghats,2025-02-01,28241,5,1,0,,17.0,sunny,2
hampi_ruins,2025-02-01,11372,5,1,0,,18.9,cloudy,2
manali,2025-02-01,13382,5,1,0,,3.8,sunny,2
mysore_palace,2025-02-01,18521,5,1,0,,14.8,sunny,2
kempty_falls,2025-02-01,6821,5,1,0,,17.4,cloudy,2
robbers_cave,2025-02-01,3164,5,1,0,,20.1,extreme_heat,2
taj_mahal,2025-02-02,31634,6,1,0,,19.9,cloudy,2
jaipur_city_palace,2025-02-02,22923,6,1,0,,15.1,sunny,2
goa_baga_beach,2025-02-02,18366,6,1,0,,31.4,rainy,2
kerala_backwaters,2025-02-02,16251,6,1,0,,18.5,sunny,2
varanasi_ghats,2025-02-02,27260,6,1,0,,20.0,cloudy,2
hampi_ruins,2025-02-02,8165,6,1,0,,18.4,rainy,2
manali,2025-02-02,15203,6,1,0,,4.3,sunny,2
mysore_palace,2025-02-02,21807,6,1,0,,17.6,sunny,2
kempty_falls,2025-02-02,4887,6,1,0,,18.5,rainy,2
robbers_cave,2025-02-02,4799,6,1,0,,17.2,cloudy,2
taj_mahal,2025-02-03,18893,0,0,0,,19.7,cloudy,2
jaipur_city_palace,2025-02-03,15170,0,0,0,,15.2,sunny,2
goa_baga_beach,2025-02-03,19609,0,0,0,,28.6,cloudy,2
kerala_backwaters,2025-02-03,10955,0,0,0,,22.3,sunny,2
varanasi_ghats,2025-02-03,16855,0,0,0,,18.5,cloudy,2
hampi_ruins,2025-02-03,7285,0,0,0,,22.2,sunny,2
manali,2025-02-03,8390,0,0,0,,6.2,sunny,2
mysore_palace,2025-02-03,13937,0,0,0,,17.5,sunny,2
kempty_falls,2025-02-03,3180,0,0,0,,20.2,rainy,2
robbers_cave,2025-02-03,2630,0,0,0,,18.2,cloudy,2
taj_mahal,2025-02-04,22068,1,0,0,,17.8,sunny,2
jaipur_city_palace,2025-02-04,14069,1,0,0,,14.4,cloudy,2
goa_baga_beach,2025-02-04,15775,1,0,0,,25.8,sunny,2
kerala_backwaters,2025-02-04,10158,1,0,0,,17.3,sunny,2
varanasi_ghats,2025-02-04,15707,1,0,0,,17.2,cloudy,2
hampi_ruins,2025-02-04,6665,1,0,0,,18.0,cloudy,2
manali,2025-02-04,8436,1,0,0,,4.5,cloudy,2
mysore_palace,2025-02-04,13555,1,0,0,,22.8,sunny,2
kempty_falls,2025-02-04,4150,1,0,0,,17.4,sunny,2
robbers_cave,2025-02-04,2577,1,0,0,,19.4,sunny,2
taj_mahal,2025-02-05,19503,2,0,0,,16.9,sunny,2
jaipur_city_palace,2025-02-05,14590,2,0,0,,17.1,cloudy,2
goa_baga_beach,2025-02-05,18708,2,0,0,,32.1,cloudy,2
kerala_backwaters,2025-02-05,10131,2,0,0,,21.8,sunny,2
varanasi_ghats,2025-02-05,16761,2,0,0,,18.0,cloudy,2
hampi_ruins,2025-02-05,7066,2,0,0,,16.7,sunny,2
manali,2025-02-05,6205,2,0,0,,5.1,extreme_heat,2
mysore_palace,2025-02-05,9828,2,0,0,,19.1,extreme_heat,2
kempty_falls,2025-02-05,4556,2,0,0,,17.1,sunny,2
robbers_cave,2025-02-05,1938,2,0,0,,16.8,rainy,2
taj_mahal,2025-02-06,22126,3,0,0,,17.3,cloudy,2
jaipur_city_palace,2025-02-06,15144,3,0,0,,19.3,sunny,2
goa_baga_beach,2025-02-06,19409,3,0,0,,29.3,sunny,2
kerala_backwaters,2025-02-06,9619,3,0,0,,18.8,cloudy,2
varanasi_ghats,2025-02-06,17769,3,0,0,,16.4,cloudy,2
hampi_ruins,2025-02-06,8115,3,0,0,,14.4,sunny,2
manali,2025-02-06,9072,3,0,0,,7.0,sunny,2
mysore_palace,2025-02-06,14199,3,0,0,,17.2,sunny,2
kempty_falls,2025-02-06,4392,3,0,0,,15.4,sunny,2
robbers_cave,2025-02-06,2727,3,0,0,,17.7,cloudy,2
taj_mahal,2025-02-07,22033,4,0,0,,17.2,cloudy,2
jaipur_city_palace,2025-02-07,13991,4,0,0,,17.7,sunny,2
goa_baga_beach,2025-02-07,18991,4,0,0,,26.2,sunny,2
kerala_backwaters,2025-02-07,10227,4,0,0,,15.5,sunny,2
varanasi_ghats,2025-02-07,19002,4,0,0,,16.5,sunny,2
hampi_ruins,2025-02-07,7577,4,0,0,,16.7,sunny,2
manali,2025-02-07,6734,4,0,0,,4.6,cloudy,2
mysore_palace,2025-02-07,14264,4,0,0,,15.7,sunny,2
kempty_falls,2025-02-07,2662,4,0,0,,14.4,rainy,2
robbers_cave,2025-02-07,2861,4,0,0,,18.5,sunny,2
taj_mahal,2025-02-08,34544,5,1,0,,20.1,cloudy,2
jaipur_city_palace,2025-02-08,23659,5,1,0,,17.3,sunny,2
goa_baga_beach,2025-02-08,28875,5,1,0,,26.6,cloudy,2
kerala_backwaters,2025-02-08,15937,5,1,0,,19.5,sunny,2
varanasi_ghats,2025-02-08,26028,5,1,0,,13.8,sunny,2
hampi_ruins,2025-02-08,11573,5,1,0,,20.5,sunny,2
manali,2025-02-08,13150,5,1,0,,2.9,cloudy,2
mysore_palace,2025-02-08,19660,5,1,0,,18.7,cloudy,2
kempty_falls,2025-02-08,6920,5,1,0,,17.6,cloudy,2
robbers_cave,2025-02-08,4085,5,1,0,,18.3,sunny,2
taj_mahal,2025-02-09,26453,6,1,0,,23.2,cloudy,2
jaipur_city_palace,2025-02-09,15603,6,1,0,,18.1,rainy,2
goa_baga_beach,2025-02-09,31795,6,1,0,,28.1,sunny,2
kerala_backwaters,2025-02-09,10509,6,1,0,,15.7,rainy,2
varanasi_ghats,2025-02-09,23662,6,1,0,,16.1,cloudy,2
hampi_ruins,2025-02-09,9988,6,1,0,,16.9,extreme_heat,2
manali,2025-02-09,9678,6,1,0,,2.6,extreme_heat,2
mysore_palace,2025-02-09,26397,6,1,0,,18.9,sunny,2
kempty_falls,2025-02-09,4376,6,1,0,,20.8,rainy,2
robbers_cave,2025-02-09,4121,6,1,0,,21.2,sunny,2
taj_mahal,2025-02-10,21836,0,0,0,,17.2,sunny,2
jaipur_city_palace,2025-02-10,14651,0,0,0,,17.5,sunny,2
goa_baga_beach,2025-02-10,12491,0,0,0,,26.5,rainy,2
kerala_backwaters,2025-02-10,9218,0,0,0,,18.1,cloudy,2
varanasi_ghats,2025-02-10,16539,0,0,0,,18.8,sunny,2
hampi_ruins,2025-02-10,7091,0,0,0,,18.2,sunny,2
manali,2025-02-10,7653,0,0,0,,4.0,cloudy,2
mysore_palace,2025-02-10,13752,0,0,0,,18.3,cloudy,2
kempty_falls,2025-02-10,4997,0,0,0,,15.6,sunny,2
robbers_cave,2025-02-10,2323,0,0,0,,22.2,cloudy,2
taj_mahal,2025-02-11,22035,1,0,0,,18.9,cloudy,2
jaipur_city_palace,2025-02-11,13968,1,0,0,,16.5,cloudy,2
goa_baga_beach,2025-02-11,18534,1,0,0,,30.4,cloudy,2
kerala_backwaters,2025-02-11,9982,1,0,0,,18.4,cloudy,2
varanasi_ghats,2025-02-11,19095,1,0,0,,17.5,cloudy,2
hampi_ruins,2025-02-11,7622,1,0,0,,18.3,sunny,2
manali,2025-02-11,9150,1,0,0,,3.6,sunny,2
mysore_palace,2025-02-11,12983,1,0,0,,17.0,sunny,2
kempty_falls,2025-02-11,4203,1,0,0,,18.2,cloudy,2
robbers_cave,2025-02-11,2726,1,0,0,,14.0,sunny,2
taj_mahal,2025-02-12,20143,2,0,0,,16.0,sunny,2
jaipur_city_palace,2025-02-12,12376,2,0,0,,20.1,sunny,2
goa_baga_beach,2025-02-12,18058,2,0,0,,29.4,sunny,2
kerala_backwaters,2025-02-12,9204,2,0,0,,16.5,cloudy,2
varanasi_ghats,2025-02-12,17295,2,0,0,,14.3,sunny,2
hampi_ruins,2025-02-12,7625,2,0,0,,16.5,cloudy,2
manali,2025-02-12,8580,2,0,0,,1.4,sunny,2
mysore_palace,2025-02-12,12514,2,0,0,,16.9,cloudy,2
kempty_falls,2025-02-12,4692,2,0,0,,18.0,sunny,2
robbers_cave,2025-02-12,2892,2,0,0,,16.4,sunny,2
taj_mahal,2025-02-13,20955,3,0,0,,14.7,sunny,2
jaipur_city_palace,2025-02-13,13737,3,0,0,,15.9,cloudy,2
goa_baga_beach,2025-02-13,20291,3,0,0,,26.6,sunny,2
kerala_backwaters,2025-02-13,10559,3,0,0,,14.1,sunny,2
varanasi_ghats,2025-02-13,17584,3,0,0,,17.4,cloudy,2
hampi_ruins,2025-02-13,7464,3,0,0,,18.6,cloudy,2
manali,2025-02-13,6048,3,0,0,,1.4,rainy,2
mysore_palace,2025-02-13,10625,3,0,0,,16.4,rainy,2
kempty_falls,2025-02-13,4345,3,0,0,,17.6,sunny,2
robbers_cave,2025-02-13,2700,3,0,0,,18.2,sunny,2
taj_mahal,2025-02-14,19423,4,0,0,,18.1,sunny,2
jaipur_city_palace,2025-02-14,10379,4,0,0,,17.4,extreme_heat,2
goa_baga_beach,2025-02-14,17490,4,0,0,,28.7,sunny,2
kerala_backwaters,2025-02-14,9282,4,0,0,,14.3,sunny,2
varanasi_ghats,2025-02-14,16115,4,0,0,,18.2,cloudy,2
hampi_ruins,2025-02-14,7240,4,0,0,,17.1,sunny,2
manali,2025-02-14,9769,4,0,0,,1.9,sunny,2
mysore_palace,2025-02-14,13037,4,0,0,,18.3,cloudy,2
kempty_falls,2025-02-14,4356,4,0,0,,13.9,sunny,2
robbers_cave,2025-02-14,2611,4,0,0,,16.1,sunny,2
taj_mahal,2025-02-15,22046,5,1,0,,20.0,extreme_heat,2
jaipur_city_palace,2025-02-15,24149,5,1,0,,17.0,sunny,2
goa_baga_beach,2025-02-15,28088,5,1,0,,29.3,cloudy,2
kerala_backwaters,2025-02-15,14362,5,1,0,,16.8,cloudy,2
varanasi_ghats,2025-02-15,29068,5,1,0,,16.3,sunny,2
hampi_ruins,2025-02-15,10773,5,1,0,,17.1,sunny,2
manali,2025-02-15,12556,5,1,0,,2.5,sunny,2
mysore_palace,2025-02-15,19337,5,1,0,,19.6,sunny,2
kempty_falls,2025-02-15,4510,5,1,0,,17.9,rainy,2
robbers_cave,2025-02-15,4223,5,1,0,,21.8,sunny,2
taj_mahal,2025-02-16,34254,6,1,0,,18.0,cloudy,2
jaipur_city_palace,2025-02-16,23797,6,1,0,,16.3,sunny,2
goa_baga_beach,2025-02-16,29157,6,1,0,,27.2,cloudy,2
kerala_backwaters,2025-02-16,13855,6,1,0,,17.5,sunny,2
varanasi_ghats,2025-02-16,28901,6,1,0,,20.5,sunny,2
hampi_ruins,2025-02-16,13460,6,1,0,,16.8,sunny,2
manali,2025-02-16,14145,6,1,0,,7.7,cloudy,2
mysore_palace,2025-02-16,18555,6,1,0,,18.1,sunny,2
kempty_falls,2025-02-16,5884,6,1,0,,18.8,sunny,2
robbers_cave,2025-02-16,4122,6,1,0,,17.3,sunny,2
taj_mahal,2025-02-17,21524,0,0,0,,19.6,cloudy,2
jaipur_city_palace,2025-02-17,14254,0,0,0,,18.2,sunny,2
goa_baga_beach,2025-02-17,19455,0,0,0,,30.8,sunny,2
kerala_backwaters,2025-02-17,6326,0,0,0,,18.3,rainy,2
varanasi_ghats,2025-02-17,19029,0,0,0,,21.2,cloudy,2
hampi_ruins,2025-02-17,7322,0,0,0,,15.6,sunny,2
manali,2025-02-17,8809,0,0,0,,4.3,cloudy,2
mysore_palace,2025-02-17,12948,0,0,0,,20.4,sunny,2
kempty_falls,2025-02-17,4211,0,0,0,,18.0,cloudy,2
robbers_cave,2025-02-17,1704,0,0,0,,16.1,rainy,2
taj_mahal,2025-02-18,23857,1,0,0,,20.9,sunny,2
jaipur_city_palace,2025-02-18,14786,1,0,0,,19.1,cloudy,2
goa_baga_beach,2025-02-18,20263,1,0,0,,32.9,sunny,2
kerala_backwaters,2025-02-18,9719,1,0,0,,19.4,cloudy,2
varanasi_ghats,2025-02-18,11012,1,0,0,,19.1,extreme_heat,2
hampi_ruins,2025-02-18,7323,1,0,0,,18.5,sunny,2
manali,2025-02-18,7996,1,0,0,,6.6,sunny,2
mysore_palace,2025-02-18,11722,1,0,0,,19.6,sunny,2
kempty_falls,2025-02-18,4670,1,0,0,,19.8,sunny,2
robbers_cave,2025-02-18,2444,1,0,0,,17.1,sunny,2
taj_mahal,2025-02-19,23237,2,0,0,,17.5,sunny,2
jaipur_city_palace,2025-02-19,9950,2,0,0,,17.1,rainy,2
goa_baga_beach,2025-02-19,18380,2,0,0,,29.8,sunny,2
kerala_backwaters,2025-02-19,7715,2,0,0,,18.4,cloudy,2
varanasi_ghats,2025-02-19,18436,2,0,0,,19.3,sunny,2
hampi_ruins,2025-02-19,6555,2,0,0,,15.4,cloudy,2
manali,2025-02-19,5832,2,0,0,,5.5,extreme_heat,2
mysore_palace,2025-02-19,12189,2,0,0,,19.1,cloudy,2
kempty_falls,2025-02-19,4760,2,0,0,,19.8,sunny,2
robbers_cave,2025-02-19,1726,2,0,0,,19.7,rainy,2
taj_mahal,2025-02-20,21722,3,0,0,,16.7,sunny,2
jaipur_city_palace,2025-02-20,16553,3,0,0,,17.1,sunny,2
goa_baga_beach,2025-02-20,17833,3,0,0,,29.8,sunny,2
kerala_backwaters,2025-02-20,9458,3,0,0,,14.3,sunny,2
varanasi_ghats,2025-02-20,16371,3,0,0,,17.5,sunny,2
hampi_ruins,2025-02-20,7321,3,0,0,,15.0,sunny,2
manali,2025-02-20,9487,3,0,0,,4.2,sunny,2
mysore_palace,2025-02-20,13984,3,0,0,,14.8,sunny,2
kempty_falls,2025-02-20,4345,3,0,0,,17.8,cloudy,2
robbers_cave,2025-02-20,2956,3,0,0,,16.6,sunny,2
taj_mahal,2025-02-21,21440,4,0,0,,16.6,cloudy,2
jaipur_city_palace,2025-02-21,14703,4,0,0,,15.7,sunny,2
goa_baga_beach,2025-02-21,19170,4,0,0,,31.9,sunny,2
kerala_backwaters,2025-02-21,9648,4,0,0,,13.7,cloudy,2
varanasi_ghats,2025-02-21,17880,4,0,0,,16.7,sunny,2
hampi_ruins,2025-02-21,8284,4,0,0,,15.9,sunny,2
manali,2025-02-21,8872,4,0,0,,3.5,sunny,2
mysore_palace,2025-02-21,14502,4,0,0,,19.7,sunny,2
kempty_falls,2025-02-21,4082,4,0,0,,16.6,cloudy,2
robbers_cave,2025-02-21,2396,4,0,0,,16.9,sunny,2
taj_mahal,2025-02-22,25120,5,1,0,,19.0,extreme_heat,2
jaipur_city_palace,2025-02-22,21316,5,1,0,,15.3,sunny,2
goa_baga_beach,2025-02-22,25466,5,1,0,,29.3,sunny,2
kerala_backwaters,2025-02-22,9686,5,1,0,,16.3,rainy,2
varanasi_ghats,2025-02-22,24392,5,1,0,,22.0,sunny,2
hampi_ruins,2025-02-22,7912,5,1,0,,15.7,extreme_heat,2
manali,2025-02-22,12645,5,1,0,,2.2,sunny,2
mysore_palace,2025-02-22,21706,5,1,0,,18.6,sunny,2
kempty_falls,2025-02-22,6025,5,1,0,,17.8,sunny,2
robbers_cave,2025-02-22,3899,5,1,0,,19.5,sunny,2
taj_mahal,2025-02-23,38805,6,1,0,,20.4,sunny,2
jaipur_city_palace,2025-02-23,22851,6,1,0,,18.6,cloudy,2
goa_baga_beach,2025-02-23,32501,6,1,0,,27.1,sunny,2
kerala_backwaters,2025-02-23,14833,6,1,0,,17.0,sunny,2
varanasi_ghats,2025-02-23,25687,6,1,0,,19.6,sunny,2
hampi_ruins,2025-02-23,10953,6,1,0,,17.6,sunny,2
manali,2025-02-23,16975,6,1,0,,1.9,sunny,2
mysore_palace,2025-02-23,21655,6,1,0,,16.7,cloudy,2
kempty_falls,2025-02-23,6990,6,1,0,,16.8,sunny,2
robbers_cave,2025-02-23,4341,6,1,0,,17.3,sunny,2
taj_mahal,2025-02-24,23426,0,0,0,,19.8,cloudy,2
jaipur_city_palace,2025-02-24,13642,0,0,0,,19.2,cloudy,2
goa_baga_beach,2025-02-24,18496,0,0,0,,28.0,sunny,2
kerala_backwaters,2025-02-24,10506,0,0,0,,18.3,sunny,2
varanasi_ghats,2025-02-24,12144,0,0,0,,16.3,extreme_heat,2
hampi_ruins,2025-02-24,7493,0,0,0,,19.6,cloudy,2
manali,2025-02-24,7850,0,0,0,,3.6,sunny,2
mysore_palace,2025-02-24,9581,0,0,0,,21.2,rainy,2
kempty_falls,2025-02-24,4308,0,0,0,,17.5,sunny,2
robbers_cave,2025-02-24,2659,0,0,0,,17.5,cloudy,2
taj_mahal,2025-02-25,15133,1,0,0,,20.1,rainy,2
jaipur_city_palace,2025-02-25,16423,1,0,0,,21.4,sunny,2
goa_baga_beach,2025-02-25,19174,1,0,0,,29.9,sunny,2
kerala_backwaters,2025-02-25,10413,1,0,0,,19.0,sunny,2
varanasi_ghats,2025-02-25,13486,1,0,0,,19.7,sunny,2
hampi_ruins,2025-02-25,7062,1,0,0,,21.4,sunny,2
manali,2025-02-25,8595,1,0,0,,1.8,sunny,2
mysore_palace,2025-02-25,13725,1,0,0,,16.5,cloudy,2
kempty_falls,2025-02-25,4659,1,0,0,,22.1,cloudy,2
robbers_cave,2025-02-25,2672,1,0,0,,17.2,sunny,2
taj_mahal,2025-02-26,21483,2,0,0,,18.2,sunny,2
jaipur_city_palace,2025-02-26,15617,2,0,0,,17.1,cloudy,2
goa_baga_beach,2025-02-26,18453,2,0,0,,29.1,sunny,2
kerala_backwaters,2025-02-26,6686,2,0,0,,15.1,rainy,2
varanasi_ghats,2025-02-26,18228,2,0,0,,17.5,sunny,2
hampi_ruins,2025-02-26,7407,2,0,0,,18.5,sunny,2
manali,2025-02-26,8804,2,0,0,,4.8,sunny,2
mysore_palace,2025-02-26,13642,2,0,0,,19.1,sunny,2
kempty_falls,2025-02-26,4997,2,0,0,,20.3,sunny,2
robbers_cave,2025-02-26,1669,2,0,0,,18.9,rainy,2
taj_mahal,2025-02-27,25112,3,0,0,,22.2,sunny,2
jaipur_city_palace,2025-02-27,16846,3,0,0,,17.4,sunny,2
goa_baga_beach,2025-02-27,15662,3,0,0,,26.8,sunny,2
kerala_backwaters,2025-02-27,9409,3,0,0,,17.6,cloudy,2
varanasi_ghats,2025-02-27,15609,3,0,0,,23.8,sunny,2
hampi_ruins,2025-02-27,5149,3,0,0,,19.1,extreme_heat,2
manali,2025-02-27,7629,3,0,0,,4.4,cloudy,2
mysore_palace,2025-02-27,13970,3,0,0,,15.9,sunny,2
kempty_falls,2025-02-27,4468,3,0,0,,16.6,sunny,2
robbers_cave,2025-02-27,3051,3,0,0,,19.8,sunny,2
taj_mahal,2025-02-28,20935,4,0,0,,16.6,cloudy,2
jaipur_city_palace,2025-02-28,17451,4,0,0,,19.2,sunny,2
goa_baga_beach,2025-02-28,19036,4,0,0,,25.6,sunny,2
kerala_backwaters,2025-02-28,10772,4,0,0,,19.1,sunny,2
varanasi_ghats,2025-02-28,19262,4,0,0,,16.5,cloudy,2
hampi_ruins,2025-02-28,5455,4,0,0,,16.2,extreme_heat,2
manali,2025-02-28,8839,4,0,0,,3.1,sunny,2
mysore_palace,2025-02-28,12890,4,0,0,,14.1,cloudy,2
kempty_falls,2025-02-28,2874,4,0,0,,15.9,rainy,2
robbers_cave,2025-02-28,2777,4,0,0,,16.7,sunny,2
taj_mahal,2025-03-01,22335,5,1,0,,26.1,rainy,3
jaipur_city_palace,2025-03-01,22157,5,1,0,,25.9,sunny,3
goa_baga_beach,2025-03-01,19877,5,1,0,,32.2,sunny,3
kerala_backwaters,2025-03-01,6986,5,1,0,,27.4,extreme_heat,3
varanasi_ghats,2025-03-01,25465,5,1,0,,25.5,cloudy,3
hampi_ruins,2025-03-01,11080,5,1,0,,25.4,sunny,3
manali,2025-03-01,12407,5,1,0,,12.5,sunny,3
mysore_palace,2025-03-01,19447,5,1,0,,25.7,sunny,3
kempty_falls,2025-03-01,7001,5,1,0,,31.2,sunny,3
robbers_cave,2025-03-01,3986,5,1,0,,25.1,sunny,3
taj_mahal,2025-03-02,31641,6,1,0,,24.8,sunny,3
jaipur_city_palace,2025-03-02,26993,6,1,0,,23.7,sunny,3
goa_baga_beach,2025-03-02,21798,6,1,0,,30.3,sunny,3
kerala_backwaters,2025-03-02,12283,6,1,0,,28.6,sunny,3
varanasi_ghats,2025-03-02,26557,6,1,0,,25.6,sunny,3
hampi_ruins,2025-03-02,7282,6,1,0,,26.0,rainy,3
manali,2025-03-02,14651,6,1,0,,5.4,sunny,3
mysore_palace,2025-03-02,18013,6,1,0,,24.5,cloudy,3
kempty_falls,2025-03-02,7276,6,1,0,,25.3,cloudy,3
robbers_cave,2025-03-02,4062,6,1,0,,25.8,sunny,3
taj_mahal,2025-03-03,16085,0,0,0,,29.2,extreme_heat,3
jaipur_city_palace,2025-03-03,13607,0,0,0,,31.2,sunny,3
goa_baga_beach,2025-03-03,15997,0,0,0,,29.6,sunny,3
kerala_backwaters,2025-03-03,6682,0,0,0,,25.4,sunny,3
varanasi_ghats,2025-03-03,16955,0,0,0,,28.3,sunny,3
hampi_ruins,2025-03-03,8601,0,0,0,,22.2,sunny,3
manali,2025-03-03,10346,0,0,0,,9.4,sunny,3
mysore_palace,2025-03-03,13841,0,0,0,,29.9,sunny,3
kempty_falls,2025-03-03,2775,0,0,0,,24.8,extreme_heat,3
robbers_cave,2025-03-03,2054,0,0,0,,23.0,extreme_heat,3
taj_mahal,2025-03-04,21355,1,0,0,,22.9,sunny,3
jaipur_city_palace,2025-03-04,12564,1,0,0,,29.5,cloudy,3
goa_baga_beach,2025-03-04,8765,1,0,0,,33.6,extreme_heat,3
kerala_backwaters,2025-03-04,4635,1,0,0,,25.3,rainy,3
varanasi_ghats,2025-03-04,15073,1,0,0,,26.2,sunny,3
hampi_ruins,2025-03-04,7062,1,0,0,,24.8,cloudy,3
manali,2025-03-04,8561,1,0,0,,7.3,sunny,3
mysore_palace,2025-03-04,10261,1,0,0,,28.8,extreme_heat,3
kempty_falls,2025-03-04,4025,1,0,0,,26.1,cloudy,3
robbers_cave,2025-03-04,2458,1,0,0,,25.3,cloudy,3
taj_mahal,2025-03-05,25291,2,0,0,,26.7,cloudy,3
jaipur_city_palace,2025-03-05,10742,2,0,0,,26.6,rainy,3
goa_baga_beach,2025-03-05,14334,2,0,0,,30.6,cloudy,3
kerala_backwaters,2025-03-05,6858,2,0,0,,25.0,sunny,3
varanasi_ghats,2025-03-05,19211,2,0,0,,26.0,sunny,3
hampi_ruins,2025-03-05,9062,2,0,0,,27.8,sunny,3
manali,2025-03-05,7981,2,0,0,,7.3,sunny,3
mysore_palace,2025-03-05,13335,2,0,0,,28.9,cloudy,3
kempty_falls,2025-03-05,4217,2,0,0,,24.9,sunny,3
robbers_cave,2025-03-05,2794,2,0,0,,26.9,sunny,3
taj_mahal,2025-03-06,20033,3,0,0,,26.7,sunny,3
jaipur_city_palace,2025-03-06,16063,3,0,0,,22.9,cloudy,3
goa_baga_beach,2025-03-06,8782,3,0,0,,33.7,rainy,3
kerala_backwaters,2025-03-06,6861,3,0,0,,24.4,sunny,3
varanasi_ghats,2025-03-06,16271,3,0,0,,28.7,sunny,3
hampi_ruins,2025-03-06,5050,3,0,0,,25.4,extreme_heat,3
manali,2025-03-06,9281,3,0,0,,8.2,sunny,3
mysore_palace,2025-03-06,9274,3,0,0,,26.5,extreme_heat,3
kempty_falls,2025-03-06,4236,3,0,0,,23.7,cloudy,3
robbers_cave,2025-03-06,2759,3,0,0,,27.6,sunny,3
taj_mahal,2025-03-07,22189,4,0,0,,27.6,sunny,3
jaipur_city_palace,2025-03-07,9000,4,0,0,,29.3,extreme_heat,3
goa_baga_beach,2025-03-07,14247,4,0,0,,32.3,sunny,3
kerala_backwaters,2025-03-07,6890,4,0,0,,24.6,sunny,3
varanasi_ghats,2025-03-07,17325,4,0,0,,26.0,sunny,3
hampi_ruins,2025-03-07,7666,4,0,0,,23.6,sunny,3
manali,2025-03-07,8429,4,0,0,,4.8,cloudy,3
mysore_palace,2025-03-07,13513,4,0,0,,26.3,cloudy,3
kempty_falls,2025-03-07,4872,4,0,0,,28.3,sunny,3
robbers_cave,2025-03-07,2787,4,0,0,,26.2,sunny,3
taj_mahal,2025-03-08,21329,5,1,0,,28.5,rainy,3
jaipur_city_palace,2025-03-08,20236,5,1,0,,24.7,cloudy,3
goa_baga_beach,2025-03-08,17740,5,1,0,,28.9,sunny,3
kerala_backwaters,2025-03-08,12445,5,1,0,,30.0,sunny,3
varanasi_ghats,2025-03-08,23284,5,1,0,,26.8,sunny,3
hampi_ruins,2025-03-08,12753,5,1,0,,26.0,sunny,3
manali,2025-03-08,12466,5,1,0,,8.5,sunny,3
mysore_palace,2025-03-08,23504,5,1,0,,24.3,sunny,3
kempty_falls,2025-03-08,7586,5,1,0,,26.4,sunny,3
robbers_cave,2025-03-08,3990,5,1,0,,24.0,cloudy,3
taj_mahal,2025-03-09,34454,6,1,0,,24.3,sunny,3
jaipur_city_palace,2025-03-09,15979,6,1,0,,28.8,rainy,3
goa_baga_beach,2025-03-09,14139,6,1,0,,30.5,rainy,3
kerala_backwaters,2025-03-09,11983,6,1,0,,24.9,sunny,3
varanasi_ghats,2025-03-09,27998,6,1,0,,25.2,sunny,3
hampi_ruins,2025-03-09,9046,6,1,0,,25.4,extreme_heat,3
manali,2025-03-09,14657,6,1,0,,4.5,sunny,3
mysore_palace,2025-03-09,21065,6,1,0,,27.2,sunny,3
kempty_falls,2025-03-09,6751,6,1,0,,24.2,cloudy,3
robbers_cave,2025-03-09,4333,6,1,0,,27.4,cloudy,3
taj_mahal,2025-03-10,23558,0,0,0,,21.3,cloudy,3
jaipur_city_palace,2025-03-10,14325,0,0,0,,25.7,sunny,3
goa_baga_beach,2025-03-10,14642,0,0,0,,24.9,sunny,3
kerala_backwaters,2025-03-10,5564,0,0,0,,24.8,cloudy,3
varanasi_ghats,2025-03-10,18511,0,0,0,,22.7,sunny,3
hampi_ruins,2025-03-10,7542,0,0,0,,23.4,sunny,3
manali,2025-03-10,6220,0,0,0,,5.6,extreme_heat,3
mysore_palace,2025-03-10,10381,0,0,0,,27.1,extreme_heat,3
kempty_falls,2025-03-10,2862,0,0,0,,22.9,rainy,3
robbers_cave,2025-03-10,2557,0,0,0,,25.8,sunny,3
taj_mahal,2025-03-11,22115,1,0,0,,20.0,cloudy,3
jaipur_city_palace,2025-03-11,13850,1,0,0,,23.0,cloudy,3
goa_baga_beach,2025-03-11,14080,1,0,0,,30.2,sunny,3
kerala_backwaters,2025-03-11,7852,1,0,0,,24.4,sunny,3
varanasi_ghats,2025-03-11,17686,1,0,0,,25.6,cloudy,3
hampi_ruins,2025-03-11,7358,1,0,0,,24.7,cloudy,3
manali,2025-03-11,5496,1,0,0,,4.9,rainy,3
mysore_palace,2025-03-11,10024,1,0,0,,27.7,extreme_heat,3
kempty_falls,2025-03-11,4846,1,0,0,,22.8,sunny,3
robbers_cave,2025-03-11,2200,1,0,0,,23.6,sunny,3
taj_mahal,2025-03-12,16345,2,0,0,,22.9,extreme_heat,3
jaipur_city_palace,2025-03-12,9666,2,0,0,,25.3,extreme_heat,3
goa_baga_beach,2025-03-12,14412,2,0,0,,31.4,cloudy,3
kerala_backwaters,2025-03-12,6400,2,0,0,,25.6,sunny,3
varanasi_ghats,2025-03-12,17114,2,0,0,,25.3,sunny,3
hampi_ruins,2025-03-12,5510,2,0,0,,25.0,rainy,3
manali,2025-03-12,8975,2,0,0,,8.3,cloudy,3
mysore_palace,2025-03-12,13631,2,0,0,,28.2,sunny,3
kempty_falls,2025-03-12,4546,2,0,0,,25.6,cloudy,3
robbers_cave,2025-03-12,2449,2,0,0,,26.3,cloudy,3
taj_mahal,2025-03-13,23909,3,0,0,,27.8,sunny,3
jaipur_city_palace,2025-03-13,14039,3,0,0,,26.3,sunny,3
goa_baga_beach,2025-03-13,11461,3,0,0,,31.4,cloudy,3
kerala_backwaters,2025-03-13,6606,3,0,0,,26.9,cloudy,3
varanasi_ghats,2025-03-13,17757,3,0,0,,26.1,sunny,3
hampi_ruins,2025-03-13,7904,3,0,0,,26.1,sunny,3
manali,2025-03-13,8921,3,0,0,,6.5,sunny,3
mysore_palace,2025-03-13,15132,3,0,0,,23.7,sunny,3
kempty_falls,2025-03-13,4807,3,0,0,,25.2,sunny,3
robbers_cave,2025-03-13,1886,3,0,0,,25.2,rainy,3
taj_mahal,2025-03-14,28788,4,0,1,Holi,26.5,cloudy,3
jaipur_city_palace,2025-03-14,17989,4,0,1,Holi,24.4,rainy,3
goa_baga_beach,2025-03-14,12737,4,0,1,Holi,34.6,rainy,3
kerala_backwaters,2025-03-14,10461,4,0,1,Holi,24.6,sunny,3
varanasi_ghats,2025-03-14,27098,4,0,1,Holi,29.0,sunny,3
hampi_ruins,2025-03-14,8237,4,0,1,Holi,27.5,extreme_heat,3
manali,2025-03-14,13296,4,0,1,Holi,5.8,sunny,3
mysore_palace,2025-03-14,20770,4,0,1,Holi,24.7,cloudy,3
kempty_falls,2025-03-14,6490,4,0,1,Holi,25.6,sunny,3
robbers_cave,2025-03-14,2816,4,0,1,Holi,27.4,extreme_heat,3
taj_mahal,2025-03-15,37156,5,1,0,,24.4,cloudy,3
jaipur_city_palace,2025-03-15,24347,5,1,0,,25.9,sunny,3
goa_baga_beach,2025-03-15,18305,5,1,0,,30.1,cloudy,3
kerala_backwaters,2025-03-15,7805,5,1,0,,28.6,rainy,3
varanasi_ghats,2025-03-15,27952,5,1,0,,23.9,cloudy,3
hampi_ruins,2025-03-15,11096,5,1,0,,26.3,sunny,3
manali,2025-03-15,11272,5,1,0,,8.5,cloudy,3
mysore_palace,2025-03-15,21036,5,1,0,,22.7,cloudy,3
kempty_falls,2025-03-15,7034,5,1,0,,22.8,sunny,3
robbers_cave,2025-03-15,4168,5,1,0,,30.0,sunny,3
taj_mahal,2025-03-16,33435,6,1,0,,28.7,cloudy,3
jaipur_city_palace,2025-03-16,24282,6,1,0,,23.7,sunny,3
goa_baga_beach,2025-03-16,21368,6,1,0,,31.4,sunny,3
kerala_backwaters,2025-03-16,12454,6,1,0,,26.1,cloudy,3
varanasi_ghats,2025-03-16,24286,6,1,0,,26.4,sunny,3
hampi_ruins,2025-03-16,13025,6,1,0,,27.4,sunny,3
manali,2025-03-16,10600,6,1,0,,10.8,extreme_heat,3
mysore_palace,2025-03-16,17656,6,1,0,,28.6,cloudy,3
kempty_falls,2025-03-16,7554,6,1,0,,24.3,sunny,3
robbers_cave,2025-03-16,4245,6,1,0,,26.8,sunny,3
taj_mahal,2025-03-17,22945,0,0,0,,27.6,sunny,3
jaipur_city_palace,2025-03-17,10570,0,0,0,,25.3,extreme_heat,3
goa_baga_beach,2025-03-17,14252,0,0,0,,31.1,sunny,3
kerala_backwaters,2025-03-17,6984,0,0,0,,26.2,sunny,3
varanasi_ghats,2025-03-17,16927,0,0,0,,23.1,cloudy,3
hampi_ruins,2025-03-17,8211,0,0,0,,27.0,cloudy,3
manali,2025-03-17,9706,0,0,0,,9.4,sunny,3
mysore_palace,2025-03-17,14302,0,0,0,,25.4,cloudy,3
kempty_falls,2025-03-17,4065,0,0,0,,23.8,cloudy,3
robbers_cave,2025-03-17,2889,0,0,0,,29.4,cloudy,3
taj_mahal,2025-03-18,24140,1,0,0,,24.5,sunny,3
jaipur_city_palace,2025-03-18,14530,1,0,0,,27.3,sunny,3
goa_baga_beach,2025-03-18,8917,1,0,0,,31.2,extreme_heat,3
kerala_backwaters,2025-03-18,7319,1,0,0,,27.1,sunny,3
varanasi_ghats,2025-03-18,11227,1,0,0,,26.2,rainy,3
hampi_ruins,2025-03-18,8511,1,0,0,,26.3,sunny,3
manali,2025-03-18,8028,1,0,0,,10.0,cloudy,3
mysore_palace,2025-03-18,12103,1,0,0,,24.4,cloudy,3
kempty_falls,2025-03-18,4388,1,0,0,,26.2,sunny,3
robbers_cave,2025-03-18,1678,1,0,0,,24.0,rainy,3
taj_mahal,2025-03-19,22663,2,0,0,,24.6,sunny,3
jaipur_city_palace,2025-03-19,15928,2,0,0,,25.0,sunny,3
goa_baga_beach,2025-03-19,7883,2,0,0,,30.3,rainy,3
kerala_backwaters,2025-03-19,6814,2,0,0,,28.3,cloudy,3
varanasi_ghats,2025-03-19,9937,2,0,0,,24.6,rainy,3
hampi_ruins,2025-03-19,6979,2,0,0,,24.5,sunny,3
manali,2025-03-19,5670,2,0,0,,4.9,rainy,3
mysore_palace,2025-03-19,15005,2,0,0,,25.3,sunny,3
kempty_falls,2025-03-19,3915,2,0,0,,28.5,sunny,3
robbers_cave,2025-03-19,2472,2,0,0,,24.3,cloudy,3
taj_mahal,2025-03-20,17882,3,0,0,,27.7,extreme_heat,3
jaipur_city_palace,2025-03-20,13891,3,0,0,,28.1,cloudy,3
goa_baga_beach,2025-03-20,8312,3,0,0,,30.8,extreme_heat,3
kerala_backwaters,2025-03-20,7001,3,0,0,,28.9,sunny,3
varanasi_ghats,2025-03-20,9780,3,0,0,,28.6,rainy,3
hampi_ruins,2025-03-20,7442,3,0,0,,28.0,sunny,3
manali,2025-03-20,9130,3,0,0,,8.4,cloudy,3
mysore_palace,2025-03-20,9088,3,0,0,,27.2,extreme_heat,3
kempty_falls,2025-03-20,3544,3,0,0,,26.6,extreme_heat,3
robbers_cave,2025-03-20,2415,3,0,0,,23.2,sunny,3
taj_mahal,2025-03-21,21721,4,0,0,,24.5,sunny,3
jaipur_city_palace,2025-03-21,14560,4,0,0,,28.3,sunny,3
goa_baga_beach,2025-03-21,9413,4,0,0,,30.7,rainy,3
kerala_backwaters,2025-03-21,5231,4,0,0,,23.7,extreme_heat,3
varanasi_ghats,2025-03-21,12153,4,0,0,,26.7,rainy,3
hampi_ruins,2025-03-21,5122,4,0,0,,24.2,rainy,3
manali,2025-03-21,8607,4,0,0,,5.7,sunny,3
mysore_palace,2025-03-21,12590,4,0,0,,26.3,sunny,3
kempty_falls,2025-03-21,4373,4,0,0,,23.2,cloudy,3
robbers_cave,2025-03-21,2566,4,0,0,,26.2,sunny,3
taj_mahal,2025-03-22,33307,5,1,0,,26.4,sunny,3
jaipur_city_palace,2025-03-22,22157,5,1,0,,31.1,sunny,3
goa_baga_beach,2025-03-22,20882,5,1,0,,30.0,cloudy,3
kerala_backwaters,2025-03-22,9563,5,1,0,,27.6,sunny,3
varanasi_ghats,2025-03-22,24957,5,1,0,,23.7,cloudy,3
hampi_ruins,2025-03-22,12217,5,1,0,,27.4,sunny,3
manali,2025-03-22,11243,5,1,0,,8.7,sunny,3
mysore_palace,2025-03-22,13502,5,1,0,,23.5,rainy,3
kempty_falls,2025-03-22,4663,5,1,0,,28.2,extreme_heat,3
robbers_cave,2025-03-22,4113,5,1,0,,24.8,cloudy,3
taj_mahal,2025-03-23,24065,6,1,0,,24.9,extreme_heat,3
jaipur_city_palace,2025-03-23,21238,6,1,0,,30.2,cloudy,3
goa_baga_beach,2025-03-23,21358,6,1,0,,31.5,sunny,3
kerala_backwaters,2025-03-23,8507,6,1,0,,27.7,extreme_heat,3
varanasi_ghats,2025-03-23,28245,6,1,0,,26.0,sunny,3
hampi_ruins,2025-03-23,8024,6,1,0,,26.4,rainy,3
manali,2025-03-23,13408,6,1,0,,7.8,cloudy,3
mysore_palace,2025-03-23,22723,6,1,0,,25.4,sunny,3
kempty_falls,2025-03-23,5855,6,1,0,,28.1,cloudy,3
robbers_cave,2025-03-23,4022,6,1,0,,27.3,cloudy,3
taj_mahal,2025-03-24,24613,0,0,0,,23.9,sunny,3
jaipur_city_palace,2025-03-24,12047,0,0,0,,27.9,extreme_heat,3
goa_baga_beach,2025-03-24,11547,0,0,0,,26.9,sunny,3
kerala_backwaters,2025-03-24,4843,0,0,0,,27.3,extreme_heat,3
varanasi_ghats,2025-03-24,15544,0,0,0,,25.6,sunny,3
hampi_ruins,2025-03-24,7871,0,0,0,,23.5,cloudy,3
manali,2025-03-24,5217,0,0,0,,7.9,extreme_heat,3
mysore_palace,2025-03-24,11958,0,0,0,,27.9,cloudy,3
kempty_falls,2025-03-24,4154,0,0,0,,22.6,sunny,3
robbers_cave,2025-03-24,2740,0,0,0,,25.5,sunny,3
taj_mahal,2025-03-25,18608,1,0,0,,25.5,cloudy,3
jaipur_city_palace,2025-03-25,13873,1,0,0,,26.3,sunny,3
goa_baga_beach,2025-03-25,13604,1,0,0,,31.2,sunny,3
kerala_backwaters,2025-03-25,6715,1,0,0,,28.8,sunny,3
varanasi_ghats,2025-03-25,18403,1,0,0,,29.0,sunny,3
hampi_ruins,2025-03-25,8041,1,0,0,,28.5,sunny,3
manali,2025-03-25,10893,1,0,0,,10.1,sunny,3
mysore_palace,2025-03-25,14283,1,0,0,,26.4,sunny,3
kempty_falls,2025-03-25,4697,1,0,0,,24.6,sunny,3
robbers_cave,2025-03-25,2903,1,0,0,,24.8,sunny,3
taj_mahal,2025-03-26,23618,2,0,0,,24.3,sunny,3
jaipur_city_palace,2025-03-26,14406,2,0,0,,25.3,cloudy,3
goa_baga_beach,2025-03-26,13758,2,0,0,,28.9,sunny,3
kerala_backwaters,2025-03-26,5871,2,0,0,,22.0,cloudy,3
varanasi_ghats,2025-03-26,16460,2,0,0,,22.7,cloudy,3
hampi_ruins,2025-03-26,6805,2,0,0,,25.5,cloudy,3
manali,2025-03-26,9113,2,0,0,,8.8,cloudy,3
mysore_palace,2025-03-26,11806,2,0,0,,27.9,sunny,3
kempty_falls,2025-03-26,4009,2,0,0,,24.5,cloudy,3
robbers_cave,2025-03-26,3064,2,0,0,,23.9,cloudy,3
taj_mahal,2025-03-27,13195,3,0,0,,25.0,rainy,3
jaipur_city_palace,2025-03-27,16095,3,0,0,,28.5,sunny,3
goa_baga_beach,2025-03-27,13173,3,0,0,,33.7,sunny,3
kerala_backwaters,2025-03-27,5922,3,0,0,,29.4,sunny,3
varanasi_ghats,2025-03-27,18908,3,0,0,,26.9,sunny,3
hampi_ruins,2025-03-27,7723,3,0,0,,26.8,sunny,3
manali,2025-03-27,9414,3,0,0,,8.4,sunny,3
mysore_palace,2025-03-27,13191,3,0,0,,29.0,cloudy,3
kempty_falls,2025-03-27,4829,3,0,0,,28.3,sunny,3
robbers_cave,2025-03-27,2618,3,0,0,,26.4,cloudy,3
taj_mahal,2025-03-28,21321,4,0,0,,26.0,sunny,3
jaipur_city_palace,2025-03-28,13329,4,0,0,,28.3,sunny,3
goa_baga_beach,2025-03-28,9887,4,0,0,,30.6,extreme_heat,3
kerala_backwaters,2025-03-28,5231,4,0,0,,26.2,rainy,3
varanasi_ghats,2025-03-28,17974,4,0,0,,28.2,sunny,3
hampi_ruins,2025-03-28,7211,4,0,0,,25.9,sunny,3
manali,2025-03-28,7551,4,0,0,,8.3,cloudy,3
mysore_palace,2025-03-28,13591,4,0,0,,26.3,sunny,3
kempty_falls,2025-03-28,3985,4,0,0,,26.7,cloudy,3
robbers_cave,2025-03-28,2521,4,0,0,,25.3,sunny,3
taj_mahal,2025-03-29,35615,5,1,0,,24.8,sunny,3
jaipur_city_palace,2025-03-29,23777,5,1,0,,26.6,cloudy,3
goa_baga_beach,2025-03-29,21121,5,1,0,,32.9,cloudy,3
kerala_backwaters,2025-03-29,11109,5,1,0,,26.7,sunny,3
varanasi_ghats,2025-03-29,17457,5,1,0,,25.9,rainy,3
hampi_ruins,2025-03-29,8273,5,1,0,,25.3,extreme_heat,3
manali,2025-03-29,9113,5,1,0,,7.3,rainy,3
mysore_palace,2025-03-29,21131,5,1,0,,25.3,sunny,3
kempty_falls,2025-03-29,7659,5,1,0,,26.3,sunny,3
robbers_cave,2025-03-29,3649,5,1,0,,24.6,sunny,3
taj_mahal,2025-03-30,33408,6,1,0,,27.5,cloudy,3
jaipur_city_palace,2025-03-30,21923,6,1,0,,25.0,sunny,3
goa_baga_beach,2025-03-30,17169,6,1,0,,26.5,cloudy,3
kerala_backwaters,2025-03-30,11448,6,1,0,,27.7,sunny,3
varanasi_ghats,2025-03-30,20836,6,1,0,,28.6,rainy,3
hampi_ruins,2025-03-30,12102,6,1,0,,25.1,sunny,3
manali,2025-03-30,13902,6,1,0,,11.4,sunny,3
mysore_palace,2025-03-30,22177,6,1,0,,26.7,sunny,3
kempty_falls,2025-03-30,7831,6,1,0,,31.3,sunny,3
robbers_cave,2025-03-30,4202,6,1,0,,27.5,sunny,3
taj_mahal,2025-03-31,36105,0,0,1,Eid ul-Fitr,28.0,sunny,3
jaipur_city_palace,2025-03-31,23975,0,0,1,Eid ul-Fitr,22.7,sunny,3
goa_baga_beach,2025-03-31,20240,0,0,1,Eid ul-Fitr,30.9,sunny,3
kerala_backwaters,2025-03-31,10746,0,0,1,Eid ul-Fitr,24.8,sunny,3
varanasi_ghats,2025-03-31,23962,0,0,1,Eid ul-Fitr,30.4,cloudy,3
hampi_ruins,2025-03-31,11746,0,0,1,Eid ul-Fitr,30.1,sunny,3
manali,2025-03-31,9580,0,0,1,Eid ul-Fitr,9.8,extreme_heat,3
mysore_palace,2025-03-31,22119,0,0,1,Eid ul-Fitr,24.9,sunny,3
kempty_falls,2025-03-31,4920,0,0,1,Eid ul-Fitr,25.8,rainy,3
robbers_cave,2025-03-31,4023,0,0,1,Eid ul-Fitr,26.6,cloudy,3
taj_mahal,2025-04-01,11067,1,0,0,,37.7,cloudy,4
jaipur_city_palace,2025-04-01,5458,1,0,0,,30.2,extreme_heat,4
goa_baga_beach,2025-04-01,10409,1,0,0,,32.8,sunny,4
kerala_backwaters,2025-04-01,5381,1,0,0,,32.9,cloudy,4
varanasi_ghats,2025-04-01,6744,1,0,0,,36.7,extreme_heat,4
hampi_ruins,2025-04-01,3859,1,0,0,,30.2,sunny,4
manali,2025-04-01,5994,1,0,0,,14.3,cloudy,4
mysore_palace,2025-04-01,4523,1,0,0,,34.1,rainy,4
kempty_falls,2025-04-01,2384,1,0,0,,38.0,extreme_heat,4
robbers_cave,2025-04-01,2114,1,0,0,,33.2,cloudy,4
taj_mahal,2025-04-02,9254,2,0,0,,37.3,extreme_heat,4
jaipur_city_palace,2025-04-02,7638,2,0,0,,35.1,cloudy,4
goa_baga_beach,2025-04-02,7629,2,0,0,,32.6,extreme_heat,4
kerala_backwaters,2025-04-02,3748,2,0,0,,37.1,extreme_heat,4
varanasi_ghats,2025-04-02,6406,2,0,0,,29.1,extreme_heat,4
hampi_ruins,2025-04-02,2538,2,0,0,,31.8,extreme_heat,4
manali,2025-04-02,5180,2,0,0,,11.0,extreme_heat,4
mysore_palace,2025-04-02,5279,2,0,0,,32.8,extreme_heat,4
kempty_falls,2025-04-02,2356,2,0,0,,35.8,extreme_heat,4
robbers_cave,2025-04-02,1921,2,0,0,,30.6,cloudy,4
taj_mahal,2025-04-03,9281,3,0,0,,34.6,extreme_heat,4
jaipur_city_palace,2025-04-03,7413,3,0,0,,34.0,cloudy,4
goa_baga_beach,2025-04-03,10426,3,0,0,,36.9,cloudy,4
kerala_backwaters,2025-04-03,3574,3,0,0,,31.9,extreme_heat,4
varanasi_ghats,2025-04-03,9080,3,0,0,,34.4,sunny,4
hampi_ruins,2025-04-03,2794,3,0,0,,33.3,extreme_heat,4
manali,2025-04-03,4856,3,0,0,,14.2,extreme_heat,4
mysore_palace,2025-04-03,7111,3,0,0,,36.8,sunny,4
kempty_falls,2025-04-03,2358,3,0,0,,35.8,extreme_heat,4
robbers_cave,2025-04-03,1400,3,0,0,,31.9,extreme_heat,4
taj_mahal,2025-04-04,13234,4,0,0,,31.5,sunny,4
jaipur_city_palace,2025-04-04,8322,4,0,0,,37.7,cloudy,4
goa_baga_beach,2025-04-04,8138,4,0,0,,33.8,cloudy,4
kerala_backwaters,2025-04-04,3898,4,0,0,,37.3,rainy,4
varanasi_ghats,2025-04-04,9686,4,0,0,,35.1,sunny,4
hampi_ruins,2025-04-04,2719,4,0,0,,38.3,extreme_heat,4
manali,2025-04-04,4662,4,0,0,,10.6,extreme_heat,4
mysore_palace,2025-04-04,4494,4,0,0,,36.4,extreme_heat,4
kempty_falls,2025-04-04,3216,4,0,0,,34.9,cloudy,4
robbers_cave,2025-04-04,2074,4,0,0,,34.5,cloudy,4
taj_mahal,2025-04-05,18815,5,1,0,,32.5,sunny,4
jaipur_city_palace,2025-04-05,6835,5,1,0,,33.9,rainy,4
goa_baga_beach,2025-04-05,9175,5,1,0,,32.8,extreme_heat,4
kerala_backwaters,2025-04-05,7872,5,1,0,,34.0,cloudy,4
varanasi_ghats,2025-04-05,11981,5,1,0,,32.1,cloudy,4
hampi_ruins,2025-04-05,4083,5,1,0,,36.7,extreme_heat,4
manali,2025-04-05,9882,5,1,0,,16.2,cloudy,4
mysore_palace,2025-04-05,6966,5,1,0,,36.1,extreme_heat,4
kempty_falls,2025-04-05,5844,5,1,0,,32.6,sunny,4
robbers_cave,2025-04-05,2982,5,1,0,,32.5,cloudy,4
taj_mahal,2025-04-06,12775,6,1,0,,35.2,extreme_heat,4
jaipur_city_palace,2025-04-06,13649,6,1,0,,32.9,cloudy,4
goa_baga_beach,2025-04-06,14225,6,1,0,,32.5,cloudy,4
kerala_backwaters,2025-04-06,9450,6,1,0,,37.7,sunny,4
varanasi_ghats,2025-04-06,12728,6,1,0,,34.1,cloudy,4
hampi_ruins,2025-04-06,4596,6,1,0,,29.7,extreme_heat,4
manali,2025-04-06,7063,6,1,0,,12.4,extreme_heat,4
mysore_palace,2025-04-06,10800,6,1,0,,36.1,cloudy,4
kempty_falls,2025-04-06,5116,6,1,0,,35.3,cloudy,4
robbers_cave,2025-04-06,3407,6,1,0,,37.7,cloudy,4
taj_mahal,2025-04-07,12809,0,0,0,,34.8,cloudy,4
jaipur_city_palace,2025-04-07,8994,0,0,0,,34.6,sunny,4
goa_baga_beach,2025-04-07,6976,0,0,0,,35.5,sunny,4
kerala_backwaters,2025-04-07,5385,0,0,0,,34.9,sunny,4
varanasi_ghats,2025-04-07,9962,0,0,0,,35.2,sunny,4
hampi_ruins,2025-04-07,4302,0,0,0,,33.5,sunny,4
manali,2025-04-07,5162,0,0,0,,13.1,extreme_heat,4
mysore_palace,2025-04-07,5609,0,0,0,,36.0,extreme_heat,4
kempty_falls,2025-04-07,2570,0,0,0,,34.3,extreme_heat,4
robbers_cave,2025-04-07,1600,0,0,0,,32.7,cloudy,4
taj_mahal,2025-04-08,13979,1,0,0,,35.3,sunny,4
jaipur_city_palace,2025-04-08,5549,1,0,0,,34.5,extreme_heat,4
goa_baga_beach,2025-04-08,9859,1,0,0,,31.6,sunny,4
kerala_backwaters,2025-04-08,3898,1,0,0,,32.5,extreme_heat,4
varanasi_ghats,2025-04-08,6295,1,0,0,,32.0,rainy,4
hampi_ruins,2025-04-08,2960,1,0,0,,35.1,extreme_heat,4
manali,2025-04-08,5328,1,0,0,,15.1,rainy,4
mysore_palace,2025-04-08,3978,1,0,0,,40.2,rainy,4
kempty_falls,2025-04-08,2348,1,0,0,,34.0,extreme_heat,4
robbers_cave,2025-04-08,1339,1,0,0,,35.4,extreme_heat,4
taj_mahal,2025-04-09,9079,2,0,0,,32.9,extreme_heat,4
jaipur_city_palace,2025-04-09,5929,2,0,0,,33.0,extreme_heat,4
goa_baga_beach,2025-04-09,8911,2,0,0,,32.6,cloudy,4
kerala_backwaters,2025-04-09,5296,2,0,0,,31.7,cloudy,4
varanasi_ghats,2025-04-09,7634,2,0,0,,32.3,extreme_heat,4
hampi_ruins,2025-04-09,3114,2,0,0,,32.7,cloudy,4
manali,2025-04-09,7277,2,0,0,,14.2,sunny,4
mysore_palace,2025-04-09,4861,2,0,0,,32.1,extreme_heat,4
kempty_falls,2025-04-09,2342,2,0,0,,33.6,extreme_heat,4
robbers_cave,2025-04-09,1473,2,0,0,,38.2,rainy,4
taj_mahal,2025-04-10,7559,3,0,0,,30.7,rainy,4
jaipur_city_palace,2025-04-10,6747,3,0,0,,37.1,sunny,4
goa_baga_beach,2025-04-10,7073,3,0,0,,30.4,rainy,4
kerala_backwaters,2025-04-10,5163,3,0,0,,35.6,sunny,4
varanasi_ghats,2025-04-10,6193,3,0,0,,35.4,extreme_heat,4
hampi_ruins,2025-04-10,2919,3,0,0,,31.7,extreme_heat,4
manali,2025-04-10,4764,3,0,0,,11.5,extreme_heat,4
mysore_palace,2025-04-10,7401,3,0,0,,35.0,cloudy,4
kempty_falls,2025-04-10,2299,3,0,0,,36.1,rainy,4
robbers_cave,2025-04-10,2036,3,0,0,,33.8,sunny,4
taj_mahal,2025-04-11,10562,4,0,0,,31.7,sunny,4
jaipur_city_palace,2025-04-11,5076,4,0,0,,34.6,rainy,4
goa_baga_beach,2025-04-11,10013,4,0,0,,33.3,cloudy,4
kerala_backwaters,2025-04-11,4185,4,0,0,,34.1,extreme_heat,4
varanasi_ghats,2025-04-11,9995,4,0,0,,34.4,cloudy,4
hampi_ruins,2025-04-11,2766,4,0,0,,36.8,extreme_heat,4
manali,2025-04-11,7341,4,0,0,,9.1,sunny,4
mysore_palace,2025-04-11,7545,4,0,0,,34.7,cloudy,4
kempty_falls,2025-04-11,2549,4,0,0,,35.9,extreme_heat,4
robbers_cave,2025-04-11,2119,4,0,0,,35.3,cloudy,4
taj_mahal,2025-04-12,12597,5,1,0,,31.5,extreme_heat,4
jaipur_city_palace,2025-04-12,13424,5,1,0,,32.3,sunny,4
goa_baga_beach,2025-04-12,12471,5,1,0,,35.5,cloudy,4
kerala_backwaters,2025-04-12,7674,5,1,0,,31.3,cloudy,4
varanasi_ghats,2025-04-12,11079,5,1,0,,33.0,extreme_heat,4
hampi_ruins,2025-04-12,6339,5,1,0,,37.8,sunny,4
manali,2025-04-12,12224,5,1,0,,14.0,sunny,4
mysore_palace,2025-04-12,7208,5,1,0,,32.1,extreme_heat,4
kempty_falls,2025-04-12,4842,5,1,0,,37.1,sunny,4
robbers_cave,2025-04-12,2188,5,1,0,,32.3,extreme_heat,4
taj_mahal,2025-04-13,14263,6,1,0,,36.8,extreme_heat,4
jaipur_city_palace,2025-04-13,9030,6,1,0,,34.6,extreme_heat,4
goa_baga_beach,2025-04-13,16441,6,1,0,,30.6,cloudy,4
kerala_backwaters,2025-04-13,8611,6,1,0,,36.0,sunny,4
varanasi_ghats,2025-04-13,16070,6,1,0,,37.1,cloudy,4
hampi_ruins,2025-04-13,4697,6,1,0,,36.9,extreme_heat,4
manali,2025-04-13,6419,6,1,0,,12.8,rainy,4
mysore_palace,2025-04-13,11266,6,1,0,,31.7,cloudy,4
kempty_falls,2025-04-13,3577,6,1,0,,33.3,rainy,4
robbers_cave,2025-04-13,3598,6,1,0,,33.8,cloudy,4
taj_mahal,2025-04-14,8945,0,0,0,,34.9,extreme_heat,4
jaipur_city_palace,2025-04-14,7542,0,0,0,,34.0,sunny,4
goa_baga_beach,2025-04-14,10776,0,0,0,,32.1,sunny,4
kerala_backwaters,2025-04-14,5407,0,0,0,,35.0,cloudy,4
varanasi_ghats,2025-04-14,6066,0,0,0,,34.8,extreme_heat,4
hampi_ruins,2025-04-14,3220,0,0,0,,32.9,sunny,4
manali,2025-04-14,4864,0,0,0,,10.0,extreme_heat,4
mysore_palace,2025-04-14,4385,0,0,0,,33.2,extreme_heat,4
kempty_falls,2025-04-14,3175,0,0,0,,34.6,cloudy,4
robbers_cave,2025-04-14,2232,0,0,0,,30.5,sunny,4
taj_mahal,2025-04-15,14451,1,0,0,,34.5,sunny,4
jaipur_city_palace,2025-04-15,7428,1,0,0,,31.5,sunny,4
goa_baga_beach,2025-04-15,10108,1,0,0,,30.9,cloudy,4
kerala_backwaters,2025-04-15,4715,1,0,0,,36.6,cloudy,4
varanasi_ghats,2025-04-15,9150,1,0,0,,35.0,cloudy,4
hampi_ruins,2025-04-15,3878,1,0,0,,34.6,cloudy,4
manali,2025-04-15,5567,1,0,0,,11.6,extreme_heat,4
mysore_palace,2025-04-15,5304,1,0,0,,34.4,extreme_heat,4
kempty_falls,2025-04-15,2446,1,0,0,,32.7,extreme_heat,4
robbers_cave,2025-04-15,1420,1,0,0,,33.2,extreme_heat,4
taj_mahal,2025-04-16,12380,2,0,0,,32.1,sunny,4
jaipur_city_palace,2025-04-16,5219,2,0,0,,35.9,rainy,4
goa_baga_beach,2025-04-16,7293,2,0,0,,32.1,extreme_heat,4
kerala_backwaters,2025-04-16,3753,2,0,0,,35.0,extreme_heat,4
varanasi_ghats,2025-04-16,7927,2,0,0,,36.0,extreme_heat,4
hampi_ruins,2025-04-16,3905,2,0,0,,35.5,cloudy,4
manali,2025-04-16,4160,2,0,0,,13.5,extreme_heat,4
mysore_palace,2025-04-16,6064,2,0,0,,31.9,cloudy,4
kempty_falls,2025-04-16,3315,2,0,0,,31.1,sunny,4
robbers_cave,2025-04-16,1697,2,0,0,,32.6,cloudy,4
taj_mahal,2025-04-17,8140,3,0,0,,35.0,extreme_heat,4
jaipur_city_palace,2025-04-17,5350,3,0,0,,34.7,extreme_heat,4
goa_baga_beach,2025-04-17,7132,3,0,0,,29.0,extreme_heat,4
kerala_backwaters,2025-04-17,3784,3,0,0,,33.0,extreme_heat,4
varanasi_ghats,2025-04-17,7482,3,0,0,,35.0,extreme_heat,4
hampi_ruins,2025-04-17,3002,3,0,0,,35.4,extreme_heat,4
manali,2025-04-17,7078,3,0,0,,12.1,cloudy,4
mysore_palace,2025-04-17,8132,3,0,0,,32.2,sunny,4
kempty_falls,2025-04-17,2914,3,0,0,,34.6,sunny,4
robbers_cave,2025-04-17,1452,3,0,0,,29.5,extreme_heat,4
taj_mahal,2025-04-18,7860,4,0,0,,32.8,extreme_heat,4
jaipur_city_palace,2025-04-18,5029,4,0,0,,33.3,extreme_heat,4
goa_baga_beach,2025-04-18,10952,4,0,0,,28.8,sunny,4
kerala_backwaters,2025-04-18,4069,4,0,0,,32.0,extreme_heat,4
varanasi_ghats,2025-04-18,9551,4,0,0,,34.0,sunny,4
hampi_ruins,2025-04-18,3261,4,0,0,,33.2,extreme_heat,4
manali,2025-04-18,6514,4,0,0,,14.9,sunny,4
mysore_palace,2025-04-18,6399,4,0,0,,34.0,sunny,4
kempty_falls,2025-04-18,2257,4,0,0,,30.5,extreme_heat,4
robbers_cave,2025-04-18,1462,4,0,0,,31.0,extreme_heat,4
taj_mahal,2025-04-19,16798,5,1,0,,32.4,sunny,4
jaipur_city_palace,2025-04-19,12537,5,1,0,,30.5,sunny,4
goa_baga_beach,2025-04-19,11029,5,1,0,,32.3,rainy,4
kerala_backwaters,2025-04-19,5405,5,1,0,,35.2,extreme_heat,4
varanasi_ghats,2025-04-19,9486,5,1,0,,34.1,extreme_heat,4
hampi_ruins,2025-04-19,6269,5,1,0,,33.8,sunny,4
manali,2025-04-19,9858,5,1,0,,9.4,cloudy,4
mysore_palace,2025-04-19,10812,5,1,0,,33.6,sunny,4
kempty_falls,2025-04-19,5035,5,1,0,,32.7,cloudy,4
robbers_cave,2025-04-19,2843,5,1,0,,33.0,cloudy,4
taj_mahal,2025-04-20,14049,6,1,0,,32.9,extreme_heat,4
jaipur_city_palace,2025-04-20,9675,6,1,0,,34.0,extreme_heat,4
goa_baga_beach,2025-04-20,16455,6,1,0,,31.8,cloudy,4
kerala_backwaters,2025-04-20,6013,6,1,0,,34.8,extreme_heat,4
varanasi_ghats,2025-04-20,15420,6,1,0,,34.3,sunny,4
hampi_ruins,2025-04-20,6016,6,1,0,,30.4,sunny,4
manali,2025-04-20,10141,6,1,0,,12.6,sunny,4
mysore_palace,2025-04-20,9685,6,1,0,,30.2,extreme_heat,4
kempty_falls,2025-04-20,4062,6,1,0,,33.6,extreme_heat,4
robbers_cave,2025-04-20,2453,6,1,0,,34.0,extreme_heat,4
taj_mahal,2025-04-21,8411,0,0,0,,34.9,extreme_heat,4
jaipur_city_palace,2025-04-21,5517,0,0,0,,33.3,extreme_heat,4
goa_baga_beach,2025-04-21,7900,0,0,0,,35.5,extreme_heat,4
kerala_backwaters,2025-04-21,5620,0,0,0,,34.9,sunny,4
varanasi_ghats,2025-04-21,6357,0,0,0,,32.7,extreme_heat,4
hampi_ruins,2025-04-21,4218,0,0,0,,33.7,sunny,4
manali,2025-04-21,6896,0,0,0,,9.7,sunny,4
mysore_palace,2025-04-21,5859,0,0,0,,34.7,extreme_heat,4
kempty_falls,2025-04-21,2226,0,0,0,,35.6,extreme_heat,4
robbers_cave,2025-04-21,1560,0,0,0,,33.5,extreme_heat,4
taj_mahal,2025-04-22,8966,1,0,0,,36.0,extreme_heat,4
jaipur_city_palace,2025-04-22,5435,1,0,0,,35.6,rainy,4
goa_baga_beach,2025-04-22,9494,1,0,0,,34.2,sunny,4
kerala_backwaters,2025-04-22,4840,1,0,0,,32.6,cloudy,4
varanasi_ghats,2025-04-22,6798,1,0,0,,31.1,extreme_heat,4
hampi_ruins,2025-04-22,3990,1,0,0,,31.3,sunny,4
manali,2025-04-22,4213,1,0,0,,12.4,extreme_heat,4
mysore_palace,2025-04-22,5101,1,0,0,,35.0,extreme_heat,4
kempty_falls,2025-04-22,3443,1,0,0,,33.3,sunny,4
robbers_cave,2025-04-22,1517,1,0,0,,37.2,extreme_heat,4
taj_mahal,2025-04-23,10164,2,0,0,,29.0,sunny,4
jaipur_city_palace,2025-04-23,6255,2,0,0,,38.9,extreme_heat,4
goa_baga_beach,2025-04-23,9834,2,0,0,,35.2,sunny,4
kerala_backwaters,2025-04-23,4956,2,0,0,,32.3,cloudy,4
varanasi_ghats,2025-04-23,8333,2,0,0,,32.4,cloudy,4
hampi_ruins,2025-04-23,2689,2,0,0,,33.3,extreme_heat,4
manali,2025-04-23,4648,2,0,0,,11.0,extreme_heat,4
mysore_palace,2025-04-23,7695,2,0,0,,33.3,sunny,4
kempty_falls,2025-04-23,3444,2,0,0,,31.9,sunny,4
robbers_cave,2025-04-23,1583,2,0,0,,30.4,extreme_heat,4
taj_mahal,2025-04-24,8660,3,0,0,,32.4,extreme_heat,4
jaipur_city_palace,2025-04-24,7796,3,0,0,,31.1,sunny,4
goa_baga_beach,2025-04-24,7024,3,0,0,,36.2,extreme_heat,4
kerala_backwaters,2025-04-24,5242,3,0,0,,36.5,cloudy,4
varanasi_ghats,2025-04-24,8496,3,0,0,,36.2,sunny,4
hampi_ruins,2025-04-24,3967,3,0,0,,31.1,cloudy,4
manali,2025-04-24,3885,3,0,0,,14.1,rainy,4
mysore_palace,2025-04-24,5417,3,0,0,,29.3,extreme_heat,4
kempty_falls,2025-04-24,1943,3,0,0,,34.3,rainy,4
robbers_cave,2025-04-24,2132,3,0,0,,32.4,sunny,4
taj_mahal,2025-04-25,8154,4,0,0,,32.5,extreme_heat,4
jaipur_city_palace,2025-04-25,5585,4,0,0,,33.4,extreme_heat,4
goa_baga_beach,2025-04-25,7237,4,0,0,,30.6,extreme_heat,4
kerala_backwaters,2025-04-25,4146,4,0,0,,31.4,extreme_heat,4
varanasi_ghats,2025-04-25,6335,4,0,0,,34.3,extreme_heat,4
hampi_ruins,2025-04-25,2905,4,0,0,,30.7,extreme_heat,4
manali,2025-04-25,7178,4,0,0,,10.2,sunny,4
mysore_palace,2025-04-25,6840,4,0,0,,30.4,sunny,4
kempty_falls,2025-04-25,3623,4,0,0,,37.1,cloudy,4
robbers_cave,2025-04-25,1276,4,0,0,,34.0,extreme_heat,4
taj_mahal,2025-04-26,11624,5,1,0,,34.7,rainy,4
jaipur_city_palace,2025-04-26,13444,5,1,0,,37.2,sunny,4
goa_baga_beach,2025-04-26,14734,5,1,0,,29.8,sunny,4
kerala_backwaters,2025-04-26,5056,5,1,0,,35.4,rainy,4
varanasi_ghats,2025-04-26,13366,5,1,0,,35.6,sunny,4
hampi_ruins,2025-04-26,6019,5,1,0,,32.6,sunny,4
manali,2025-04-26,7048,5,1,0,,14.8,extreme_heat,4
mysore_palace,2025-04-26,10589,5,1,0,,35.2,sunny,4
kempty_falls,2025-04-26,3600,5,1,0,,34.6,extreme_heat,4
robbers_cave,2025-04-26,2043,5,1,0,,36.9,extreme_heat,4
taj_mahal,2025-04-27,13211,6,1,0,,33.7,extreme_heat,4
jaipur_city_palace,2025-04-27,12711,6,1,0,,37.1,cloudy,4
goa_baga_beach,2025-04-27,10927,6,1,0,,34.5,extreme_heat,4
kerala_backwaters,2025-04-27,8352,6,1,0,,33.8,sunny,4
varanasi_ghats,2025-04-27,14926,6,1,0,,31.9,cloudy,4
hampi_ruins,2025-04-27,7663,6,1,0,,36.0,sunny,4
manali,2025-04-27,11284,6,1,0,,14.2,sunny,4
mysore_palace,2025-04-27,6897,6,1,0,,32.9,rainy,4
kempty_falls,2025-04-27,5138,6,1,0,,33.4,cloudy,4
robbers_cave,2025-04-27,2670,6,1,0,,31.8,extreme_heat,4
taj_mahal,2025-04-28,8819,0,0,0,,34.7,extreme_heat,4
jaipur_city_palace,2025-04-28,4406,0,0,0,,38.4,extreme_heat,4
goa_baga_beach,2025-04-28,9958,0,0,0,,38.3,sunny,4
kerala_backwaters,2025-04-28,3866,0,0,0,,31.7,extreme_heat,4
varanasi_ghats,2025-04-28,6706,0,0,0,,29.9,rainy,4
hampi_ruins,2025-04-28,2803,0,0,0,,32.3,extreme_heat,4
manali,2025-04-28,3970,0,0,0,,11.3,rainy,4
mysore_palace,2025-04-28,6452,0,0,0,,35.0,cloudy,4
kempty_falls,2025-04-28,2180,0,0,0,,32.1,extreme_heat,4
robbers_cave,2025-04-28,1915,0,0,0,,34.4,cloudy,4
taj_mahal,2025-04-29,8384,1,0,0,,31.6,extreme_heat,4
jaipur_city_palace,2025-04-29,8548,1,0,0,,33.7,sunny,4
goa_baga_beach,2025-04-29,6750,1,0,0,,33.1,rainy,4
kerala_backwaters,2025-04-29,5760,1,0,0,,38.1,sunny,4
varanasi_ghats,2025-04-29,10302,1,0,0,,34.3,sunny,4
hampi_ruins,2025-04-29,2780,1,0,0,,34.3,extreme_heat,4
manali,2025-04-29,4983,1,0,0,,10.1,extreme_heat,4
mysore_palace,2025-04-29,6854,1,0,0,,34.4,sunny,4
kempty_falls,2025-04-29,1820,1,0,0,,33.9,rainy,4
robbers_cave,2025-04-29,1316,1,0,0,,31.2,extreme_heat,4
taj_mahal,2025-04-30,8418,2,0,0,,34.6,extreme_heat,4
jaipur_city_palace,2025-04-30,5208,2,0,0,,36.8,rainy,4
goa_baga_beach,2025-04-30,7148,2,0,0,,32.9,extreme_heat,4
kerala_backwaters,2025-04-30,4761,2,0,0,,34.3,cloudy,4
varanasi_ghats,2025-04-30,7326,2,0,0,,36.2,extreme_heat,4
hampi_ruins,2025-04-30,3780,2,0,0,,35.0,sunny,4
manali,2025-04-30,4680,2,0,0,,15.8,extreme_heat,4
mysore_palace,2025-04-30,4878,2,0,0,,34.3,rainy,4
kempty_falls,2025-04-30,3864,2,0,0,,32.7,sunny,4
robbers_cave,2025-04-30,1804,2,0,0,,33.8,sunny,4
taj_mahal,2025-05-01,13443,3,0,1,Summer Vacation,38.3,extreme_heat,5
jaipur_city_palace,2025-05-01,11490,3,0,1,Summer Vacation,34.8,sunny,5
goa_baga_beach,2025-05-01,12496,3,0,1,Summer Vacation,33.1,extreme_heat,5
kerala_backwaters,2025-05-01,6122,3,0,1,Summer Vacation,38.3,extreme_heat,5
varanasi_ghats,2025-05-01,10537,3,0,1,Summer Vacation,40.9,extreme_heat,5
hampi_ruins,2025-05-01,4581,3,0,1,Summer Vacation,40.4,extreme_heat,5
manali,2025-05-01,20242,3,0,1,Summer Vacation,15.3,cloudy,5
mysore_palace,2025-05-01,7036,3,0,1,Summer Vacation,40.7,rainy,5
kempty_falls,2025-05-01,8587,3,0,1,Summer Vacation,36.2,cloudy,5
robbers_cave,2025-05-01,5500,3,0,1,Summer Vacation,39.6,sunny,5
taj_mahal,2025-05-02,20266,4,0,1,Summer Vacation,41.1,cloudy,5
jaipur_city_palace,2025-05-02,9200,4,0,1,Summer Vacation,38.6,rainy,5
goa_baga_beach,2025-05-02,14483,4,0,1,Summer Vacation,34.9,sunny,5
kerala_backwaters,2025-05-02,5426,4,0,1,Summer Vacation,34.9,extreme_heat,5
varanasi_ghats,2025-05-02,12092,4,0,1,Summer Vacation,35.5,cloudy,5
hampi_ruins,2025-05-02,6185,4,0,1,Summer Vacation,36.0,cloudy,5
manali,2025-05-02,18839,4,0,1,Summer Vacation,15.2,sunny,5
mysore_palace,2025-05-02,7133,4,0,1,Summer Vacation,37.9,rainy,5
kempty_falls,2025-05-02,7406,4,0,1,Summer Vacation,36.8,extreme_heat,5
robbers_cave,2025-05-02,5034,4,0,1,Summer Vacation,39.5,cloudy,5
taj_mahal,2025-05-03,24630,5,1,1,Summer Vacation,37.7,cloudy,5
jaipur_city_palace,2025-05-03,18669,5,1,1,Summer Vacation,37.7,sunny,5
goa_baga_beach,2025-05-03,24396,5,1,1,Summer Vacation,32.1,sunny,5
kerala_backwaters,2025-05-03,8744,5,1,1,Summer Vacation,39.7,rainy,5
varanasi_ghats,2025-05-03,24755,5,1,1,Summer Vacation,41.2,cloudy,5
hampi_ruins,2025-05-03,10055,5,1,1,Summer Vacation,40.4,sunny,5
manali,2025-05-03,19727,5,1,1,Summer Vacation,17.4,extreme_heat,5
mysore_palace,2025-05-03,16323,5,1,1,Summer Vacation,36.1,sunny,5
kempty_falls,2025-05-03,11000,5,1,1,Summer Vacation,39.0,cloudy,5
robbers_cave,2025-05-03,5500,5,1,1,Summer Vacation,35.2,cloudy,5
taj_mahal,2025-05-04,29413,6,1,1,Summer Vacation,38.3,sunny,5
jaipur_city_palace,2025-05-04,20548,6,1,1,Summer Vacation,38.7,sunny,5
goa_baga_beach,2025-05-04,22930,6,1,1,Summer Vacation,37.4,cloudy,5
kerala_backwaters,2025-05-04,8227,6,1,1,Summer Vacation,41.7,extreme_heat,5
varanasi_ghats,2025-05-04,19191,6,1,1,Summer Vacation,36.5,cloudy,5
hampi_ruins,2025-05-04,10515,6,1,1,Summer Vacation,37.3,cloudy,5
manali,2025-05-04,20452,6,1,1,Summer Vacation,17.3,extreme_heat,5
mysore_palace,2025-05-04,18171,6,1,1,Summer Vacation,39.8,cloudy,5
kempty_falls,2025-05-04,11000,6,1,1,Summer Vacation,38.8,sunny,5
robbers_cave,2025-05-04,5500,6,1,1,Summer Vacation,41.6,extreme_heat,5
taj_mahal,2025-05-05,18289,0,0,1,Summer Vacation,37.7,sunny,5
jaipur_city_palace,2025-05-05,8816,0,0,1,Summer Vacation,39.3,rainy,5
goa_baga_beach,2025-05-05,15065,0,0,1,Summer Vacation,33.7,sunny,5
kerala_backwaters,2025-05-05,9572,0,0,1,Summer Vacation,36.9,sunny,5
varanasi_ghats,2025-05-05,14047,0,0,1,Summer Vacation,41.9,cloudy,5
hampi_ruins,2025-05-05,5587,0,0,1,Summer Vacation,35.3,cloudy,5
manali,2025-05-05,19124,0,0,1,Summer Vacation,19.3,cloudy,5
mysore_palace,2025-05-05,8485,0,0,1,Summer Vacation,36.3,extreme_heat,5
kempty_falls,2025-05-05,10360,0,0,1,Summer Vacation,40.0,sunny,5
robbers_cave,2025-05-05,4114,0,0,1,Summer Vacation,36.7,rainy,5
taj_mahal,2025-05-06,17491,1,0,1,Summer Vacation,38.7,cloudy,5
jaipur_city_palace,2025-05-06,8125,1,0,1,Summer Vacation,40.0,extreme_heat,5
goa_baga_beach,2025-05-06,9709,1,0,1,Summer Vacation,34.2,extreme_heat,5
kerala_backwaters,2025-05-06,5354,1,0,1,Summer Vacation,40.7,rainy,5
varanasi_ghats,2025-05-06,13611,1,0,1,Summer Vacation,36.8,sunny,5
hampi_ruins,2025-05-06,4740,1,0,1,Summer Vacation,39.4,extreme_heat,5
manali,2025-05-06,11588,1,0,1,Summer Vacation,14.8,extreme_heat,5
mysore_palace,2025-05-06,8362,1,0,1,Summer Vacation,34.8,extreme_heat,5
kempty_falls,2025-05-06,10211,1,0,1,Summer Vacation,38.7,sunny,5
robbers_cave,2025-05-06,4299,1,0,1,Summer Vacation,38.6,extreme_heat,5
taj_mahal,2025-05-07,18836,2,0,1,Summer Vacation,36.1,cloudy,5
jaipur_city_palace,2025-05-07,12887,2,0,1,Summer Vacation,40.9,sunny,5
goa_baga_beach,2025-05-07,13695,2,0,1,Summer Vacation,30.5,cloudy,5
kerala_backwaters,2025-05-07,5657,2,0,1,Summer Vacation,38.7,extreme_heat,5
varanasi_ghats,2025-05-07,15249,2,0,1,Summer Vacation,39.5,sunny,5
hampi_ruins,2025-05-07,4124,2,0,1,Summer Vacation,36.4,extreme_heat,5
manali,2025-05-07,21291,2,0,1,Summer Vacation,15.6,cloudy,5
mysore_palace,2025-05-07,12154,2,0,1,Summer Vacation,37.5,cloudy,5
kempty_falls,2025-05-07,6596,2,0,1,Summer Vacation,38.9,extreme_heat,5
robbers_cave,2025-05-07,4118,2,0,1,Summer Vacation,36.1,extreme_heat,5
taj_mahal,2025-05-08,14455,3,0,1,Summer Vacation,34.5,extreme_heat,5
jaipur_city_palace,2025-05-08,10982,3,0,1,Summer Vacation,38.3,cloudy,5
goa_baga_beach,2025-05-08,10923,3,0,1,Summer Vacation,31.2,extreme_heat,5
kerala_backwaters,2025-05-08,8464,3,0,1,Summer Vacation,34.6,sunny,5
varanasi_ghats,2025-05-08,12731,3,0,1,Summer Vacation,37.1,cloudy,5
hampi_ruins,2025-05-08,4237,3,0,1,Summer Vacation,40.2,rainy,5
manali,2025-05-08,18798,3,0,1,Summer Vacation,16.5,sunny,5
mysore_palace,2025-05-08,8968,3,0,1,Summer Vacation,37.6,extreme_heat,5
kempty_falls,2025-05-08,6773,3,0,1,Summer Vacation,35.6,rainy,5
robbers_cave,2025-05-08,3840,3,0,1,Summer Vacation,41.8,extreme_heat,5
taj_mahal,2025-05-09,14284,4,0,1,Summer Vacation,40.6,extreme_heat,5
jaipur_city_palace,2025-05-09,9175,4,0,1,Summer Vacation,39.6,extreme_heat,5
goa_baga_beach,2025-05-09,10000,4,0,1,Summer Vacation,35.0,rainy,5
kerala_backwaters,2025-05-09,5957,4,0,1,Summer Vacation,34.9,extreme_heat,5
varanasi_ghats,2025-05-09,14829,4,0,1,Summer Vacation,36.2,sunny,5
hampi_ruins,2025-05-09,4694,4,0,1,Summer Vacation,36.9,extreme_heat,5
manali,2025-05-09,14065,4,0,1,Summer Vacation,16.0,rainy,5
mysore_palace,2025-05-09,9244,4,0,1,Summer Vacation,38.0,sunny,5
kempty_falls,2025-05-09,9433,4,0,1,Summer Vacation,40.1,cloudy,5
robbers_cave,2025-05-09,4165,4,0,1,Summer Vacation,39.7,extreme_heat,5
taj_mahal,2025-05-10,29200,5,1,1,Summer Vacation,37.5,sunny,5
jaipur_city_palace,2025-05-10,14740,5,1,1,Summer Vacation,40.8,extreme_heat,5
goa_baga_beach,2025-05-10,18246,5,1,1,Summer Vacation,33.7,rainy,5
kerala_backwaters,2025-05-10,8228,5,1,1,Summer Vacation,41.3,extreme_heat,5
varanasi_ghats,2025-05-10,11325,5,1,1,Summer Vacation,42.4,extreme_heat,5
hampi_ruins,2025-05-10,8600,5,1,1,Summer Vacation,33.7,sunny,5
manali,2025-05-10,24200,5,1,1,Summer Vacation,16.8,cloudy,5
mysore_palace,2025-05-10,11095,5,1,1,Summer Vacation,39.1,extreme_heat,5
kempty_falls,2025-05-10,10424,5,1,1,Summer Vacation,41.1,extreme_heat,5
robbers_cave,2025-05-10,5476,5,1,1,Summer Vacation,36.7,rainy,5
taj_mahal,2025-05-11,27804,6,1,1,Summer Vacation,36.2,cloudy,5
jaipur_city_palace,2025-05-11,13459,6,1,1,Summer Vacation,38.2,rainy,5
goa_baga_beach,2025-05-11,23188,6,1,1,Summer Vacation,35.3,cloudy,5
kerala_backwaters,2025-05-11,12556,6,1,1,Summer Vacation,39.4,sunny,5
varanasi_ghats,2025-05-11,15492,6,1,1,Summer Vacation,39.9,extreme_heat,5
hampi_ruins,2025-05-11,6299,6,1,1,Summer Vacation,39.0,rainy,5
manali,2025-05-11,24200,6,1,1,Summer Vacation,14.9,sunny,5
mysore_palace,2025-05-11,13975,6,1,1,Summer Vacation,40.2,extreme_heat,5
kempty_falls,2025-05-11,11000,6,1,1,Summer Vacation,39.0,cloudy,5
robbers_cave,2025-05-11,5500,6,1,1,Summer Vacation,36.1,extreme_heat,5
taj_mahal,2025-05-12,22165,0,0,1,Summer Vacation,40.0,sunny,5
jaipur_city_palace,2025-05-12,14153,0,0,1,Summer Vacation,36.5,sunny,5
goa_baga_beach,2025-05-12,16389,0,0,1,Summer Vacation,32.5,cloudy,5
kerala_backwaters,2025-05-12,7950,0,0,1,Summer Vacation,37.9,sunny,5
varanasi_ghats,2025-05-12,8980,0,0,1,Summer Vacation,33.3,rainy,5
hampi_ruins,2025-05-12,3884,0,0,1,Summer Vacation,35.8,extreme_heat,5
manali,2025-05-12,17960,0,0,1,Summer Vacation,17.6,cloudy,5
mysore_palace,2025-05-12,8540,0,0,1,Summer Vacation,37.9,extreme_heat,5
kempty_falls,2025-05-12,10157,0,0,1,Summer Vacation,38.4,sunny,5
robbers_cave,2025-05-12,5500,0,0,1,Summer Vacation,36.7,sunny,5
taj_mahal,2025-05-13,13614,1,0,1,Summer Vacation,39.4,extreme_heat,5
jaipur_city_palace,2025-05-13,11389,1,0,1,Summer Vacation,40.5,cloudy,5
goa_baga_beach,2025-05-13,15302,1,0,1,Summer Vacation,30.0,sunny,5
kerala_backwaters,2025-05-13,7572,1,0,1,Summer Vacation,40.9,cloudy,5
varanasi_ghats,2025-05-13,9512,1,0,1,Summer Vacation,36.8,rainy,5
hampi_ruins,2025-05-13,6205,1,0,1,Summer Vacation,35.4,sunny,5
manali,2025-05-13,22014,1,0,1,Summer Vacation,21.0,sunny,5
mysore_palace,2025-05-13,7802,1,0,1,Summer Vacation,40.8,extreme_heat,5
kempty_falls,2025-05-13,9276,1,0,1,Summer Vacation,36.2,cloudy,5
robbers_cave,2025-05-13,5500,1,0,1,Summer Vacation,38.0,sunny,5
taj_mahal,2025-05-14,17889,2,0,1,Summer Vacation,37.5,sunny,5
jaipur_city_palace,2025-05-14,8786,2,0,1,Summer Vacation,37.5,extreme_heat,5
goa_baga_beach,2025-05-14,15979,2,0,1,Summer Vacation,33.0,sunny,5
kerala_backwaters,2025-05-14,5541,2,0,1,Summer Vacation,39.4,rainy,5
varanasi_ghats,2025-05-14,14274,2,0,1,Summer Vacation,37.5,cloudy,5
hampi_ruins,2025-05-14,4356,2,0,1,Summer Vacation,37.7,extreme_heat,5
manali,2025-05-14,12127,2,0,1,Summer Vacation,16.1,rainy,5
mysore_palace,2025-05-14,9206,2,0,1,Summer Vacation,39.5,extreme_heat,5
kempty_falls,2025-05-14,8274,2,0,1,Summer Vacation,36.8,sunny,5
robbers_cave,2025-05-14,5398,2,0,1,Summer Vacation,39.7,sunny,5
taj_mahal,2025-05-15,12383,3,0,1,Summer Vacation,38.7,extreme_heat,5
jaipur_city_palace,2025-05-15,7552,3,0,1,Summer Vacation,37.0,rainy,5
goa_baga_beach,2025-05-15,16723,3,0,1,Summer Vacation,32.9,sunny,5
kerala_backwaters,2025-05-15,6349,3,0,1,Summer Vacation,39.7,extreme_heat,5
varanasi_ghats,2025-05-15,13547,3,0,1,Summer Vacation,36.8,sunny,5
hampi_ruins,2025-05-15,6024,3,0,1,Summer Vacation,38.7,cloudy,5
manali,2025-05-15,17235,3,0,1,Summer Vacation,15.1,sunny,5
mysore_palace,2025-05-15,10543,3,0,1,Summer Vacation,40.9,sunny,5
kempty_falls,2025-05-15,7345,3,0,1,Summer Vacation,36.0,extreme_heat,5
robbers_cave,2025-05-15,4071,3,0,1,Summer Vacation,35.7,extreme_heat,5
taj_mahal,2025-05-16,15027,4,0,1,Summer Vacation,36.1,extreme_heat,5
jaipur_city_palace,2025-05-16,9458,4,0,1,Summer Vacation,35.2,extreme_heat,5
goa_baga_beach,2025-05-16,11834,4,0,1,Summer Vacation,33.4,extreme_heat,5
kerala_backwaters,2025-05-16,5572,4,0,1,Summer Vacation,40.0,extreme_heat,5
varanasi_ghats,2025-05-16,12455,4,0,1,Summer Vacation,37.1,cloudy,5
hampi_ruins,2025-05-16,4311,4,0,1,Summer Vacation,40.7,extreme_heat,5
manali,2025-05-16,22585,4,0,1,Summer Vacation,16.7,sunny,5
mysore_palace,2025-05-16,11218,4,0,1,Summer Vacation,41.1,sunny,5
kempty_falls,2025-05-16,7810,4,0,1,Summer Vacation,39.0,extreme_heat,5
robbers_cave,2025-05-16,4048,4,0,1,Summer Vacation,41.3,extreme_heat,5
taj_mahal,2025-05-17,19418,5,1,1,Summer Vacation,36.5,extreme_heat,5
jaipur_city_palace,2025-05-17,10423,5,1,1,Summer Vacation,39.9,extreme_heat,5
goa_baga_beach,2025-05-17,21191,5,1,1,Summer Vacation,29.8,cloudy,5
kerala_backwaters,2025-05-17,10772,5,1,1,Summer Vacation,38.4,cloudy,5
varanasi_ghats,2025-05-17,14698,5,1,1,Summer Vacation,36.1,extreme_heat,5
hampi_ruins,2025-05-17,6070,5,1,1,Summer Vacation,36.8,extreme_heat,5
manali,2025-05-17,24200,5,1,1,Summer Vacation,15.3,sunny,5
mysore_palace,2025-05-17,10970,5,1,1,Summer Vacation,37.7,extreme_heat,5
kempty_falls,2025-05-17,8587,5,1,1,Summer Vacation,37.9,rainy,5
robbers_cave,2025-05-17,5500,5,1,1,Summer Vacation,37.9,extreme_heat,5
taj_mahal,2025-05-18,17420,6,1,1,Summer Vacation,37.7,rainy,5
jaipur_city_palace,2025-05-18,12721,6,1,1,Summer Vacation,36.4,rainy,5
goa_baga_beach,2025-05-18,16813,6,1,1,Summer Vacation,32.5,extreme_heat,5
kerala_backwaters,2025-05-18,12447,6,1,1,Summer Vacation,39.0,cloudy,5
varanasi_ghats,2025-05-18,15758,6,1,1,Summer Vacation,38.6,rainy,5
hampi_ruins,2025-05-18,10410,6,1,1,Summer Vacation,35.0,sunny,5
manali,2025-05-18,24200,6,1,1,Summer Vacation,16.1,cloudy,5
mysore_palace,2025-05-18,14891,6,1,1,Summer Vacation,36.8,extreme_heat,5
kempty_falls,2025-05-18,11000,6,1,1,Summer Vacation,36.6,extreme_heat,5
robbers_cave,2025-05-18,5500,6,1,1,Summer Vacation,37.8,extreme_heat,5
taj_mahal,2025-05-19,18823,0,0,1,Summer Vacation,36.9,sunny,5
jaipur_city_palace,2025-05-19,8330,0,0,1,Summer Vacation,35.6,extreme_heat,5
goa_baga_beach,2025-05-19,15804,0,0,1,Summer Vacation,34.9,cloudy,5
kerala_backwaters,2025-05-19,9130,0,0,1,Summer Vacation,38.9,cloudy,5
varanasi_ghats,2025-05-19,15125,0,0,1,Summer Vacation,38.8,sunny,5
hampi_ruins,2025-05-19,5881,0,0,1,Summer Vacation,39.0,sunny,5
manali,2025-05-19,22114,0,0,1,Summer Vacation,13.9,sunny,5
mysore_palace,2025-05-19,11009,0,0,1,Summer Vacation,33.7,cloudy,5
kempty_falls,2025-05-19,7079,0,0,1,Summer Vacation,40.0,rainy,5
robbers_cave,2025-05-19,4067,0,0,1,Summer Vacation,38.4,extreme_heat,5
taj_mahal,2025-05-20,19823,1,0,1,Summer Vacation,39.0,sunny,5
jaipur_city_palace,2025-05-20,11464,1,0,1,Summer Vacation,37.9,sunny,5
goa_baga_beach,2025-05-20,9264,1,0,1,Summer Vacation,32.2,extreme_heat,5
kerala_backwaters,2025-05-20,7559,1,0,1,Summer Vacation,36.4,cloudy,5
varanasi_ghats,2025-05-20,10830,1,0,1,Summer Vacation,40.4,extreme_heat,5
hampi_ruins,2025-05-20,4758,1,0,1,Summer Vacation,43.7,sunny,5
manali,2025-05-20,11950,1,0,1,Summer Vacation,17.7,extreme_heat,5
mysore_palace,2025-05-20,8761,1,0,1,Summer Vacation,38.1,extreme_heat,5
kempty_falls,2025-05-20,9889,1,0,1,Summer Vacation,36.9,sunny,5
robbers_cave,2025-05-20,3821,1,0,1,Summer Vacation,37.7,extreme_heat,5
taj_mahal,2025-05-21,12719,2,0,1,Summer Vacation,38.6,extreme_heat,5
jaipur_city_palace,2025-05-21,9265,2,0,1,Summer Vacation,39.3,extreme_heat,5
goa_baga_beach,2025-05-21,13822,2,0,1,Summer Vacation,30.9,cloudy,5
kerala_backwaters,2025-05-21,6458,2,0,1,Summer Vacation,38.2,extreme_heat,5
varanasi_ghats,2025-05-21,11116,2,0,1,Summer Vacation,39.6,extreme_heat,5
hampi_ruins,2025-05-21,5007,2,0,1,Summer Vacation,37.5,extreme_heat,5
manali,2025-05-21,20049,2,0,1,Summer Vacation,15.7,cloudy,5
mysore_palace,2025-05-21,11146,2,0,1,Summer Vacation,38.3,cloudy,5
kempty_falls,2025-05-21,8563,2,0,1,Summer Vacation,38.0,sunny,5
robbers_cave,2025-05-21,4589,2,0,1,Summer Vacation,36.8,cloudy,5
taj_mahal,2025-05-22,14138,3,0,1,Summer Vacation,39.7,extreme_heat,5
jaipur_city_palace,2025-05-22,12098,3,0,1,Summer Vacation,38.8,sunny,5
goa_baga_beach,2025-05-22,11793,3,0,1,Summer Vacation,31.5,extreme_heat,5
kerala_backwaters,2025-05-22,7567,3,0,1,Summer Vacation,37.9,sunny,5
varanasi_ghats,2025-05-22,10194,3,0,1,Summer Vacation,38.4,extreme_heat,5
hampi_ruins,2025-05-22,4176,3,0,1,Summer Vacation,37.5,rainy,5
manali,2025-05-22,20714,3,0,1,Summer Vacation,17.1,sunny,5
mysore_palace,2025-05-22,10035,3,0,1,Summer Vacation,41.2,sunny,5
kempty_falls,2025-05-22,10313,3,0,1,Summer Vacation,38.0,sunny,5
robbers_cave,2025-05-22,4512,3,0,1,Summer Vacation,40.4,extreme_heat,5
taj_mahal,2025-05-23,13946,4,0,1,Summer Vacation,38.7,extreme_heat,5
jaipur_city_palace,2025-05-23,12881,4,0,1,Summer Vacation,38.3,cloudy,5
goa_baga_beach,2025-05-23,10860,4,0,1,Summer Vacation,33.9,extreme_heat,5
kerala_backwaters,2025-05-23,9306,4,0,1,Summer Vacation,34.8,sunny,5
varanasi_ghats,2025-05-23,12933,4,0,1,Summer Vacation,35.5,cloudy,5
hampi_ruins,2025-05-23,4238,4,0,1,Summer Vacation,37.1,extreme_heat,5
manali,2025-05-23,21251,4,0,1,Summer Vacation,17.3,sunny,5
mysore_palace,2025-05-23,9001,4,0,1,Summer Vacation,35.8,extreme_heat,5
kempty_falls,2025-05-23,9178,4,0,1,Summer Vacation,41.1,sunny,5
robbers_cave,2025-05-23,5500,4,0,1,Summer Vacation,36.0,sunny,5
taj_mahal,2025-05-24,19006,5,1,1,Summer Vacation,39.7,extreme_heat,5
jaipur_city_palace,2025-05-24,12513,5,1,1,Summer Vacation,37.9,extreme_heat,5
goa_baga_beach,2025-05-24,16665,5,1,1,Summer Vacation,34.5,extreme_heat,5
kerala_backwaters,2025-05-24,9214,5,1,1,Summer Vacation,38.7,extreme_heat,5
varanasi_ghats,2025-05-24,15694,5,1,1,Summer Vacation,36.3,extreme_heat,5
hampi_ruins,2025-05-24,6289,5,1,1,Summer Vacation,37.1,rainy,5
manali,2025-05-24,22680,5,1,1,Summer Vacation,18.2,extreme_heat,5
mysore_palace,2025-05-24,16522,5,1,1,Summer Vacation,38.0,sunny,5
kempty_falls,2025-05-24,11000,5,1,1,Summer Vacation,36.0,sunny,5
robbers_cave,2025-05-24,5500,5,1,1,Summer Vacation,42.0,extreme_heat,5
taj_mahal,2025-05-25,30748,6,1,1,Summer Vacation,39.5,cloudy,5
jaipur_city_palace,2025-05-25,13903,6,1,1,Summer Vacation,37.8,extreme_heat,5
goa_baga_beach,2025-05-25,27203,6,1,1,Summer Vacation,28.2,sunny,5
kerala_backwaters,2025-05-25,13961,6,1,1,Summer Vacation,40.4,sunny,5
varanasi_ghats,2025-05-25,18270,6,1,1,Summer Vacation,33.5,extreme_heat,5
hampi_ruins,2025-05-25,6946,6,1,1,Summer Vacation,41.2,extreme_heat,5
manali,2025-05-25,24200,6,1,1,Summer Vacation,13.4,sunny,5
mysore_palace,2025-05-25,18567,6,1,1,Summer Vacation,41.1,sunny,5
kempty_falls,2025-05-25,11000,6,1,1,Summer Vacation,38.1,cloudy,5
robbers_cave,2025-05-25,5500,6,1,1,Summer Vacation,36.6,rainy,5
taj_mahal,2025-05-26,15954,0,0,1,Summer Vacation,34.7,sunny,5
jaipur_city_palace,2025-05-26,8789,0,0,1,Summer Vacation,36.8,extreme_heat,5
goa_baga_beach,2025-05-26,15778,0,0,1,Summer Vacation,30.4,sunny,5
kerala_backwaters,2025-05-26,5425,0,0,1,Summer Vacation,37.6,rainy,5
varanasi_ghats,2025-05-26,13648,0,0,1,Summer Vacation,36.8,cloudy,5
hampi_ruins,2025-05-26,7170,0,0,1,Summer Vacation,37.3,sunny,5
manali,2025-05-26,13409,0,0,1,Summer Vacation,12.7,extreme_heat,5
mysore_palace,2025-05-26,8260,0,0,1,Summer Vacation,35.2,extreme_heat,5
kempty_falls,2025-05-26,10560,0,0,1,Summer Vacation,36.3,cloudy,5
robbers_cave,2025-05-26,5462,0,0,1,Summer Vacation,38.3,sunny,5
taj_mahal,2025-05-27,18108,1,0,1,Summer Vacation,37.4,cloudy,5
jaipur_city_palace,2025-05-27,8786,1,0,1,Summer Vacation,38.6,extreme_heat,5
goa_baga_beach,2025-05-27,17279,1,0,1,Summer Vacation,30.7,sunny,5
kerala_backwaters,2025-05-27,6151,1,0,1,Summer Vacation,38.5,extreme_heat,5
varanasi_ghats,2025-05-27,10715,1,0,1,Summer Vacation,37.6,extreme_heat,5
hampi_ruins,2025-05-27,5615,1,0,1,Summer Vacation,39.8,cloudy,5
manali,2025-05-27,12781,1,0,1,Summer Vacation,16.5,rainy,5
mysore_palace,2025-05-27,8193,1,0,1,Summer Vacation,38.2,extreme_heat,5
kempty_falls,2025-05-27,9174,1,0,1,Summer Vacation,39.5,sunny,5
robbers_cave,2025-05-27,5500,1,0,1,Summer Vacation,37.7,sunny,5
taj_mahal,2025-05-28,19555,2,0,1,Summer Vacation,34.8,sunny,5
jaipur_city_palace,2025-05-28,8434,2,0,1,Summer Vacation,37.7,rainy,5
goa_baga_beach,2025-05-28,14223,2,0,1,Summer Vacation,35.8,sunny,5
kerala_backwaters,2025-05-28,5315,2,0,1,Summer Vacation,37.8,extreme_heat,5
varanasi_ghats,2025-05-28,8313,2,0,1,Summer Vacation,39.3,extreme_heat,5
hampi_ruins,2025-05-28,4300,2,0,1,Summer Vacation,38.8,extreme_heat,5
manali,2025-05-28,12361,2,0,1,Summer Vacation,14.7,rainy,5
mysore_palace,2025-05-28,11192,2,0,1,Summer Vacation,37.4,sunny,5
kempty_falls,2025-05-28,5879,2,0,1,Summer Vacation,40.4,extreme_heat,5
robbers_cave,2025-05-28,3974,2,0,1,Summer Vacation,40.4,extreme_heat,5
taj_mahal,2025-05-29,11728,3,0,1,Summer Vacation,37.8,rainy,5
jaipur_city_palace,2025-05-29,8576,3,0,1,Summer Vacation,39.0,extreme_heat,5
goa_baga_beach,2025-05-29,10831,3,0,1,Summer Vacation,28.6,extreme_heat,5
kerala_backwaters,2025-05-29,8738,3,0,1,Summer Vacation,39.3,sunny,5
varanasi_ghats,2025-05-29,13521,3,0,1,Summer Vacation,38.0,sunny,5
hampi_ruins,2025-05-29,5936,3,0,1,Summer Vacation,35.7,sunny,5
manali,2025-05-29,18411,3,0,1,Summer Vacation,18.9,sunny,5
mysore_palace,2025-05-29,8012,3,0,1,Summer Vacation,37.5,extreme_heat,5
kempty_falls,2025-05-29,8679,3,0,1,Summer Vacation,38.5,sunny,5
robbers_cave,2025-05-29,4285,3,0,1,Summer Vacation,33.7,extreme_heat,5
taj_mahal,2025-05-30,13133,4,0,1,Summer Vacation,37.3,extreme_heat,5
jaipur_city_palace,2025-05-30,9528,4,0,1,Summer Vacation,40.7,extreme_heat,5
goa_baga_beach,2025-05-30,17229,4,0,1,Summer Vacation,30.6,sunny,5
kerala_backwaters,2025-05-30,7069,4,0,1,Summer Vacation,38.5,cloudy,5
varanasi_ghats,2025-05-30,11695,4,0,1,Summer Vacation,41.8,cloudy,5
hampi_ruins,2025-05-30,5446,4,0,1,Summer Vacation,37.3,cloudy,5
manali,2025-05-30,17299,4,0,1,Summer Vacation,21.1,sunny,5
mysore_palace,2025-05-30,8613,4,0,1,Summer Vacation,38.1,extreme_heat,5
kempty_falls,2025-05-30,6208,4,0,1,Summer Vacation,36.2,extreme_heat,5
robbers_cave,2025-05-30,4126,4,0,1,Summer Vacation,43.2,cloudy,5
taj_mahal,2025-05-31,18570,5,1,1,Summer Vacation,37.4,extreme_heat,5
jaipur_city_palace,2025-05-31,17100,5,1,1,Summer Vacation,36.4,cloudy,5
goa_baga_beach,2025-05-31,24023,5,1,1,Summer Vacation,28.7,cloudy,5
kerala_backwaters,2025-05-31,9611,5,1,1,Summer Vacation,37.5,extreme_heat,5
varanasi_ghats,2025-05-31,20797,5,1,1,Summer Vacation,36.4,sunny,5
hampi_ruins,2025-05-31,6002,5,1,1,Summer Vacation,39.2,rainy,5
manali,2025-05-31,24200,5,1,1,Summer Vacation,17.6,cloudy,5
mysore_palace,2025-05-31,16612,5,1,1,Summer Vacation,39.5,sunny,5
kempty_falls,2025-05-31,9932,5,1,1,Summer Vacation,41.2,extreme_heat,5
robbers_cave,2025-05-31,5500,5,1,1,Summer Vacation,36.7,extreme_heat,5
taj_mahal,2025-06-01,29603,6,1,1,Summer Vacation,35.7,cloudy,6
jaipur_city_palace,2025-06-01,14472,6,1,1,Summer Vacation,35.9,rainy,6
goa_baga_beach,2025-06-01,17711,6,1,1,Summer Vacation,31.1,extreme_heat,6
kerala_backwaters,2025-06-01,14584,6,1,1,Summer Vacation,37.4,sunny,6
varanasi_ghats,2025-06-01,27294,6,1,1,Summer Vacation,37.8,sunny,6
hampi_ruins,2025-06-01,9443,6,1,1,Summer Vacation,34.9,cloudy,6
manali,2025-06-01,22702,6,1,1,Summer Vacation,19.3,rainy,6
mysore_palace,2025-06-01,16433,6,1,1,Summer Vacation,33.9,sunny,6
kempty_falls,2025-06-01,9297,6,1,1,Summer Vacation,37.2,rainy,6
robbers_cave,2025-06-01,5500,6,1,1,Summer Vacation,36.4,extreme_heat,6
taj_mahal,2025-06-02,11440,0,0,1,Summer Vacation,36.3,rainy,6
jaipur_city_palace,2025-06-02,13097,0,0,1,Summer Vacation,34.0,sunny,6
goa_baga_beach,2025-06-02,9941,0,0,1,Summer Vacation,32.9,rainy,6
kerala_backwaters,2025-06-02,5008,0,0,1,Summer Vacation,38.4,rainy,6
varanasi_ghats,2025-06-02,13971,0,0,1,Summer Vacation,34.5,sunny,6
hampi_ruins,2025-06-02,4586,0,0,1,Summer Vacation,34.5,rainy,6
manali,2025-06-02,13042,0,0,1,Summer Vacation,17.4,extreme_heat,6
mysore_palace,2025-06-02,7675,0,0,1,Summer Vacation,36.7,rainy,6
kempty_falls,2025-06-02,6259,0,0,1,Summer Vacation,35.4,rainy,6
robbers_cave,2025-06-02,4071,0,0,1,Summer Vacation,37.0,rainy,6
taj_mahal,2025-06-03,10861,1,0,1,Summer Vacation,33.2,rainy,6
jaipur_city_palace,2025-06-03,7709,1,0,1,Summer Vacation,35.9,rainy,6
goa_baga_beach,2025-06-03,13727,1,0,1,Summer Vacation,27.8,cloudy,6
kerala_backwaters,2025-06-03,9499,1,0,1,Summer Vacation,33.4,sunny,6
varanasi_ghats,2025-06-03,10504,1,0,1,Summer Vacation,35.8,rainy,6
hampi_ruins,2025-06-03,3890,1,0,1,Summer Vacation,37.8,rainy,6
manali,2025-06-03,18556,1,0,1,Summer Vacation,20.9,sunny,6
mysore_palace,2025-06-03,11316,1,0,1,Summer Vacation,38.9,cloudy,6
kempty_falls,2025-06-03,6464,1,0,1,Summer Vacation,32.1,extreme_heat,6
robbers_cave,2025-06-03,3733,1,0,1,Summer Vacation,35.7,rainy,6
taj_mahal,2025-06-04,13414,2,0,1,Summer Vacation,39.5,extreme_heat,6
jaipur_city_palace,2025-06-04,7359,2,0,1,Summer Vacation,34.0,rainy,6
goa_baga_beach,2025-06-04,10514,2,0,1,Summer Vacation,26.6,rainy,6
kerala_backwaters,2025-06-04,6080,2,0,1,Summer Vacation,34.1,rainy,6
varanasi_ghats,2025-06-04,14443,2,0,1,Summer Vacation,39.9,sunny,6
hampi_ruins,2025-06-04,5006,2,0,1,Summer Vacation,37.5,cloudy,6
manali,2025-06-04,12151,2,0,1,Summer Vacation,23.0,rainy,6
mysore_palace,2025-06-04,6816,2,0,1,Summer Vacation,35.3,rainy,6
kempty_falls,2025-06-04,6458,2,0,1,Summer Vacation,35.4,rainy,6
robbers_cave,2025-06-04,5500,2,0,1,Summer Vacation,36.8,cloudy,6
taj_mahal,2025-06-05,12660,3,0,1,Summer Vacation,38.1,rainy,6
jaipur_city_palace,2025-06-05,10670,3,0,1,Summer Vacation,37.9,extreme_heat,6
goa_baga_beach,2025-06-05,9457,3,0,1,Summer Vacation,32.4,rainy,6
kerala_backwaters,2025-06-05,5663,3,0,1,Summer Vacation,35.5,rainy,6
varanasi_ghats,2025-06-05,12368,3,0,1,Summer Vacation,34.6,cloudy,6
hampi_ruins,2025-06-05,5854,3,0,1,Summer Vacation,32.7,sunny,6
manali,2025-06-05,12838,3,0,1,Summer Vacation,17.5,extreme_heat,6
mysore_palace,2025-06-05,7158,3,0,1,Summer Vacation,36.0,rainy,6
kempty_falls,2025-06-05,7094,3,0,1,Summer Vacation,36.0,rainy,6
robbers_cave,2025-06-05,5484,3,0,1,Summer Vacation,36.3,cloudy,6
taj_mahal,2025-06-06,20830,4,0,1,Summer Vacation,37.0,sunny,6
jaipur_city_palace,2025-06-06,12251,4,0,1,Summer Vacation,32.2,cloudy,6
goa_baga_beach,2025-06-06,9141,4,0,1,Summer Vacation,29.9,rainy,6
kerala_backwaters,2025-06-06,4677,4,0,1,Summer Vacation,37.6,rainy,6
varanasi_ghats,2025-06-06,9433,4,0,1,Summer Vacation,37.7,rainy,6
hampi_ruins,2025-06-06,4477,4,0,1,Summer Vacation,34.2,rainy,6
manali,2025-06-06,12984,4,0,1,Summer Vacation,16.8,extreme_heat,6
mysore_palace,2025-06-06,8470,4,0,1,Summer Vacation,35.9,extreme_heat,6
kempty_falls,2025-06-06,9693,4,0,1,Summer Vacation,38.2,cloudy,6
robbers_cave,2025-06-06,4990,4,0,1,Summer Vacation,36.5,cloudy,6
taj_mahal,2025-06-07,26517,5,1,1,Summer Vacation,33.9,cloudy,6
jaipur_city_palace,2025-06-07,17995,5,1,1,Summer Vacation,36.5,cloudy,6
goa_baga_beach,2025-06-07,21245,5,1,1,Summer Vacation,28.2,cloudy,6
kerala_backwaters,2025-06-07,8051,5,1,1,Summer Vacation,33.8,rainy,6
varanasi_ghats,2025-06-07,13818,5,1,1,Summer Vacation,37.6,rainy,6
hampi_ruins,2025-06-07,6750,5,1,1,Summer Vacation,39.7,rainy,6
manali,2025-06-07,18538,5,1,1,Summer Vacation,23.3,rainy,6
mysore_palace,2025-06-07,16288,5,1,1,Summer Vacation,38.9,sunny,6
kempty_falls,2025-06-07,8800,5,1,1,Summer Vacation,35.2,rainy,6
robbers_cave,2025-06-07,5500,5,1,1,Summer Vacation,38.2,rainy,6
taj_mahal,2025-06-08,17898,6,1,1,Summer Vacation,33.1,rainy,6
jaipur_city_palace,2025-06-08,21938,6,1,1,Summer Vacation,33.6,sunny,6
goa_baga_beach,2025-06-08,25022,6,1,1,Summer Vacation,30.9,sunny,6
kerala_backwaters,2025-06-08,8370,6,1,1,Summer Vacation,35.3,rainy,6
varanasi_ghats,2025-06-08,14307,6,1,1,Summer Vacation,37.7,rainy,6
hampi_ruins,2025-06-08,8927,6,1,1,Summer Vacation,34.6,sunny,6
manali,2025-06-08,18742,6,1,1,Summer Vacation,19.1,rainy,6
mysore_palace,2025-06-08,11379,6,1,1,Summer Vacation,38.7,rainy,6
kempty_falls,2025-06-08,11000,6,1,1,Summer Vacation,35.1,cloudy,6
robbers_cave,2025-06-08,5500,6,1,1,Summer Vacation,35.7,extreme_heat,6
taj_mahal,2025-06-09,13249,0,0,1,Summer Vacation,38.7,rainy,6
jaipur_city_palace,2025-06-09,7527,0,0,1,Summer Vacation,33.4,rainy,6
goa_baga_beach,2025-06-09,10387,0,0,1,Summer Vacation,27.3,rainy,6
kerala_backwaters,2025-06-09,5821,0,0,1,Summer Vacation,36.1,rainy,6
varanasi_ghats,2025-06-09,15587,0,0,1,Summer Vacation,38.9,cloudy,6
hampi_ruins,2025-06-09,3536,0,0,1,Summer Vacation,39.8,rainy,6
manali,2025-06-09,14740,0,0,1,Summer Vacation,17.2,rainy,6
mysore_palace,2025-06-09,7178,0,0,1,Summer Vacation,36.0,rainy,6
kempty_falls,2025-06-09,10448,0,0,1,Summer Vacation,34.6,sunny,6
robbers_cave,2025-06-09,4000,0,0,1,Summer Vacation,35.8,rainy,6
taj_mahal,2025-06-10,11173,1,0,1,Summer Vacation,37.7,rainy,6
jaipur_city_palace,2025-06-10,8755,1,0,1,Summer Vacation,34.3,rainy,6
goa_baga_beach,2025-06-10,10312,1,0,1,Summer Vacation,29.2,rainy,6
kerala_backwaters,2025-06-10,8143,1,0,1,Summer Vacation,35.4,cloudy,6
varanasi_ghats,2025-06-10,8976,1,0,1,Summer Vacation,35.6,rainy,6
hampi_ruins,2025-06-10,4169,1,0,1,Summer Vacation,37.2,rainy,6
manali,2025-06-10,14622,1,0,1,Summer Vacation,21.6,rainy,6
mysore_palace,2025-06-10,7459,1,0,1,Summer Vacation,36.7,rainy,6
kempty_falls,2025-06-10,6991,1,0,1,Summer Vacation,34.5,rainy,6
robbers_cave,2025-06-10,4238,1,0,1,Summer Vacation,34.0,extreme_heat,6
taj_mahal,2025-06-11,16759,2,0,1,Summer Vacation,37.8,cloudy,6
jaipur_city_palace,2025-06-11,7357,2,0,1,Summer Vacation,36.8,rainy,6
goa_baga_beach,2025-06-11,9390,2,0,1,Summer Vacation,33.9,rainy,6
kerala_backwaters,2025-06-11,6573,2,0,1,Summer Vacation,35.5,cloudy,6
varanasi_ghats,2025-06-11,14210,2,0,1,Summer Vacation,38.3,cloudy,6
hampi_ruins,2025-06-11,4121,2,0,1,Summer Vacation,34.6,rainy,6
manali,2025-06-11,18687,2,0,1,Summer Vacation,18.6,cloudy,6
mysore_palace,2025-06-11,10932,2,0,1,Summer Vacation,36.4,cloudy,6
kempty_falls,2025-06-11,9727,2,0,1,Summer Vacation,33.2,cloudy,6
robbers_cave,2025-06-11,5500,2,0,1,Summer Vacation,34.7,cloudy,6
taj_mahal,2025-06-12,11350,3,0,1,Summer Vacation,35.6,extreme_heat,6
jaipur_city_palace,2025-06-12,13673,3,0,1,Summer Vacation,34.6,cloudy,6
goa_baga_beach,2025-06-12,15455,3,0,1,Summer Vacation,34.6,cloudy,6
kerala_backwaters,2025-06-12,5577,3,0,1,Summer Vacation,37.6,rainy,6
varanasi_ghats,2025-06-12,9919,3,0,1,Summer Vacation,37.9,rainy,6
hampi_ruins,2025-06-12,6015,3,0,1,Summer Vacation,34.2,sunny,6
manali,2025-06-12,13208,3,0,1,Summer Vacation,17.6,extreme_heat,6
mysore_palace,2025-06-12,11419,3,0,1,Summer Vacation,35.5,cloudy,6
kempty_falls,2025-06-12,8598,3,0,1,Summer Vacation,36.4,cloudy,6
robbers_cave,2025-06-12,3676,3,0,1,Summer Vacation,37.8,rainy,6
taj_mahal,2025-06-13,11721,4,0,1,Summer Vacation,35.6,rainy,6
jaipur_city_palace,2025-06-13,12553,4,0,1,Summer Vacation,34.9,cloudy,6
goa_baga_beach,2025-06-13,11190,4,0,1,Summer Vacation,30.8,rainy,6
kerala_backwaters,2025-06-13,8297,4,0,1,Summer Vacation,39.9,cloudy,6
varanasi_ghats,2025-06-13,13185,4,0,1,Summer Vacation,35.0,cloudy,6
hampi_ruins,2025-06-13,3673,4,0,1,Summer Vacation,33.1,rainy,6
manali,2025-06-13,20226,4,0,1,Summer Vacation,20.9,cloudy,6
mysore_palace,2025-06-13,12023,4,0,1,Summer Vacation,38.5,cloudy,6
kempty_falls,2025-06-13,6726,4,0,1,Summer Vacation,36.0,rainy,6
robbers_cave,2025-06-13,5498,4,0,1,Summer Vacation,34.2,cloudy,6
taj_mahal,2025-06-14,20386,5,1,1,Summer Vacation,35.5,extreme_heat,6
jaipur_city_palace,2025-06-14,11904,5,1,1,Summer Vacation,33.2,rainy,6
goa_baga_beach,2025-06-14,17697,5,1,1,Summer Vacation,28.5,sunny,6
kerala_backwaters,2025-06-14,11322,5,1,1,Summer Vacation,34.3,cloudy,6
varanasi_ghats,2025-06-14,22879,5,1,1,Summer Vacation,36.8,sunny,6
hampi_ruins,2025-06-14,6054,5,1,1,Summer Vacation,38.1,extreme_heat,6
manali,2025-06-14,18378,5,1,1,Summer Vacation,20.9,rainy,6
mysore_palace,2025-06-14,10652,5,1,1,Summer Vacation,34.4,extreme_heat,6
kempty_falls,2025-06-14,11000,5,1,1,Summer Vacation,33.8,sunny,6
robbers_cave,2025-06-14,5291,5,1,1,Summer Vacation,36.4,rainy,6
taj_mahal,2025-06-15,26983,6,1,1,Summer Vacation,34.0,cloudy,6
jaipur_city_palace,2025-06-15,14489,6,1,1,Summer Vacation,34.8,extreme_heat,6
goa_baga_beach,2025-06-15,17778,6,1,1,Summer Vacation,33.1,rainy,6
kerala_backwaters,2025-06-15,11894,6,1,1,Summer Vacation,35.9,cloudy,6
varanasi_ghats,2025-06-15,15854,6,1,1,Summer Vacation,34.1,rainy,6
hampi_ruins,2025-06-15,6319,6,1,1,Summer Vacation,39.7,rainy,6
manali,2025-06-15,24200,6,1,1,Summer Vacation,18.2,cloudy,6
mysore_palace,2025-06-15,12070,6,1,1,Summer Vacation,36.0,rainy,6
kempty_falls,2025-06-15,11000,6,1,1,Summer Vacation,33.6,sunny,6
robbers_cave,2025-06-15,5500,6,1,1,Summer Vacation,36.9,rainy,6
taj_mahal,2025-06-16,8191,0,0,0,,36.1,rainy,6
jaipur_city_palace,2025-06-16,4710,0,0,0,,35.8,rainy,6
goa_baga_beach,2025-06-16,7025,0,0,0,,28.5,rainy,6
kerala_backwaters,2025-06-16,5338,0,0,0,,36.2,cloudy,6
varanasi_ghats,2025-06-16,6849,0,0,0,,35.5,rainy,6
hampi_ruins,2025-06-16,3326,0,0,0,,37.5,extreme_heat,6
manali,2025-06-16,6314,0,0,0,,17.4,rainy,6
mysore_palace,2025-06-16,4864,0,0,0,,37.8,rainy,6
kempty_falls,2025-06-16,6393,0,0,0,,33.5,sunny,6
robbers_cave,2025-06-16,2587,0,0,0,,37.6,rainy,6
taj_mahal,2025-06-17,8297,1,0,0,,35.8,rainy,6
jaipur_city_palace,2025-06-17,5781,1,0,0,,33.6,rainy,6
goa_baga_beach,2025-06-17,11468,1,0,0,,30.9,sunny,6
kerala_backwaters,2025-06-17,3376,1,0,0,,32.7,rainy,6
varanasi_ghats,2025-06-17,5532,1,0,0,,38.2,rainy,6
hampi_ruins,2025-06-17,2787,1,0,0,,35.0,extreme_heat,6
manali,2025-06-17,12585,1,0,0,,18.8,cloudy,6
mysore_palace,2025-06-17,6362,1,0,0,,39.5,extreme_heat,6
kempty_falls,2025-06-17,3952,1,0,0,,36.4,rainy,6
robbers_cave,2025-06-17,3463,1,0,0,,36.0,sunny,6
taj_mahal,2025-06-18,10641,2,0,0,,34.4,sunny,6
jaipur_city_palace,2025-06-18,7104,2,0,0,,36.9,cloudy,6
goa_baga_beach,2025-06-18,5986,2,0,0,,33.9,rainy,6
kerala_backwaters,2025-06-18,5403,2,0,0,,35.6,sunny,6
varanasi_ghats,2025-06-18,8889,2,0,0,,36.3,cloudy,6
hampi_ruins,2025-06-18,2609,2,0,0,,34.6,rainy,6
manali,2025-06-18,11854,2,0,0,,19.0,cloudy,6
mysore_palace,2025-06-18,5323,2,0,0,,38.2,rainy,6
kempty_falls,2025-06-18,4074,2,0,0,,37.4,rainy,6
robbers_cave,2025-06-18,2598,2,0,0,,35.5,rainy,6
taj_mahal,2025-06-19,7824,3,0,0,,36.5,rainy,6
jaipur_city_palace,2025-06-19,5140,3,0,0,,37.3,extreme_heat,6
goa_baga_beach,2025-06-19,7423,3,0,0,,25.0,rainy,6
kerala_backwaters,2025-06-19,5267,3,0,0,,34.5,cloudy,6
varanasi_ghats,2025-06-19,10805,3,0,0,,35.1,cloudy,6
hampi_ruins,2025-06-19,2491,3,0,0,,35.9,rainy,6
manali,2025-06-19,13913,3,0,0,,19.7,sunny,6
mysore_palace,2025-06-19,4659,3,0,0,,35.8,rainy,6
kempty_falls,2025-06-19,4487,3,0,0,,36.9,rainy,6
robbers_cave,2025-06-19,2456,3,0,0,,38.6,rainy,6
taj_mahal,2025-06-20,8587,4,0,0,,31.0,rainy,6
jaipur_city_palace,2025-06-20,9201,4,0,0,,37.8,sunny,6
goa_baga_beach,2025-06-20,6335,4,0,0,,29.2,rainy,6
kerala_backwaters,2025-06-20,5248,4,0,0,,33.8,cloudy,6
varanasi_ghats,2025-06-20,8936,4,0,0,,37.2,cloudy,6
hampi_ruins,2025-06-20,2653,4,0,0,,31.6,rainy,6
manali,2025-06-20,8021,4,0,0,,17.8,rainy,6
mysore_palace,2025-06-20,7241,4,0,0,,39.5,cloudy,6
kempty_falls,2025-06-20,6118,4,0,0,,33.8,cloudy,6
robbers_cave,2025-06-20,2522,4,0,0,,35.6,rainy,6
taj_mahal,2025-06-21,16891,5,1,0,,35.0,cloudy,6
jaipur_city_palace,2025-06-21,8041,5,1,0,,35.8,rainy,6
goa_baga_beach,2025-06-21,14970,5,1,0,,31.3,cloudy,6
kerala_backwaters,2025-06-21,6816,5,1,0,,35.3,cloudy,6
varanasi_ghats,2025-06-21,7583,5,1,0,,32.7,rainy,6
hampi_ruins,2025-06-21,6319,5,1,0,,38.4,cloudy,6
manali,2025-06-21,13714,5,1,0,,15.6,rainy,6
mysore_palace,2025-06-21,6584,5,1,0,,37.4,extreme_heat,6
kempty_falls,2025-06-21,9187,5,1,0,,33.4,sunny,6
robbers_cave,2025-06-21,3301,5,1,0,,35.9,rainy,6
taj_mahal,2025-06-22,19033,6,1,0,,36.8,cloudy,6
jaipur_city_palace,2025-06-22,8192,6,1,0,,34.8,rainy,6
goa_baga_beach,2025-06-22,15535,6,1,0,,31.3,cloudy,6
kerala_backwaters,2025-06-22,8302,6,1,0,,37.8,cloudy,6
varanasi_ghats,2025-06-22,10906,6,1,0,,35.0,extreme_heat,6
hampi_ruins,2025-06-22,4616,6,1,0,,34.9,rainy,6
manali,2025-06-22,24121,6,1,0,,18.5,sunny,6
mysore_palace,2025-06-22,7441,6,1,0,,37.6,rainy,6
kempty_falls,2025-06-22,10447,6,1,0,,38.1,sunny,6
robbers_cave,2025-06-22,5500,6,1,0,,40.0,sunny,6
taj_mahal,2025-06-23,7543,0,0,0,,34.2,rainy,6
jaipur_city_palace,2025-06-23,5496,0,0,0,,38.0,rainy,6
goa_baga_beach,2025-06-23,6574,0,0,0,,28.7,rainy,6
kerala_backwaters,2025-06-23,3523,0,0,0,,34.9,extreme_heat,6
varanasi_ghats,2025-06-23,8786,0,0,0,,37.7,cloudy,6
hampi_ruins,2025-06-23,4047,0,0,0,,36.7,sunny,6
manali,2025-06-23,6831,0,0,0,,19.5,rainy,6
mysore_palace,2025-06-23,4551,0,0,0,,33.6,rainy,6
kempty_falls,2025-06-23,4180,0,0,0,,32.8,rainy,6
robbers_cave,2025-06-23,3614,0,0,0,,36.3,cloudy,6
taj_mahal,2025-06-24,12582,1,0,0,,37.0,sunny,6
jaipur_city_palace,2025-06-24,5746,1,0,0,,34.4,rainy,6
goa_baga_beach,2025-06-24,9838,1,0,0,,32.5,cloudy,6
kerala_backwaters,2025-06-24,3002,1,0,0,,36.1,rainy,6
varanasi_ghats,2025-06-24,6089,1,0,0,,33.3,rainy,6
hampi_ruins,2025-06-24,2488,1,0,0,,38.8,rainy,6
manali,2025-06-24,8637,1,0,0,,21.6,rainy,6
mysore_palace,2025-06-24,6776,1,0,0,,37.6,cloudy,6
kempty_falls,2025-06-24,4520,1,0,0,,38.0,rainy,6
robbers_cave,2025-06-24,3006,1,0,0,,35.9,cloudy,6
taj_mahal,2025-06-25,7628,2,0,0,,35.2,rainy,6
jaipur_city_palace,2025-06-25,8349,2,0,0,,37.4,cloudy,6
goa_baga_beach,2025-06-25,7120,2,0,0,,30.4,extreme_heat,6
kerala_backwaters,2025-06-25,5082,2,0,0,,39.2,cloudy,6
varanasi_ghats,2025-06-25,6544,2,0,0,,40.5,rainy,6
hampi_ruins,2025-06-25,4082,2,0,0,,36.6,cloudy,6
manali,2025-06-25,11816,2,0,0,,15.6,cloudy,6
mysore_palace,2025-06-25,4226,2,0,0,,35.0,rainy,6
kempty_falls,2025-06-25,4246,2,0,0,,32.4,rainy,6
robbers_cave,2025-06-25,2630,2,0,0,,31.2,rainy,6
taj_mahal,2025-06-26,8561,3,0,0,,35.4,rainy,6
jaipur_city_palace,2025-06-26,5076,3,0,0,,33.3,rainy,6
goa_baga_beach,2025-06-26,9472,3,0,0,,27.2,sunny,6
kerala_backwaters,2025-06-26,5559,3,0,0,,34.7,cloudy,6
varanasi_ghats,2025-06-26,8786,3,0,0,,37.0,cloudy,6
hampi_ruins,2025-06-26,2540,3,0,0,,37.2,rainy,6
manali,2025-06-26,7498,3,0,0,,23.8,extreme_heat,6
mysore_palace,2025-06-26,4600,3,0,0,,36.8,extreme_heat,6
kempty_falls,2025-06-26,4387,3,0,0,,33.9,rainy,6
robbers_cave,2025-06-26,3135,3,0,0,,38.4,cloudy,6
taj_mahal,2025-06-27,13403,4,0,0,,33.3,sunny,6
jaipur_city_palace,2025-06-27,7836,4,0,0,,36.8,cloudy,6
goa_baga_beach,2025-06-27,10014,4,0,0,,29.9,cloudy,6
kerala_backwaters,2025-06-27,3954,4,0,0,,35.6,extreme_heat,6
varanasi_ghats,2025-06-27,6081,4,0,0,,35.1,rainy,6
hampi_ruins,2025-06-27,2446,4,0,0,,37.8,rainy,6
manali,2025-06-27,12460,4,0,0,,20.6,cloudy,6
mysore_palace,2025-06-27,7822,4,0,0,,38.1,sunny,6
kempty_falls,2025-06-27,6162,4,0,0,,32.6,sunny,6
robbers_cave,2025-06-27,3964,4,0,0,,38.9,sunny,6
taj_mahal,2025-06-28,16991,5,1,0,,32.5,sunny,6
jaipur_city_palace,2025-06-28,7944,5,1,0,,41.0,rainy,6
goa_baga_beach,2025-06-28,9456,5,1,0,,30.3,rainy,6
kerala_backwaters,2025-06-28,4296,5,1,0,,36.8,rainy,6
varanasi_ghats,2025-06-28,14100,5,1,0,,34.9,cloudy,6
hampi_ruins,2025-06-28,6363,5,1,0,,38.4,cloudy,6
manali,2025-06-28,18905,5,1,0,,19.9,sunny,6
mysore_palace,2025-06-28,7520,5,1,0,,31.9,extreme_heat,6
kempty_falls,2025-06-28,6940,5,1,0,,35.2,rainy,6
robbers_cave,2025-06-28,5474,5,1,0,,35.0,sunny,6
taj_mahal,2025-06-29,12649,6,1,0,,34.1,rainy,6
jaipur_city_palace,2025-06-29,8172,6,1,0,,35.9,rainy,6
goa_baga_beach,2025-06-29,10146,6,1,0,,30.9,rainy,6
kerala_backwaters,2025-06-29,9730,6,1,0,,35.2,sunny,6
varanasi_ghats,2025-06-29,12071,6,1,0,,35.4,rainy,6
hampi_ruins,2025-06-29,6338,6,1,0,,35.1,sunny,6
manali,2025-06-29,21795,6,1,0,,19.4,sunny,6
mysore_palace,2025-06-29,9073,6,1,0,,36.8,extreme_heat,6
kempty_falls,2025-06-29,7183,6,1,0,,36.4,rainy,6
robbers_cave,2025-06-29,3796,6,1,0,,33.8,rainy,6
taj_mahal,2025-06-30,10451,0,0,0,,35.3,cloudy,6
jaipur_city_palace,2025-06-30,5026,0,0,0,,37.9,rainy,6
goa_baga_beach,2025-06-30,7108,0,0,0,,30.7,rainy,6
kerala_backwaters,2025-06-30,5297,0,0,0,,40.4,sunny,6
varanasi_ghats,2025-06-30,8963,0,0,0,,37.1,cloudy,6
hampi_ruins,2025-06-30,4422,0,0,0,,33.8,sunny,6
manali,2025-06-30,8361,0,0,0,,22.5,rainy,6
mysore_palace,2025-06-30,4654,0,0,0,,38.4,rainy,6
kempty_falls,2025-06-30,3725,0,0,0,,40.0,rainy,6
robbers_cave,2025-06-30,3010,0,0,0,,36.2,sunny,6
taj_mahal,2025-07-01,7388,1,0,0,,32.4,extreme_heat,7
jaipur_city_palace,2025-07-01,5255,1,0,0,,32.2,rainy,7
goa_baga_beach,2025-07-01,5815,1,0,0,,27.3,rainy,7
kerala_backwaters,2025-07-01,3850,1,0,0,,30.6,extreme_heat,7
varanasi_ghats,2025-07-01,5959,1,0,0,,31.9,rainy,7
hampi_ruins,2025-07-01,2532,1,0,0,,33.5,rainy,7
manali,2025-07-01,4218,1,0,0,,16.8,rainy,7
mysore_palace,2025-07-01,5142,1,0,0,,30.2,rainy,7
kempty_falls,2025-07-01,2968,1,0,0,,31.9,sunny,7
robbers_cave,2025-07-01,1858,1,0,0,,31.4,cloudy,7
taj_mahal,2025-07-02,8156,2,0,0,,29.9,rainy,7
jaipur_city_palace,2025-07-02,7067,2,0,0,,34.0,cloudy,7
goa_baga_beach,2025-07-02,7534,2,0,0,,25.9,rainy,7
kerala_backwaters,2025-07-02,3457,2,0,0,,32.8,rainy,7
varanasi_ghats,2025-07-02,9863,2,0,0,,31.9,cloudy,7
hampi_ruins,2025-07-02,3940,2,0,0,,32.5,cloudy,7
manali,2025-07-02,4091,2,0,0,,23.0,rainy,7
mysore_palace,2025-07-02,5193,2,0,0,,34.1,rainy,7
kempty_falls,2025-07-02,2257,2,0,0,,35.3,rainy,7
robbers_cave,2025-07-02,1756,2,0,0,,38.4,cloudy,7
taj_mahal,2025-07-03,7624,3,0,0,,31.4,extreme_heat,7
jaipur_city_palace,2025-07-03,5151,3,0,0,,30.5,rainy,7
goa_baga_beach,2025-07-03,6204,3,0,0,,27.8,rainy,7
kerala_backwaters,2025-07-03,5651,3,0,0,,29.1,sunny,7
varanasi_ghats,2025-07-03,5573,3,0,0,,32.5,rainy,7
hampi_ruins,2025-07-03,3590,3,0,0,,31.5,cloudy,7
manali,2025-07-03,4403,3,0,0,,20.7,rainy,7
mysore_palace,2025-07-03,5643,3,0,0,,31.3,rainy,7
kempty_falls,2025-07-03,2345,3,0,0,,32.4,rainy,7
robbers_cave,2025-07-03,1679,3,0,0,,33.4,extreme_heat,7
taj_mahal,2025-07-04,8246,4,0,0,,32.0,rainy,7
jaipur_city_palace,2025-07-04,5402,4,0,0,,32.7,extreme_heat,7
goa_baga_beach,2025-07-04,10921,4,0,0,,29.6,sunny,7
kerala_backwaters,2025-07-04,3716,4,0,0,,31.6,rainy,7
varanasi_ghats,2025-07-04,10467,4,0,0,,32.7,sunny,7
hampi_ruins,2025-07-04,3898,4,0,0,,33.5,sunny,7
manali,2025-07-04,3828,4,0,0,,22.7,rainy,7
mysore_palace,2025-07-04,3918,4,0,0,,32.8,rainy,7
kempty_falls,2025-07-04,2296,4,0,0,,32.4,rainy,7
robbers_cave,2025-07-04,1207,4,0,0,,33.6,rainy,7
taj_mahal,2025-07-05,12513,5,1,0,,28.4,rainy,7
jaipur_city_palace,2025-07-05,8405,5,1,0,,34.3,rainy,7
goa_baga_beach,2025-07-05,9971,5,1,0,,25.0,rainy,7
kerala_backwaters,2025-07-05,5517,5,1,0,,33.3,rainy,7
varanasi_ghats,2025-07-05,12478,5,1,0,,31.5,cloudy,7
hampi_ruins,2025-07-05,4188,5,1,0,,30.6,rainy,7
manali,2025-07-05,6580,5,1,0,,24.2,rainy,7
mysore_palace,2025-07-05,7615,5,1,0,,33.4,extreme_heat,7
kempty_falls,2025-07-05,3311,5,1,0,,30.7,extreme_heat,7
robbers_cave,2025-07-05,2838,5,1,0,,31.1,sunny,7
taj_mahal,2025-07-06,19294,6,1,0,,32.6,sunny,7
jaipur_city_palace,2025-07-06,11897,6,1,0,,30.3,cloudy,7
goa_baga_beach,2025-07-06,9540,6,1,0,,28.1,rainy,7
kerala_backwaters,2025-07-06,5841,6,1,0,,36.3,rainy,7
varanasi_ghats,2025-07-06,9797,6,1,0,,30.5,rainy,7
hampi_ruins,2025-07-06,6066,6,1,0,,31.2,cloudy,7
manali,2025-07-06,10298,6,1,0,,22.8,cloudy,7
mysore_palace,2025-07-06,10945,6,1,0,,30.6,cloudy,7
kempty_falls,2025-07-06,3760,6,1,0,,32.9,rainy,7
robbers_cave,2025-07-06,2092,6,1,0,,32.0,rainy,7
taj_mahal,2025-07-07,7660,0,0,0,,28.5,rainy,7
jaipur_city_palace,2025-07-07,5322,0,0,0,,29.9,rainy,7
goa_baga_beach,2025-07-07,11379,0,0,0,,25.7,sunny,7
kerala_backwaters,2025-07-07,4651,0,0,0,,28.8,cloudy,7
varanasi_ghats,2025-07-07,5657,0,0,0,,30.5,rainy,7
hampi_ruins,2025-07-07,2810,0,0,0,,33.1,rainy,7
manali,2025-07-07,6619,0,0,0,,24.0,sunny,7
mysore_palace,2025-07-07,8043,0,0,0,,32.9,cloudy,7
kempty_falls,2025-07-07,4086,0,0,0,,34.1,sunny,7
robbers_cave,2025-07-07,1335,0,0,0,,32.2,rainy,7
taj_mahal,2025-07-08,6806,1,0,0,,30.2,rainy,7
jaipur_city_palace,2025-07-08,8280,1,0,0,,30.9,cloudy,7
goa_baga_beach,2025-07-08,11216,1,0,0,,30.2,cloudy,7
kerala_backwaters,2025-07-08,3056,1,0,0,,32.3,rainy,7
varanasi_ghats,2025-07-08,6226,1,0,0,,30.8,rainy,7
hampi_ruins,2025-07-08,2329,1,0,0,,32.2,rainy,7
manali,2025-07-08,6970,1,0,0,,21.8,cloudy,7
mysore_palace,2025-07-08,4340,1,0,0,,31.7,rainy,7
kempty_falls,2025-07-08,3355,1,0,0,,30.1,cloudy,7
robbers_cave,2025-07-08,1231,1,0,0,,31.4,rainy,7
taj_mahal,2025-07-09,12169,2,0,0,,32.6,sunny,7
jaipur_city_palace,2025-07-09,7369,2,0,0,,29.7,cloudy,7
goa_baga_beach,2025-07-09,7724,2,0,0,,26.0,rainy,7
kerala_backwaters,2025-07-09,3700,2,0,0,,35.9,extreme_heat,7
varanasi_ghats,2025-07-09,8676,2,0,0,,31.9,cloudy,7
hampi_ruins,2025-07-09,3756,2,0,0,,34.6,cloudy,7
manali,2025-07-09,4303,2,0,0,,23.6,rainy,7
mysore_palace,2025-07-09,4327,2,0,0,,33.2,rainy,7
kempty_falls,2025-07-09,1924,2,0,0,,29.3,rainy,7
robbers_cave,2025-07-09,1557,2,0,0,,29.1,extreme_heat,7
taj_mahal,2025-07-10,10660,3,0,0,,31.4,cloudy,7
jaipur_city_palace,2025-07-10,4891,3,0,0,,33.3,rainy,7
goa_baga_beach,2025-07-10,6590,3,0,0,,31.4,rainy,7
kerala_backwaters,2025-07-10,5892,3,0,0,,32.8,cloudy,7
varanasi_ghats,2025-07-10,8675,3,0,0,,33.0,cloudy,7
hampi_ruins,2025-07-10,3881,3,0,0,,33.7,cloudy,7
manali,2025-07-10,4469,3,0,0,,27.8,rainy,7
mysore_palace,2025-07-10,7304,3,0,0,,32.5,sunny,7
kempty_falls,2025-07-10,2404,3,0,0,,32.2,extreme_heat,7
robbers_cave,2025-07-10,1389,3,0,0,,31.0,extreme_heat,7
taj_mahal,2025-07-11,7669,4,0,0,,33.1,rainy,7
jaipur_city_palace,2025-07-11,5574,4,0,0,,30.7,rainy,7
goa_baga_beach,2025-07-11,9516,4,0,0,,28.8,sunny,7
kerala_backwaters,2025-07-11,5677,4,0,0,,35.4,sunny,7
varanasi_ghats,2025-07-11,5805,4,0,0,,30.1,rainy,7
hampi_ruins,2025-07-11,2516,4,0,0,,30.1,rainy,7
manali,2025-07-11,6159,4,0,0,,22.8,sunny,7
mysore_palace,2025-07-11,7417,4,0,0,,31.9,cloudy,7
kempty_falls,2025-07-11,3448,4,0,0,,33.7,sunny,7
robbers_cave,2025-07-11,1217,4,0,0,,35.5,rainy,7
taj_mahal,2025-07-12,11647,5,1,0,,33.2,rainy,7
jaipur_city_palace,2025-07-12,11907,5,1,0,,30.8,sunny,7
goa_baga_beach,2025-07-12,10603,5,1,0,,29.8,rainy,7
kerala_backwaters,2025-07-12,4272,5,1,0,,32.7,rainy,7
varanasi_ghats,2025-07-12,11394,5,1,0,,32.7,cloudy,7
hampi_ruins,2025-07-12,5856,5,1,0,,31.7,sunny,7
manali,2025-07-12,6946,5,1,0,,25.1,extreme_heat,7
mysore_palace,2025-07-12,7536,5,1,0,,34.8,rainy,7
kempty_falls,2025-07-12,2910,5,1,0,,30.4,rainy,7
robbers_cave,2025-07-12,2070,5,1,0,,31.9,extreme_heat,7
taj_mahal,2025-07-13,11437,6,1,0,,32.5,rainy,7
jaipur_city_palace,2025-07-13,12534,6,1,0,,31.0,sunny,7
goa_baga_beach,2025-07-13,10095,6,1,0,,27.5,extreme_heat,7
kerala_backwaters,2025-07-13,8060,6,1,0,,30.9,cloudy,7
varanasi_ghats,2025-07-13,15253,6,1,0,,32.2,cloudy,7
hampi_ruins,2025-07-13,4673,6,1,0,,30.7,rainy,7
manali,2025-07-13,7782,6,1,0,,22.8,extreme_heat,7
mysore_palace,2025-07-13,8542,6,1,0,,34.1,extreme_heat,7
kempty_falls,2025-07-13,3524,6,1,0,,34.1,rainy,7
robbers_cave,2025-07-13,3499,6,1,0,,31.3,cloudy,7
taj_mahal,2025-07-14,10376,0,0,0,,32.5,cloudy,7
jaipur_city_palace,2025-07-14,8390,0,0,0,,35.3,sunny,7
goa_baga_beach,2025-07-14,6062,0,0,0,,27.3,rainy,7
kerala_backwaters,2025-07-14,3409,0,0,0,,32.8,rainy,7
varanasi_ghats,2025-07-14,8728,0,0,0,,30.7,cloudy,7
hampi_ruins,2025-07-14,2633,0,0,0,,30.2,rainy,7
manali,2025-07-14,6584,0,0,0,,25.5,cloudy,7
mysore_palace,2025-07-14,7695,0,0,0,,33.0,sunny,7
kempty_falls,2025-07-14,2720,0,0,0,,32.6,sunny,7
robbers_cave,2025-07-14,1957,0,0,0,,36.2,cloudy,7
taj_mahal,2025-07-15,8033,1,0,0,,29.2,extreme_heat,7
jaipur_city_palace,2025-07-15,6203,1,0,0,,33.1,rainy,7
goa_baga_beach,2025-07-15,5464,1,0,0,,25.1,rainy,7
kerala_backwaters,2025-07-15,3829,1,0,0,,31.9,rainy,7
varanasi_ghats,2025-07-15,5639,1,0,0,,31.1,rainy,7
hampi_ruins,2025-07-15,4000,1,0,0,,31.4,cloudy,7
manali,2025-07-15,6894,1,0,0,,22.7,sunny,7
mysore_palace,2025-07-15,7273,1,0,0,,33.3,cloudy,7
kempty_falls,2025-07-15,2455,1,0,0,,35.2,extreme_heat,7
robbers_cave,2025-07-15,2035,1,0,0,,33.4,cloudy,7
taj_mahal,2025-07-16,11436,2,0,0,,32.2,sunny,7
jaipur_city_palace,2025-07-16,6345,2,0,0,,31.2,extreme_heat,7
goa_baga_beach,2025-07-16,7241,2,0,0,,28.9,extreme_heat,7
kerala_backwaters,2025-07-16,3250,2,0,0,,34.3,rainy,7
varanasi_ghats,2025-07-16,5707,2,0,0,,25.7,rainy,7
hampi_ruins,2025-07-16,3088,2,0,0,,33.2,extreme_heat,7
manali,2025-07-16,7310,2,0,0,,25.5,cloudy,7
mysore_palace,2025-07-16,7401,2,0,0,,34.8,sunny,7
kempty_falls,2025-07-16,2374,2,0,0,,29.4,extreme_heat,7
robbers_cave,2025-07-16,1527,2,0,0,,34.5,extreme_heat,7
taj_mahal,2025-07-17,7835,3,0,0,,27.1,rainy,7
jaipur_city_palace,2025-07-17,7391,3,0,0,,32.9,sunny,7
goa_baga_beach,2025-07-17,12025,3,0,0,,29.3,sunny,7
kerala_backwaters,2025-07-17,4851,3,0,0,,33.4,sunny,7
varanasi_ghats,2025-07-17,8962,3,0,0,,35.7,cloudy,7
hampi_ruins,2025-07-17,4042,3,0,0,,28.8,cloudy,7
manali,2025-07-17,4610,3,0,0,,22.7,rainy,7
mysore_palace,2025-07-17,7549,3,0,0,,28.9,sunny,7
kempty_falls,2025-07-17,3297,3,0,0,,31.1,cloudy,7
robbers_cave,2025-07-17,2047,3,0,0,,34.6,sunny,7
taj_mahal,2025-07-18,13110,4,0,0,,31.4,cloudy,7
jaipur_city_palace,2025-07-18,4894,4,0,0,,31.0,rainy,7
goa_baga_beach,2025-07-18,9904,4,0,0,,23.9,cloudy,7
kerala_backwaters,2025-07-18,5531,4,0,0,,31.8,sunny,7
varanasi_ghats,2025-07-18,8005,4,0,0,,32.5,cloudy,7
hampi_ruins,2025-07-18,4185,4,0,0,,31.5,sunny,7
manali,2025-07-18,4699,4,0,0,,20.2,rainy,7
mysore_palace,2025-07-18,5343,4,0,0,,29.7,rainy,7
kempty_falls,2025-07-18,3812,4,0,0,,29.5,sunny,7
robbers_cave,2025-07-18,2083,4,0,0,,31.6,cloudy,7
taj_mahal,2025-07-19,11753,5,1,0,,31.6,rainy,7
jaipur_city_palace,2025-07-19,7341,5,1,0,,32.9,rainy,7
goa_baga_beach,2025-07-19,14359,5,1,0,,27.5,cloudy,7
kerala_backwaters,2025-07-19,5175,5,1,0,,28.9,rainy,7
varanasi_ghats,2025-07-19,9125,5,1,0,,34.2,rainy,7
hampi_ruins,2025-07-19,5500,5,1,0,,33.0,sunny,7
manali,2025-07-19,10326,5,1,0,,17.2,sunny,7
mysore_palace,2025-07-19,11086,5,1,0,,34.3,cloudy,7
kempty_falls,2025-07-19,5361,5,1,0,,31.4,cloudy,7
robbers_cave,2025-07-19,1738,5,1,0,,32.2,rainy,7
taj_mahal,2025-07-20,11890,6,1,0,,28.8,rainy,7
jaipur_city_palace,2025-07-20,13972,6,1,0,,36.1,cloudy,7
goa_baga_beach,2025-07-20,9196,6,1,0,,29.8,rainy,7
kerala_backwaters,2025-07-20,6372,6,1,0,,35.0,rainy,7
varanasi_ghats,2025-07-20,15763,6,1,0,,33.3,sunny,7
hampi_ruins,2025-07-20,4197,6,1,0,,32.9,rainy,7
manali,2025-07-20,7157,6,1,0,,24.9,rainy,7
mysore_palace,2025-07-20,9526,6,1,0,,30.8,cloudy,7
kempty_falls,2025-07-20,5077,6,1,0,,32.9,sunny,7
robbers_cave,2025-07-20,3120,6,1,0,,33.9,sunny,7
taj_mahal,2025-07-21,8447,0,0,0,,33.9,rainy,7
jaipur_city_palace,2025-07-21,5283,0,0,0,,28.0,rainy,7
goa_baga_beach,2025-07-21,6524,0,0,0,,26.9,extreme_heat,7
kerala_backwaters,2025-07-21,3949,0,0,0,,31.8,extreme_heat,7
varanasi_ghats,2025-07-21,8638,0,0,0,,32.9,cloudy,7
hampi_ruins,2025-07-21,3794,0,0,0,,31.4,cloudy,7
manali,2025-07-21,4519,0,0,0,,24.2,rainy,7
mysore_palace,2025-07-21,4956,0,0,0,,29.2,extreme_heat,7
kempty_falls,2025-07-21,2316,0,0,0,,29.9,rainy,7
robbers_cave,2025-07-21,1407,0,0,0,,34.0,extreme_heat,7
taj_mahal,2025-07-22,8613,1,0,0,,31.4,rainy,7
jaipur_city_palace,2025-07-22,5580,1,0,0,,31.9,extreme_heat,7
goa_baga_beach,2025-07-22,6131,1,0,0,,25.2,extreme_heat,7
kerala_backwaters,2025-07-22,3702,1,0,0,,31.2,rainy,7
varanasi_ghats,2025-07-22,9484,1,0,0,,31.9,sunny,7
hampi_ruins,2025-07-22,4285,1,0,0,,32.0,cloudy,7
manali,2025-07-22,6652,1,0,0,,18.9,sunny,7
mysore_palace,2025-07-22,4830,1,0,0,,33.6,rainy,7
kempty_falls,2025-07-22,2194,1,0,0,,31.5,rainy,7
robbers_cave,2025-07-22,1319,1,0,0,,35.9,rainy,7
taj_mahal,2025-07-23,7526,2,0,0,,31.7,rainy,7
jaipur_city_palace,2025-07-23,8311,2,0,0,,32.3,sunny,7
goa_baga_beach,2025-07-23,6631,2,0,0,,28.7,rainy,7
kerala_backwaters,2025-07-23,4242,2,0,0,,35.1,rainy,7
varanasi_ghats,2025-07-23,6231,2,0,0,,32.1,extreme_heat,7
hampi_ruins,2025-07-23,4198,2,0,0,,34.8,sunny,7
manali,2025-07-23,4636,2,0,0,,21.5,extreme_heat,7
mysore_palace,2025-07-23,7924,2,0,0,,30.4,cloudy,7
kempty_falls,2025-07-23,2386,2,0,0,,32.9,rainy,7
robbers_cave,2025-07-23,1374,2,0,0,,30.2,rainy,7
taj_mahal,2025-07-24,7374,3,0,0,,33.2,rainy,7
jaipur_city_palace,2025-07-24,4994,3,0,0,,33.2,rainy,7
goa_baga_beach,2025-07-24,9869,3,0,0,,26.5,cloudy,7
kerala_backwaters,2025-07-24,3115,3,0,0,,29.2,rainy,7
varanasi_ghats,2025-07-24,7083,3,0,0,,34.6,rainy,7
hampi_ruins,2025-07-24,3791,3,0,0,,33.3,sunny,7
manali,2025-07-24,7391,3,0,0,,22.5,sunny,7
mysore_palace,2025-07-24,8182,3,0,0,,30.1,sunny,7
kempty_falls,2025-07-24,2056,3,0,0,,31.6,rainy,7
robbers_cave,2025-07-24,1511,3,0,0,,32.4,rainy,7
taj_mahal,2025-07-25,8073,4,0,0,,28.7,extreme_heat,7
jaipur_city_palace,2025-07-25,5725,4,0,0,,34.6,extreme_heat,7
goa_baga_beach,2025-07-25,6804,4,0,0,,30.0,rainy,7
kerala_backwaters,2025-07-25,3295,4,0,0,,35.3,rainy,7
varanasi_ghats,2025-07-25,6197,4,0,0,,32.9,rainy,7
hampi_ruins,2025-07-25,4091,4,0,0,,34.0,sunny,7
manali,2025-07-25,4286,4,0,0,,22.7,rainy,7
mysore_palace,2025-07-25,6882,4,0,0,,35.2,cloudy,7
kempty_falls,2025-07-25,3405,4,0,0,,33.1,cloudy,7
robbers_cave,2025-07-25,1054,4,0,0,,33.4,rainy,7
taj_mahal,2025-07-26,18194,5,1,0,,34.6,sunny,7
jaipur_city_palace,2025-07-26,12848,5,1,0,,33.4,cloudy,7
goa_baga_beach,2025-07-26,9274,5,1,0,,29.9,rainy,7
kerala_backwaters,2025-07-26,8377,5,1,0,,27.2,cloudy,7
varanasi_ghats,2025-07-26,13300,5,1,0,,34.4,cloudy,7
hampi_ruins,2025-07-26,5996,5,1,0,,30.9,sunny,7
manali,2025-07-26,5896,5,1,0,,20.0,rainy,7
mysore_palace,2025-07-26,11402,5,1,0,,31.6,sunny,7
kempty_falls,2025-07-26,3279,5,1,0,,32.0,extreme_heat,7
robbers_cave,2025-07-26,1953,5,1,0,,32.0,rainy,7
taj_mahal,2025-07-27,13266,6,1,0,,35.9,rainy,7
jaipur_city_palace,2025-07-27,12375,6,1,0,,31.1,cloudy,7
goa_baga_beach,2025-07-27,10910,6,1,0,,33.0,rainy,7
kerala_backwaters,2025-07-27,5298,6,1,0,,30.3,rainy,7
varanasi_ghats,2025-07-27,11195,6,1,0,,36.8,rainy,7
hampi_ruins,2025-07-27,3865,6,1,0,,31.3,rainy,7
manali,2025-07-27,7063,6,1,0,,22.8,rainy,7
mysore_palace,2025-07-27,6491,6,1,0,,30.9,rainy,7
kempty_falls,2025-07-27,3621,6,1,0,,33.9,rainy,7
robbers_cave,2025-07-27,2881,6,1,0,,32.4,cloudy,7
taj_mahal,2025-07-28,13231,0,0,0,,31.1,sunny,7
jaipur_city_palace,2025-07-28,5018,0,0,0,,34.0,extreme_heat,7
goa_baga_beach,2025-07-28,9724,0,0,0,,30.2,cloudy,7
kerala_backwaters,2025-07-28,5486,0,0,0,,31.3,cloudy,7
varanasi_ghats,2025-07-28,5768,0,0,0,,34.4,rainy,7
hampi_ruins,2025-07-28,4395,0,0,0,,34.5,cloudy,7
manali,2025-07-28,4403,0,0,0,,21.8,rainy,7
mysore_palace,2025-07-28,4162,0,0,0,,31.2,rainy,7
kempty_falls,2025-07-28,2226,0,0,0,,33.8,rainy,7
robbers_cave,2025-07-28,1271,0,0,0,,31.1,rainy,7
taj_mahal,2025-07-29,7840,1,0,0,,34.9,rainy,7
jaipur_city_palace,2025-07-29,7779,1,0,0,,30.1,cloudy,7
goa_baga_beach,2025-07-29,6313,1,0,0,,27.7,rainy,7
kerala_backwaters,2025-07-29,3140,1,0,0,,31.4,rainy,7
varanasi_ghats,2025-07-29,8568,1,0,0,,32.6,cloudy,7
hampi_ruins,2025-07-29,2456,1,0,0,,30.6,rainy,7
manali,2025-07-29,6437,1,0,0,,22.5,cloudy,7
mysore_palace,2025-07-29,5060,1,0,0,,36.7,rainy,7
kempty_falls,2025-07-29,2242,1,0,0,,33.4,rainy,7
robbers_cave,2025-07-29,1254,1,0,0,,32.0,rainy,7
taj_mahal,2025-07-30,6652,2,0,0,,31.0,rainy,7
jaipur_city_palace,2025-07-30,7800,2,0,0,,35.0,cloudy,7
goa_baga_beach,2025-07-30,5884,2,0,0,,29.3,rainy,7
kerala_backwaters,2025-07-30,4153,2,0,0,,33.9,rainy,7
varanasi_ghats,2025-07-30,6055,2,0,0,,31.6,rainy,7
hampi_ruins,2025-07-30,2878,2,0,0,,36.4,rainy,7
manali,2025-07-30,4468,2,0,0,,23.3,rainy,7
mysore_palace,2025-07-30,5644,2,0,0,,30.7,extreme_heat,7
kempty_falls,2025-07-30,2255,2,0,0,,31.0,rainy,7
robbers_cave,2025-07-30,1057,2,0,0,,34.4,rainy,7
taj_mahal,2025-07-31,9298,3,0,0,,33.2,extreme_heat,7
jaipur_city_palace,2025-07-31,5547,3,0,0,,33.2,extreme_heat,7
goa_baga_beach,2025-07-31,5634,3,0,0,,26.2,rainy,7
kerala_backwaters,2025-07-31,4779,3,0,0,,30.8,sunny,7
varanasi_ghats,2025-07-31,6127,3,0,0,,32.2,rainy,7
hampi_ruins,2025-07-31,2566,3,0,0,,31.0,rainy,7
manali,2025-07-31,5632,3,0,0,,20.4,cloudy,7
mysore_palace,2025-07-31,4972,3,0,0,,33.4,rainy,7
kempty_falls,2025-07-31,2514,3,0,0,,33.8,extreme_heat,7
robbers_cave,2025-07-31,2094,3,0,0,,27.9,cloudy,7
taj_mahal,2025-08-01,9665,4,0,0,,32.0,extreme_heat,8
jaipur_city_palace,2025-08-01,4861,4,0,0,,31.6,rainy,8
goa_baga_beach,2025-08-01,6269,4,0,0,,27.0,rainy,8
kerala_backwaters,2025-08-01,4293,4,0,0,,29.2,extreme_heat,8
varanasi_ghats,2025-08-01,10217,4,0,0,,32.9,sunny,8
hampi_ruins,2025-08-01,2611,4,0,0,,31.7,rainy,8
manali,2025-08-01,6484,4,0,0,,20.6,cloudy,8
mysore_palace,2025-08-01,4944,4,0,0,,29.5,rainy,8
kempty_falls,2025-08-01,1995,4,0,0,,31.9,rainy,8
robbers_cave,2025-08-01,1618,4,0,0,,33.5,cloudy,8
taj_mahal,2025-08-02,17577,5,1,0,,33.7,cloudy,8
jaipur_city_palace,2025-08-02,12469,5,1,0,,33.3,cloudy,8
goa_baga_beach,2025-08-02,8272,5,1,0,,28.5,rainy,8
kerala_backwaters,2025-08-02,7194,5,1,0,,32.8,cloudy,8
varanasi_ghats,2025-08-02,8783,5,1,0,,30.5,rainy,8
hampi_ruins,2025-08-02,5665,5,1,0,,33.1,cloudy,8
manali,2025-08-02,10040,5,1,0,,26.3,cloudy,8
mysore_palace,2025-08-02,7325,5,1,0,,28.9,rainy,8
kempty_falls,2025-08-02,3194,5,1,0,,32.7,rainy,8
robbers_cave,2025-08-02,2074,5,1,0,,30.4,rainy,8
taj_mahal,2025-08-03,17395,6,1,0,,31.6,cloudy,8
jaipur_city_palace,2025-08-03,12849,6,1,0,,31.9,sunny,8
goa_baga_beach,2025-08-03,11803,6,1,0,,30.4,rainy,8
kerala_backwaters,2025-08-03,5467,6,1,0,,31.7,rainy,8
varanasi_ghats,2025-08-03,11377,6,1,0,,30.6,extreme_heat,8
hampi_ruins,2025-08-03,4172,6,1,0,,30.4,rainy,8
manali,2025-08-03,10959,6,1,0,,19.6,cloudy,8
mysore_palace,2025-08-03,7852,6,1,0,,29.5,extreme_heat,8
kempty_falls,2025-08-03,3850,6,1,0,,29.9,rainy,8
robbers_cave,2025-08-03,1961,6,1,0,,29.1,rainy,8
taj_mahal,2025-08-04,12763,0,0,0,,28.2,cloudy,8
jaipur_city_palace,2025-08-04,5436,0,0,0,,30.6,rainy,8
goa_baga_beach,2025-08-04,5274,0,0,0,,28.3,rainy,8
kerala_backwaters,2025-08-04,4341,0,0,0,,29.3,extreme_heat,8
varanasi_ghats,2025-08-04,9660,0,0,0,,30.5,sunny,8
hampi_ruins,2025-08-04,2262,0,0,0,,31.9,extreme_heat,8
manali,2025-08-04,4318,0,0,0,,27.3,rainy,8
mysore_palace,2025-08-04,5018,0,0,0,,29.6,rainy,8
kempty_falls,2025-08-04,2174,0,0,0,,31.2,rainy,8
robbers_cave,2025-08-04,1352,0,0,0,,31.8,rainy,8
taj_mahal,2025-08-05,6888,1,0,0,,31.6,rainy,8
jaipur_city_palace,2025-08-05,7246,1,0,0,,29.4,cloudy,8
goa_baga_beach,2025-08-05,9504,1,0,0,,27.2,cloudy,8
kerala_backwaters,2025-08-05,5425,1,0,0,,27.3,sunny,8
varanasi_ghats,2025-08-05,6866,1,0,0,,31.1,extreme_heat,8
hampi_ruins,2025-08-05,3712,1,0,0,,30.7,cloudy,8
manali,2025-08-05,6767,1,0,0,,19.8,cloudy,8
mysore_palace,2025-08-05,4678,1,0,0,,31.8,rainy,8
kempty_falls,2025-08-05,2213,1,0,0,,34.0,rainy,8
robbers_cave,2025-08-05,1599,1,0,0,,32.2,cloudy,8
taj_mahal,2025-08-06,11617,2,0,0,,29.8,cloudy,8
jaipur_city_palace,2025-08-06,4783,2,0,0,,30.7,extreme_heat,8
goa_baga_beach,2025-08-06,9288,2,0,0,,30.8,cloudy,8
kerala_backwaters,2025-08-06,5781,2,0,0,,29.7,sunny,8
varanasi_ghats,2025-08-06,8873,2,0,0,,29.1,cloudy,8
hampi_ruins,2025-08-06,2468,2,0,0,,29.8,rainy,8
manali,2025-08-06,6631,2,0,0,,18.4,sunny,8
mysore_palace,2025-08-06,5038,2,0,0,,32.2,rainy,8
kempty_falls,2025-08-06,3352,2,0,0,,26.9,cloudy,8
robbers_cave,2025-08-06,1170,2,0,0,,28.5,rainy,8
taj_mahal,2025-08-07,8387,3,0,0,,31.0,rainy,8
jaipur_city_palace,2025-08-07,6033,3,0,0,,27.3,rainy,8
goa_baga_beach,2025-08-07,5863,3,0,0,,33.6,rainy,8
kerala_backwaters,2025-08-07,5053,3,0,0,,31.9,cloudy,8
varanasi_ghats,2025-08-07,6325,3,0,0,,33.1,rainy,8
hampi_ruins,2025-08-07,2631,3,0,0,,26.0,rainy,8
manali,2025-08-07,4212,3,0,0,,20.3,rainy,8
mysore_palace,2025-08-07,7461,3,0,0,,31.7,sunny,8
kempty_falls,2025-08-07,3742,3,0,0,,32.5,sunny,8
robbers_cave,2025-08-07,1433,3,0,0,,29.0,rainy,8
taj_mahal,2025-08-08,8028,4,0,0,,30.3,rainy,8
jaipur_city_palace,2025-08-08,7231,4,0,0,,32.2,sunny,8
goa_baga_beach,2025-08-08,6488,4,0,0,,28.9,rainy,8
kerala_backwaters,2025-08-08,4474,4,0,0,,33.9,cloudy,8
varanasi_ghats,2025-08-08,6302,4,0,0,,31.4,rainy,8
hampi_ruins,2025-08-08,2653,4,0,0,,27.2,rainy,8
manali,2025-08-08,6856,4,0,0,,18.6,sunny,8
mysore_palace,2025-08-08,5054,4,0,0,,30.0,rainy,8
kempty_falls,2025-08-08,2167,4,0,0,,33.4,rainy,8
robbers_cave,2025-08-08,1495,4,0,0,,30.6,extreme_heat,8
taj_mahal,2025-08-09,17138,5,1,0,,29.7,sunny,8
jaipur_city_palace,2025-08-09,8198,5,1,0,,31.4,extreme_heat,8
goa_baga_beach,2025-08-09,9631,5,1,0,,32.3,rainy,8
kerala_backwaters,2025-08-09,8034,5,1,0,,29.7,sunny,8
varanasi_ghats,2025-08-09,9663,5,1,0,,28.8,rainy,8
hampi_ruins,2025-08-09,5798,5,1,0,,33.1,cloudy,8
manali,2025-08-09,6566,5,1,0,,20.3,extreme_heat,8
mysore_palace,2025-08-09,8360,5,1,0,,27.9,extreme_heat,8
kempty_falls,2025-08-09,3194,5,1,0,,30.2,rainy,8
robbers_cave,2025-08-09,2039,5,1,0,,33.5,rainy,8
taj_mahal,2025-08-10,12654,6,1,0,,29.1,rainy,8
jaipur_city_palace,2025-08-10,8521,6,1,0,,31.1,rainy,8
goa_baga_beach,2025-08-10,12083,6,1,0,,29.6,rainy,8
kerala_backwaters,2025-08-10,6401,6,1,0,,31.1,extreme_heat,8
varanasi_ghats,2025-08-10,9691,6,1,0,,31.8,rainy,8
hampi_ruins,2025-08-10,7016,6,1,0,,26.8,cloudy,8
manali,2025-08-10,6636,6,1,0,,19.8,extreme_heat,8
mysore_palace,2025-08-10,7712,6,1,0,,28.9,rainy,8
kempty_falls,2025-08-10,3576,6,1,0,,32.1,rainy,8
robbers_cave,2025-08-10,1918,6,1,0,,30.6,rainy,8
taj_mahal,2025-08-11,10583,0,0,0,,33.8,cloudy,8
jaipur_city_palace,2025-08-11,5408,0,0,0,,28.8,rainy,8
goa_baga_beach,2025-08-11,6555,0,0,0,,27.6,rainy,8
kerala_backwaters,2025-08-11,4914,0,0,0,,30.8,cloudy,8
varanasi_ghats,2025-08-11,9340,0,0,0,,34.3,cloudy,8
hampi_ruins,2025-08-11,2524,0,0,0,,27.1,rainy,8
manali,2025-08-11,7158,0,0,0,,21.0,sunny,8
mysore_palace,2025-08-11,6838,0,0,0,,33.0,cloudy,8
kempty_falls,2025-08-11,2502,0,0,0,,28.9,rainy,8
robbers_cave,2025-08-11,1391,0,0,0,,31.1,extreme_heat,8
taj_mahal,2025-08-12,7830,1,0,0,,30.0,rainy,8
jaipur_city_palace,2025-08-12,5411,1,0,0,,31.8,rainy,8
goa_baga_beach,2025-08-12,6100,1,0,0,,29.1,rainy,8
kerala_backwaters,2025-08-12,3363,1,0,0,,30.9,rainy,8
varanasi_ghats,2025-08-12,6726,1,0,0,,31.5,rainy,8
hampi_ruins,2025-08-12,2571,1,0,0,,33.8,extreme_heat,8
manali,2025-08-12,4304,1,0,0,,20.4,rainy,8
mysore_palace,2025-08-12,7712,1,0,0,,29.9,sunny,8
kempty_falls,2025-08-12,2197,1,0,0,,28.3,rainy,8
robbers_cave,2025-08-12,1377,1,0,0,,33.1,rainy,8
taj_mahal,2025-08-13,11957,2,0,0,,31.2,sunny,8
jaipur_city_palace,2025-08-13,5665,2,0,0,,34.1,rainy,8
goa_baga_beach,2025-08-13,7609,2,0,0,,28.2,rainy,8
kerala_backwaters,2025-08-13,3560,2,0,0,,34.7,rainy,8
varanasi_ghats,2025-08-13,6887,2,0,0,,32.4,rainy,8
hampi_ruins,2025-08-13,3112,2,0,0,,33.6,rainy,8
manali,2025-08-13,6452,2,0,0,,22.9,sunny,8
mysore_palace,2025-08-13,5027,2,0,0,,33.5,extreme_heat,8
kempty_falls,2025-08-13,2160,2,0,0,,30.5,rainy,8
robbers_cave,2025-08-13,1862,2,0,0,,28.4,cloudy,8
taj_mahal,2025-08-14,9367,3,0,0,,35.0,extreme_heat,8
jaipur_city_palace,2025-08-14,5505,3,0,0,,32.3,rainy,8
goa_baga_beach,2025-08-14,8497,3,0,0,,28.5,extreme_heat,8
kerala_backwaters,2025-08-14,3509,3,0,0,,30.5,rainy,8
varanasi_ghats,2025-08-14,5082,3,0,0,,32.0,rainy,8
hampi_ruins,2025-08-14,3802,3,0,0,,30.6,sunny,8
manali,2025-08-14,6314,3,0,0,,22.8,cloudy,8
mysore_palace,2025-08-14,7675,3,0,0,,32.8,sunny,8
kempty_falls,2025-08-14,2784,3,0,0,,33.0,cloudy,8
robbers_cave,2025-08-14,2131,3,0,0,,30.2,sunny,8
taj_mahal,2025-08-15,12720,4,0,1,Independence Day,32.8,rainy,8
jaipur_city_palace,2025-08-15,8091,4,0,1,Independence Day,32.9,rainy,8
goa_baga_beach,2025-08-15,16837,4,0,1,Independence Day,25.2,cloudy,8
kerala_backwaters,2025-08-15,7836,4,0,1,Independence Day,33.2,cloudy,8
varanasi_ghats,2025-08-15,15152,4,0,1,Independence Day,29.0,cloudy,8
hampi_ruins,2025-08-15,6014,4,0,1,Independence Day,31.8,cloudy,8
manali,2025-08-15,6424,4,0,1,Independence Day,17.2,rainy,8
mysore_palace,2025-08-15,11423,4,0,1,Independence Day,28.6,cloudy,8
kempty_falls,2025-08-15,3573,4,0,1,Independence Day,31.5,rainy,8
robbers_cave,2025-08-15,2147,4,0,1,Independence Day,29.7,extreme_heat,8
taj_mahal,2025-08-16,12206,5,1,0,,33.5,rainy,8
jaipur_city_palace,2025-08-16,7862,5,1,0,,28.1,rainy,8
goa_baga_beach,2025-08-16,14931,5,1,0,,26.0,cloudy,8
kerala_backwaters,2025-08-16,7527,5,1,0,,31.0,cloudy,8
varanasi_ghats,2025-08-16,9277,5,1,0,,30.1,rainy,8
hampi_ruins,2025-08-16,5802,5,1,0,,30.2,cloudy,8
manali,2025-08-16,7330,5,1,0,,22.9,rainy,8
mysore_palace,2025-08-16,8032,5,1,0,,33.3,rainy,8
kempty_falls,2025-08-16,3727,5,1,0,,34.1,extreme_heat,8
robbers_cave,2025-08-16,2708,5,1,0,,33.4,cloudy,8
taj_mahal,2025-08-17,22467,6,1,0,,32.3,sunny,8
jaipur_city_palace,2025-08-17,7254,6,1,0,,28.2,rainy,8
goa_baga_beach,2025-08-17,15442,6,1,0,,28.3,cloudy,8
kerala_backwaters,2025-08-17,8188,6,1,0,,31.2,cloudy,8
varanasi_ghats,2025-08-17,9227,6,1,0,,31.7,rainy,8
hampi_ruins,2025-08-17,6659,6,1,0,,30.8,cloudy,8
manali,2025-08-17,10625,6,1,0,,23.6,cloudy,8
mysore_palace,2025-08-17,7380,6,1,0,,32.5,rainy,8
kempty_falls,2025-08-17,3649,6,1,0,,30.8,rainy,8
robbers_cave,2025-08-17,2194,6,1,0,,33.1,rainy,8
taj_mahal,2025-08-18,9196,0,0,0,,29.7,rainy,8
jaipur_city_palace,2025-08-18,5355,0,0,0,,29.0,rainy,8
goa_baga_beach,2025-08-18,11159,0,0,0,,28.5,cloudy,8
kerala_backwaters,2025-08-18,3962,0,0,0,,29.4,rainy,8
varanasi_ghats,2025-08-18,5853,0,0,0,,32.9,rainy,8
hampi_ruins,2025-08-18,2878,0,0,0,,33.3,extreme_heat,8
manali,2025-08-18,7640,0,0,0,,19.8,sunny,8
mysore_palace,2025-08-18,4584,0,0,0,,28.8,rainy,8
kempty_falls,2025-08-18,2362,0,0,0,,30.2,rainy,8
robbers_cave,2025-08-18,1966,0,0,0,,31.9,cloudy,8
taj_mahal,2025-08-19,8575,1,0,0,,32.2,rainy,8
jaipur_city_palace,2025-08-19,5408,1,0,0,,29.3,rainy,8
goa_baga_beach,2025-08-19,6656,1,0,0,,27.8,rainy,8
kerala_backwaters,2025-08-19,5421,1,0,0,,30.4,cloudy,8
varanasi_ghats,2025-08-19,5796,1,0,0,,31.6,rainy,8
hampi_ruins,2025-08-19,3882,1,0,0,,35.3,cloudy,8
manali,2025-08-19,4228,1,0,0,,20.4,rainy,8
mysore_palace,2025-08-19,4361,1,0,0,,29.5,rainy,8
kempty_falls,2025-08-19,3109,1,0,0,,33.0,cloudy,8
robbers_cave,2025-08-19,1847,1,0,0,,32.1,sunny,8
taj_mahal,2025-08-20,8916,2,0,0,,28.8,extreme_heat,8
jaipur_city_palace,2025-08-20,7578,2,0,0,,31.5,cloudy,8
goa_baga_beach,2025-08-20,9666,2,0,0,,27.3,cloudy,8
kerala_backwaters,2025-08-20,5856,2,0,0,,32.0,cloudy,8
varanasi_ghats,2025-08-20,6208,2,0,0,,29.0,rainy,8
hampi_ruins,2025-08-20,2759,2,0,0,,31.5,rainy,8
manali,2025-08-20,6353,2,0,0,,21.5,cloudy,8
mysore_palace,2025-08-20,6630,2,0,0,,29.4,sunny,8
kempty_falls,2025-08-20,2240,2,0,0,,31.8,rainy,8
robbers_cave,2025-08-20,1296,2,0,0,,26.7,rainy,8
taj_mahal,2025-08-21,13005,3,0,0,,28.8,sunny,8
jaipur_city_palace,2025-08-21,4418,3,0,0,,29.7,rainy,8
goa_baga_beach,2025-08-21,6310,3,0,0,,26.7,rainy,8
kerala_backwaters,2025-08-21,3920,3,0,0,,29.6,extreme_heat,8
varanasi_ghats,2025-08-21,8506,3,0,0,,31.4,cloudy,8
hampi_ruins,2025-08-21,2508,3,0,0,,28.8,rainy,8
manali,2025-08-21,4775,3,0,0,,16.9,rainy,8
mysore_palace,2025-08-21,4877,3,0,0,,32.6,rainy,8
kempty_falls,2025-08-21,2024,3,0,0,,33.9,rainy,8
robbers_cave,2025-08-21,1820,3,0,0,,33.2,cloudy,8
taj_mahal,2025-08-22,7368,4,0,0,,32.1,rainy,8
jaipur_city_palace,2025-08-22,8233,4,0,0,,29.3,sunny,8
goa_baga_beach,2025-08-22,9382,4,0,0,,31.0,cloudy,8
kerala_backwaters,2025-08-22,5189,4,0,0,,33.9,cloudy,8
varanasi_ghats,2025-08-22,8220,4,0,0,,27.9,cloudy,8
hampi_ruins,2025-08-22,2970,4,0,0,,31.1,rainy,8
manali,2025-08-22,4473,4,0,0,,17.9,rainy,8
mysore_palace,2025-08-22,4156,4,0,0,,32.0,rainy,8
kempty_falls,2025-08-22,3690,4,0,0,,30.5,cloudy,8
robbers_cave,2025-08-22,1795,4,0,0,,30.2,cloudy,8
taj_mahal,2025-08-23,19053,5,1,0,,32.3,cloudy,8
jaipur_city_palace,2025-08-23,11550,5,1,0,,30.9,cloudy,8
goa_baga_beach,2025-08-23,8438,5,1,0,,30.8,rainy,8
kerala_backwaters,2025-08-23,4498,5,1,0,,30.3,rainy,8
varanasi_ghats,2025-08-23,15470,5,1,0,,31.5,cloudy,8
hampi_ruins,2025-08-23,6545,5,1,0,,28.3,sunny,8
manali,2025-08-23,6484,5,1,0,,22.0,extreme_heat,8
mysore_palace,2025-08-23,6915,5,1,0,,31.2,rainy,8
kempty_falls,2025-08-23,2792,5,1,0,,33.6,rainy,8
robbers_cave,2025-08-23,2028,5,1,0,,30.6,rainy,8
taj_mahal,2025-08-24,16938,6,1,0,,31.7,cloudy,8
jaipur_city_palace,2025-08-24,10446,6,1,0,,30.2,cloudy,8
goa_baga_beach,2025-08-24,11633,6,1,0,,27.9,rainy,8
kerala_backwaters,2025-08-24,5184,6,1,0,,32.3,rainy,8
varanasi_ghats,2025-08-24,8993,6,1,0,,33.7,rainy,8
hampi_ruins,2025-08-24,4311,6,1,0,,31.8,rainy,8
manali,2025-08-24,7314,6,1,0,,21.9,rainy,8
mysore_palace,2025-08-24,7258,6,1,0,,29.8,rainy,8
kempty_falls,2025-08-24,5612,6,1,0,,32.8,sunny,8
robbers_cave,2025-08-24,2871,6,1,0,,27.4,sunny,8
taj_mahal,2025-08-25,8360,0,0,0,,34.5,rainy,8
jaipur_city_palace,2025-08-25,8071,0,0,0,,29.7,sunny,8
goa_baga_beach,2025-08-25,6784,0,0,0,,31.3,rainy,8
kerala_backwaters,2025-08-25,3810,0,0,0,,33.6,rainy,8
varanasi_ghats,2025-08-25,6066,0,0,0,,32.8,rainy,8
hampi_ruins,2025-08-25,2463,0,0,0,,30.1,rainy,8
manali,2025-08-25,4639,0,0,0,,19.2,extreme_heat,8
mysore_palace,2025-08-25,6456,0,0,0,,31.9,cloudy,8
kempty_falls,2025-08-25,3007,0,0,0,,28.8,cloudy,8
robbers_cave,2025-08-25,1155,0,0,0,,29.2,rainy,8
taj_mahal,2025-08-26,12189,1,0,0,,35.0,cloudy,8
jaipur_city_palace,2025-08-26,8075,1,0,0,,33.0,cloudy,8
goa_baga_beach,2025-08-26,6499,1,0,0,,31.3,rainy,8
kerala_backwaters,2025-08-26,3324,1,0,0,,29.3,rainy,8
varanasi_ghats,2025-08-26,10950,1,0,0,,34.7,sunny,8
hampi_ruins,2025-08-26,3697,1,0,0,,35.2,cloudy,8
manali,2025-08-26,4502,1,0,0,,24.8,rainy,8
mysore_palace,2025-08-26,7425,1,0,0,,31.5,sunny,8
kempty_falls,2025-08-26,2112,1,0,0,,31.3,rainy,8
robbers_cave,2025-08-26,1339,1,0,0,,28.2,extreme_heat,8
taj_mahal,2025-08-27,11199,2,0,0,,29.8,cloudy,8
jaipur_city_palace,2025-08-27,6196,2,0,0,,33.2,extreme_heat,8
goa_baga_beach,2025-08-27,6665,2,0,0,,28.4,rainy,8
kerala_backwaters,2025-08-27,3748,2,0,0,,28.4,rainy,8
varanasi_ghats,2025-08-27,5396,2,0,0,,33.0,rainy,8
hampi_ruins,2025-08-27,3916,2,0,0,,29.9,cloudy,8
manali,2025-08-27,6062,2,0,0,,19.5,cloudy,8
mysore_palace,2025-08-27,5217,2,0,0,,29.5,rainy,8
kempty_falls,2025-08-27,3551,2,0,0,,28.9,sunny,8
robbers_cave,2025-08-27,2080,2,0,0,,28.6,sunny,8
taj_mahal,2025-08-28,7980,3,0,0,,31.3,rainy,8
jaipur_city_palace,2025-08-28,4983,3,0,0,,32.3,rainy,8
goa_baga_beach,2025-08-28,6735,3,0,0,,26.9,rainy,8
kerala_backwaters,2025-08-28,4668,3,0,0,,31.2,cloudy,8
varanasi_ghats,2025-08-28,6072,3,0,0,,31.8,rainy,8
hampi_ruins,2025-08-28,2574,3,0,0,,34.4,rainy,8
manali,2025-08-28,4755,3,0,0,,18.5,rainy,8
mysore_palace,2025-08-28,5339,3,0,0,,31.3,rainy,8
kempty_falls,2025-08-28,2319,3,0,0,,31.7,rainy,8
robbers_cave,2025-08-28,1203,3,0,0,,25.2,rainy,8
taj_mahal,2025-08-29,7661,4,0,0,,29.3,rainy,8
jaipur_city_palace,2025-08-29,4809,4,0,0,,34.8,rainy,8
goa_baga_beach,2025-08-29,9855,4,0,0,,29.5,cloudy,8
kerala_backwaters,2025-08-29,5269,4,0,0,,30.8,sunny,8
varanasi_ghats,2025-08-29,6936,4,0,0,,31.4,rainy,8
hampi_ruins,2025-08-29,2717,4,0,0,,30.6,extreme_heat,8
manali,2025-08-29,3721,4,0,0,,23.9,rainy,8
mysore_palace,2025-08-29,4915,4,0,0,,27.1,rainy,8
kempty_falls,2025-08-29,3161,4,0,0,,30.9,cloudy,8
robbers_cave,2025-08-29,1324,4,0,0,,33.8,rainy,8
taj_mahal,2025-08-30,17196,5,1,0,,33.3,cloudy,8
jaipur_city_palace,2025-08-30,6814,5,1,0,,31.3,rainy,8
goa_baga_beach,2025-08-30,14979,5,1,0,,27.5,cloudy,8
kerala_backwaters,2025-08-30,5642,5,1,0,,33.4,extreme_heat,8
varanasi_ghats,2025-08-30,9322,5,1,0,,32.3,rainy,8
hampi_ruins,2025-08-30,4063,5,1,0,,32.6,rainy,8
manali,2025-08-30,7787,5,1,0,,22.9,extreme_heat,8
mysore_palace,2025-08-30,10190,5,1,0,,35.7,cloudy,8
kempty_falls,2025-08-30,3452,5,1,0,,32.0,rainy,8
robbers_cave,2025-08-30,2213,5,1,0,,34.0,rainy,8
taj_mahal,2025-08-31,13326,6,1,0,,34.7,rainy,8
jaipur_city_palace,2025-08-31,13779,6,1,0,,30.5,sunny,8
goa_baga_beach,2025-08-31,11135,6,1,0,,29.3,rainy,8
kerala_backwaters,2025-08-31,7588,6,1,0,,32.8,cloudy,8
varanasi_ghats,2025-08-31,9875,6,1,0,,32.7,rainy,8
hampi_ruins,2025-08-31,6184,6,1,0,,34.0,cloudy,8
manali,2025-08-31,7996,6,1,0,,19.7,rainy,8
mysore_palace,2025-08-31,8802,6,1,0,,30.8,rainy,8
kempty_falls,2025-08-31,5469,6,1,0,,30.9,cloudy,8
robbers_cave,2025-08-31,2484,6,1,0,,29.3,rainy,8
taj_mahal,2025-09-01,8228,0,0,0,,31.0,rainy,9
jaipur_city_palace,2025-09-01,6003,0,0,0,,31.7,rainy,9
goa_baga_beach,2025-09-01,10851,0,0,0,,29.1,cloudy,9
kerala_backwaters,2025-09-01,5856,0,0,0,,31.4,cloudy,9
varanasi_ghats,2025-09-01,8430,0,0,0,,32.3,cloudy,9
hampi_ruins,2025-09-01,4071,0,0,0,,32.8,sunny,9
manali,2025-09-01,6257,0,0,0,,16.7,cloudy,9
mysore_palace,2025-09-01,7890,0,0,0,,27.4,sunny,9
kempty_falls,2025-09-01,3347,0,0,0,,32.7,cloudy,9
robbers_cave,2025-09-01,1404,0,0,0,,30.2,extreme_heat,9
taj_mahal,2025-09-02,9515,1,0,0,,31.3,rainy,9
jaipur_city_palace,2025-09-02,5594,1,0,0,,30.5,rainy,9
goa_baga_beach,2025-09-02,6747,1,0,0,,26.1,extreme_heat,9
kerala_backwaters,2025-09-02,3445,1,0,0,,33.5,rainy,9
varanasi_ghats,2025-09-02,8914,1,0,0,,33.8,cloudy,9
hampi_ruins,2025-09-02,2681,1,0,0,,29.0,rainy,9
manali,2025-09-02,4320,1,0,0,,19.6,rainy,9
mysore_palace,2025-09-02,7890,1,0,0,,29.4,cloudy,9
kempty_falls,2025-09-02,3032,1,0,0,,31.4,cloudy,9
robbers_cave,2025-09-02,2027,1,0,0,,28.8,cloudy,9
taj_mahal,2025-09-03,12175,2,0,0,,29.1,sunny,9
jaipur_city_palace,2025-09-03,4870,2,0,0,,30.9,rainy,9
goa_baga_beach,2025-09-03,6868,2,0,0,,29.7,extreme_heat,9
kerala_backwaters,2025-09-03,3663,2,0,0,,31.0,rainy,9
varanasi_ghats,2025-09-03,7725,2,0,0,,26.8,cloudy,9
hampi_ruins,2025-09-03,3936,2,0,0,,31.3,sunny,9
manali,2025-09-03,4116,2,0,0,,19.0,rainy,9
mysore_palace,2025-09-03,4230,2,0,0,,30.4,rainy,9
kempty_falls,2025-09-03,2968,2,0,0,,31.0,sunny,9
robbers_cave,2025-09-03,1527,2,0,0,,31.3,rainy,9
taj_mahal,2025-09-04,7246,3,0,0,,30.9,rainy,9
jaipur_city_palace,2025-09-04,7150,3,0,0,,32.0,cloudy,9
goa_baga_beach,2025-09-04,7030,3,0,0,,30.0,rainy,9
kerala_backwaters,2025-09-04,5043,3,0,0,,31.3,cloudy,9
varanasi_ghats,2025-09-04,9457,3,0,0,,34.9,sunny,9
hampi_ruins,2025-09-04,2683,3,0,0,,31.1,rainy,9
manali,2025-09-04,4432,3,0,0,,19.6,rainy,9
mysore_palace,2025-09-04,4488,3,0,0,,32.4,extreme_heat,9
kempty_falls,2025-09-04,2200,3,0,0,,30.2,rainy,9
robbers_cave,2025-09-04,1740,3,0,0,,30.2,cloudy,9
taj_mahal,2025-09-05,8376,4,0,0,,31.2,rainy,9
jaipur_city_palace,2025-09-05,7509,4,0,0,,33.0,cloudy,9
goa_baga_beach,2025-09-05,6180,4,0,0,,23.9,rainy,9
kerala_backwaters,2025-09-05,3878,4,0,0,,32.5,extreme_heat,9
varanasi_ghats,2025-09-05,5843,4,0,0,,34.5,rainy,9
hampi_ruins,2025-09-05,2580,4,0,0,,34.1,rainy,9
manali,2025-09-05,4321,4,0,0,,21.7,rainy,9
mysore_palace,2025-09-05,4906,4,0,0,,30.6,rainy,9
kempty_falls,2025-09-05,3432,4,0,0,,32.0,cloudy,9
robbers_cave,2025-09-05,1469,4,0,0,,33.1,extreme_heat,9
taj_mahal,2025-09-06,13562,5,1,0,,33.1,rainy,9
jaipur_city_palace,2025-09-06,7053,5,1,0,,29.5,rainy,9
goa_baga_beach,2025-09-06,15352,5,1,0,,27.8,sunny,9
kerala_backwaters,2025-09-06,5657,5,1,0,,32.7,extreme_heat,9
varanasi_ghats,2025-09-06,8584,5,1,0,,34.8,rainy,9
hampi_ruins,2025-09-06,3996,5,1,0,,33.7,rainy,9
manali,2025-09-06,6793,5,1,0,,20.0,extreme_heat,9
mysore_palace,2025-09-06,8015,5,1,0,,30.7,rainy,9
kempty_falls,2025-09-06,4284,5,1,0,,28.6,cloudy,9
robbers_cave,2025-09-06,2071,5,1,0,,34.8,extreme_heat,9
taj_mahal,2025-09-07,13606,6,1,0,,28.8,rainy,9
jaipur_city_palace,2025-09-07,10845,6,1,0,,32.5,cloudy,9
goa_baga_beach,2025-09-07,15018,6,1,0,,27.3,sunny,9
kerala_backwaters,2025-09-07,5416,6,1,0,,33.3,rainy,9
varanasi_ghats,2025-09-07,10804,6,1,0,,33.5,rainy,9
hampi_ruins,2025-09-07,4502,6,1,0,,36.1,rainy,9
manali,2025-09-07,6744,6,1,0,,20.6,rainy,9
mysore_palace,2025-09-07,11621,6,1,0,,30.8,sunny,9
kempty_falls,2025-09-07,4382,6,1,0,,31.6,cloudy,9
robbers_cave,2025-09-07,3236,6,1,0,,30.1,cloudy,9
taj_mahal,2025-09-08,12768,0,0,0,,29.9,cloudy,9
jaipur_city_palace,2025-09-08,6067,0,0,0,,31.9,extreme_heat,9
goa_baga_beach,2025-09-08,7110,0,0,0,,31.4,extreme_heat,9
kerala_backwaters,2025-09-08,4413,0,0,0,,34.2,cloudy,9
varanasi_ghats,2025-09-08,8065,0,0,0,,32.9,cloudy,9
hampi_ruins,2025-09-08,3591,0,0,0,,28.5,cloudy,9
manali,2025-09-08,6496,0,0,0,,18.7,cloudy,9
mysore_palace,2025-09-08,4880,0,0,0,,32.6,rainy,9
kempty_falls,2025-09-08,2175,0,0,0,,30.5,rainy,9
robbers_cave,2025-09-08,1542,0,0,0,,31.7,extreme_heat,9
taj_mahal,2025-09-09,7021,1,0,0,,32.7,extreme_heat,9
jaipur_city_palace,2025-09-09,4957,1,0,0,,30.5,rainy,9
goa_baga_beach,2025-09-09,7560,1,0,0,,28.5,rainy,9
kerala_backwaters,2025-09-09,5423,1,0,0,,33.0,cloudy,9
varanasi_ghats,2025-09-09,5614,1,0,0,,34.2,rainy,9
hampi_ruins,2025-09-09,2500,1,0,0,,31.1,rainy,9
manali,2025-09-09,4035,1,0,0,,16.0,rainy,9
mysore_palace,2025-09-09,7286,1,0,0,,28.9,sunny,9
kempty_falls,2025-09-09,2299,1,0,0,,30.0,rainy,9
robbers_cave,2025-09-09,1179,1,0,0,,33.1,rainy,9
taj_mahal,2025-09-10,8459,2,0,0,,30.8,rainy,9
jaipur_city_palace,2025-09-10,6454,2,0,0,,32.7,extreme_heat,9
goa_baga_beach,2025-09-10,6444,2,0,0,,27.0,rainy,9
kerala_backwaters,2025-09-10,2955,2,0,0,,34.0,rainy,9
varanasi_ghats,2025-09-10,5672,2,0,0,,30.1,extreme_heat,9
hampi_ruins,2025-09-10,2578,2,0,0,,33.8,rainy,9
manali,2025-09-10,4461,2,0,0,,19.7,rainy,9
mysore_palace,2025-09-10,7744,2,0,0,,31.9,sunny,9
kempty_falls,2025-09-10,3490,2,0,0,,33.7,sunny,9
robbers_cave,2025-09-10,1411,2,0,0,,31.9,rainy,9
taj_mahal,2025-09-11,8375,3,0,0,,29.4,rainy,9
jaipur_city_palace,2025-09-11,6159,3,0,0,,29.7,rainy,9
goa_baga_beach,2025-09-11,7003,3,0,0,,27.8,rainy,9
kerala_backwaters,2025-09-11,3656,3,0,0,,30.5,rainy,9
varanasi_ghats,2025-09-11,5743,3,0,0,,30.2,rainy,9
hampi_ruins,2025-09-11,2087,3,0,0,,33.4,rainy,9
manali,2025-09-11,4885,3,0,0,,18.8,rainy,9
mysore_palace,2025-09-11,4902,3,0,0,,32.8,extreme_heat,9
kempty_falls,2025-09-11,3114,3,0,0,,30.4,cloudy,9
robbers_cave,2025-09-11,1735,3,0,0,,34.7,cloudy,9
taj_mahal,2025-09-12,11388,4,0,0,,30.3,cloudy,9
jaipur_city_palace,2025-09-12,7507,4,0,0,,31.6,sunny,9
goa_baga_beach,2025-09-12,6709,4,0,0,,23.5,rainy,9
kerala_backwaters,2025-09-12,5547,4,0,0,,31.5,cloudy,9
varanasi_ghats,2025-09-12,6349,4,0,0,,32.3,rainy,9
hampi_ruins,2025-09-12,3041,4,0,0,,29.4,extreme_heat,9
manali,2025-09-12,6676,4,0,0,,20.3,cloudy,9
mysore_palace,2025-09-12,4457,4,0,0,,28.5,rainy,9
kempty_falls,2025-09-12,2027,4,0,0,,34.6,rainy,9
robbers_cave,2025-09-12,1411,4,0,0,,31.9,rainy,9
taj_mahal,2025-09-13,11882,5,1,0,,28.6,rainy,9
jaipur_city_palace,2025-09-13,12089,5,1,0,,26.9,cloudy,9
goa_baga_beach,2025-09-13,9999,5,1,0,,30.5,rainy,9
kerala_backwaters,2025-09-13,5651,5,1,0,,33.3,rainy,9
varanasi_ghats,2025-09-13,9318,5,1,0,,32.5,rainy,9
hampi_ruins,2025-09-13,4130,5,1,0,,31.7,extreme_heat,9
manali,2025-09-13,6087,5,1,0,,18.5,rainy,9
mysore_palace,2025-09-13,7703,5,1,0,,32.3,rainy,9
kempty_falls,2025-09-13,4892,5,1,0,,33.2,cloudy,9
robbers_cave,2025-09-13,1880,5,1,0,,30.5,rainy,9
taj_mahal,2025-09-14,12876,6,1,0,,31.9,rainy,9
jaipur_city_palace,2025-09-14,8227,6,1,0,,33.8,rainy,9
goa_baga_beach,2025-09-14,15723,6,1,0,,31.3,sunny,9
kerala_backwaters,2025-09-14,8398,6,1,0,,29.9,sunny,9
varanasi_ghats,2025-09-14,8863,6,1,0,,33.2,rainy,9
hampi_ruins,2025-09-14,6911,6,1,0,,30.8,sunny,9
manali,2025-09-14,9994,6,1,0,,22.9,sunny,9
mysore_palace,2025-09-14,11465,6,1,0,,31.8,sunny,9
kempty_falls,2025-09-14,3691,6,1,0,,32.9,rainy,9
robbers_cave,2025-09-14,2369,6,1,0,,31.0,rainy,9
taj_mahal,2025-09-15,8399,0,0,0,,29.5,rainy,9
jaipur_city_palace,2025-09-15,6283,0,0,0,,32.3,extreme_heat,9
goa_baga_beach,2025-09-15,6418,0,0,0,,27.6,rainy,9
kerala_backwaters,2025-09-15,3556,0,0,0,,31.2,rainy,9
varanasi_ghats,2025-09-15,9841,0,0,0,,30.8,sunny,9
hampi_ruins,2025-09-15,2463,0,0,0,,35.3,rainy,9
manali,2025-09-15,4620,0,0,0,,15.1,rainy,9
mysore_palace,2025-09-15,7819,0,0,0,,30.6,cloudy,9
kempty_falls,2025-09-15,2171,0,0,0,,29.3,rainy,9
robbers_cave,2025-09-15,1391,0,0,0,,29.9,rainy,9
taj_mahal,2025-09-16,13286,1,0,0,,29.3,sunny,9
jaipur_city_palace,2025-09-16,4984,1,0,0,,32.8,rainy,9
goa_baga_beach,2025-09-16,7225,1,0,0,,29.7,extreme_heat,9
kerala_backwaters,2025-09-16,5148,1,0,0,,32.1,sunny,9
varanasi_ghats,2025-09-16,6357,1,0,0,,31.0,rainy,9
hampi_ruins,2025-09-16,2471,1,0,0,,31.2,rainy,9
manali,2025-09-16,5892,1,0,0,,19.1,cloudy,9
mysore_palace,2025-09-16,7593,1,0,0,,33.8,cloudy,9
kempty_falls,2025-09-16,3417,1,0,0,,31.3,sunny,9
robbers_cave,2025-09-16,2101,1,0,0,,34.8,cloudy,9
taj_mahal,2025-09-17,8378,2,0,0,,30.7,rainy,9
jaipur_city_palace,2025-09-17,5676,2,0,0,,34.8,extreme_heat,9
goa_baga_beach,2025-09-17,6660,2,0,0,,29.5,rainy,9
kerala_backwaters,2025-09-17,3289,2,0,0,,32.4,rainy,9
varanasi_ghats,2025-09-17,5769,2,0,0,,30.6,extreme_heat,9
hampi_ruins,2025-09-17,4297,2,0,0,,32.3,sunny,9
manali,2025-09-17,7516,2,0,0,,20.5,sunny,9
mysore_palace,2025-09-17,7579,2,0,0,,30.5,cloudy,9
kempty_falls,2025-09-17,2279,2,0,0,,34.8,rainy,9
robbers_cave,2025-09-17,1375,2,0,0,,28.0,rainy,9
taj_mahal,2025-09-18,8472,3,0,0,,34.5,rainy,9
jaipur_city_palace,2025-09-18,5490,3,0,0,,30.8,rainy,9
goa_baga_beach,2025-09-18,5684,3,0,0,,26.4,rainy,9
kerala_backwaters,2025-09-18,5045,3,0,0,,33.1,cloudy,9
varanasi_ghats,2025-09-18,5881,3,0,0,,30.1,rainy,9
hampi_ruins,2025-09-18,3796,3,0,0,,31.0,sunny,9
manali,2025-09-18,4556,3,0,0,,18.9,rainy,9
mysore_palace,2025-09-18,6974,3,0,0,,27.5,cloudy,9
kempty_falls,2025-09-18,3139,3,0,0,,26.4,sunny,9
robbers_cave,2025-09-18,1822,3,0,0,,30.7,cloudy,9
taj_mahal,2025-09-19,12301,4,0,0,,30.4,cloudy,9
jaipur_city_palace,2025-09-19,8089,4,0,0,,34.4,sunny,9
goa_baga_beach,2025-09-19,10311,4,0,0,,25.7,sunny,9
kerala_backwaters,2025-09-19,3597,4,0,0,,31.6,rainy,9
varanasi_ghats,2025-09-19,6040,4,0,0,,29.9,rainy,9
hampi_ruins,2025-09-19,3048,4,0,0,,35.4,rainy,9
manali,2025-09-19,6360,4,0,0,,20.4,sunny,9
mysore_palace,2025-09-19,5257,4,0,0,,30.6,extreme_heat,9
kempty_falls,2025-09-19,2201,4,0,0,,30.8,rainy,9
robbers_cave,2025-09-19,1421,4,0,0,,33.7,rainy,9
taj_mahal,2025-09-20,18668,5,1,0,,33.0,cloudy,9
jaipur_city_palace,2025-09-20,9024,5,1,0,,31.8,rainy,9
goa_baga_beach,2025-09-20,9571,5,1,0,,27.4,rainy,9
kerala_backwaters,2025-09-20,5436,5,1,0,,28.3,rainy,9
varanasi_ghats,2025-09-20,14701,5,1,0,,33.4,cloudy,9
hampi_ruins,2025-09-20,4136,5,1,0,,32.8,rainy,9
manali,2025-09-20,6830,5,1,0,,18.3,rainy,9
mysore_palace,2025-09-20,10430,5,1,0,,32.2,cloudy,9
kempty_falls,2025-09-20,3340,5,1,0,,34.8,rainy,9
robbers_cave,2025-09-20,3283,5,1,0,,32.1,cloudy,9
taj_mahal,2025-09-21,15212,6,1,0,,34.1,cloudy,9
jaipur_city_palace,2025-09-21,8946,6,1,0,,32.1,rainy,9
goa_baga_beach,2025-09-21,11129,6,1,0,,27.1,rainy,9
kerala_backwaters,2025-09-21,5742,6,1,0,,30.5,rainy,9
varanasi_ghats,2025-09-21,11574,6,1,0,,34.7,extreme_heat,9
hampi_ruins,2025-09-21,3650,6,1,0,,32.1,rainy,9
manali,2025-09-21,7327,6,1,0,,22.0,rainy,9
mysore_palace,2025-09-21,7645,6,1,0,,33.7,rainy,9
kempty_falls,2025-09-21,5679,6,1,0,,30.8,sunny,9
robbers_cave,2025-09-21,2302,6,1,0,,32.8,extreme_heat,9
taj_mahal,2025-09-22,7674,0,0,0,,29.0,extreme_heat,9
jaipur_city_palace,2025-09-22,5859,0,0,0,,30.9,extreme_heat,9
goa_baga_beach,2025-09-22,8479,0,0,0,,25.1,cloudy,9
kerala_backwaters,2025-09-22,4629,0,0,0,,33.2,cloudy,9
varanasi_ghats,2025-09-22,5819,0,0,0,,34.0,rainy,9
hampi_ruins,2025-09-22,2507,0,0,0,,28.0,rainy,9
manali,2025-09-22,4034,0,0,0,,21.1,rainy,9
mysore_palace,2025-09-22,5411,0,0,0,,32.3,extreme_heat,9
kempty_falls,2025-09-22,3303,0,0,0,,30.0,cloudy,9
robbers_cave,2025-09-22,1207,0,0,0,,35.5,rainy,9
taj_mahal,2025-09-23,8636,1,0,0,,30.8,rainy,9
jaipur_city_palace,2025-09-23,7784,1,0,0,,27.7,sunny,9
goa_baga_beach,2025-09-23,9665,1,0,0,,24.2,sunny,9
kerala_backwaters,2025-09-23,3610,1,0,0,,32.1,rainy,9
varanasi_ghats,2025-09-23,8917,1,0,0,,33.9,sunny,9
hampi_ruins,2025-09-23,3069,1,0,0,,31.6,extreme_heat,9
manali,2025-09-23,4505,1,0,0,,17.7,rainy,9
mysore_palace,2025-09-23,7022,1,0,0,,33.0,sunny,9
kempty_falls,2025-09-23,2122,1,0,0,,30.7,rainy,9
robbers_cave,2025-09-23,1803,1,0,0,,31.1,sunny,9
taj_mahal,2025-09-24,12343,2,0,0,,36.1,cloudy,9
jaipur_city_palace,2025-09-24,7930,2,0,0,,31.8,sunny,9
goa_baga_beach,2025-09-24,6280,2,0,0,,29.7,rainy,9
kerala_backwaters,2025-09-24,3320,2,0,0,,35.6,rainy,9
varanasi_ghats,2025-09-24,5871,2,0,0,,29.0,rainy,9
hampi_ruins,2025-09-24,3891,2,0,0,,36.1,cloudy,9
manali,2025-09-24,3618,2,0,0,,18.3,rainy,9
mysore_palace,2025-09-24,6934,2,0,0,,32.4,cloudy,9
kempty_falls,2025-09-24,2227,2,0,0,,32.3,rainy,9
robbers_cave,2025-09-24,1356,2,0,0,,32.0,rainy,9
taj_mahal,2025-09-25,9776,3,0,0,,33.4,extreme_heat,9
jaipur_city_palace,2025-09-25,8207,3,0,0,,34.7,cloudy,9
goa_baga_beach,2025-09-25,7408,3,0,0,,28.1,rainy,9
kerala_backwaters,2025-09-25,3499,3,0,0,,33.6,rainy,9
varanasi_ghats,2025-09-25,8922,3,0,0,,33.1,cloudy,9
hampi_ruins,2025-09-25,2407,3,0,0,,30.9,rainy,9
manali,2025-09-25,4056,3,0,0,,16.1,rainy,9
mysore_palace,2025-09-25,5167,3,0,0,,34.5,extreme_heat,9
kempty_falls,2025-09-25,3053,3,0,0,,33.0,sunny,9
robbers_cave,2025-09-25,1354,3,0,0,,36.4,rainy,9
taj_mahal,2025-09-26,7460,4,0,0,,30.3,rainy,9
jaipur_city_palace,2025-09-26,5121,4,0,0,,32.2,rainy,9
goa_baga_beach,2025-09-26,6706,4,0,0,,25.1,rainy,9
kerala_backwaters,2025-09-26,4489,4,0,0,,32.9,cloudy,9
varanasi_ghats,2025-09-26,6491,4,0,0,,31.8,rainy,9
hampi_ruins,2025-09-26,2841,4,0,0,,33.8,rainy,9
manali,2025-09-26,7344,4,0,0,,21.6,sunny,9
mysore_palace,2025-09-26,5133,4,0,0,,33.0,extreme_heat,9
kempty_falls,2025-09-26,3161,4,0,0,,30.3,sunny,9
robbers_cave,2025-09-26,1443,4,0,0,,33.2,rainy,9
taj_mahal,2025-09-27,15653,5,1,0,,35.2,cloudy,9
jaipur_city_palace,2025-09-27,11750,5,1,0,,37.9,cloudy,9
goa_baga_beach,2025-09-27,8345,5,1,0,,28.1,rainy,9
kerala_backwaters,2025-09-27,4963,5,1,0,,30.5,rainy,9
varanasi_ghats,2025-09-27,9028,5,1,0,,30.8,rainy,9
hampi_ruins,2025-09-27,4135,5,1,0,,32.6,rainy,9
manali,2025-09-27,6815,5,1,0,,17.0,rainy,9
mysore_palace,2025-09-27,10984,5,1,0,,29.4,sunny,9
kempty_falls,2025-09-27,3458,5,1,0,,31.6,rainy,9
robbers_cave,2025-09-27,2905,5,1,0,,33.0,cloudy,9
taj_mahal,2025-09-28,13221,6,1,0,,27.7,rainy,9
jaipur_city_palace,2025-09-28,8922,6,1,0,,30.0,rainy,9
goa_baga_beach,2025-09-28,10876,6,1,0,,30.3,rainy,9
kerala_backwaters,2025-09-28,5841,6,1,0,,33.9,rainy,9
varanasi_ghats,2025-09-28,8622,6,1,0,,30.8,rainy,9
hampi_ruins,2025-09-28,4569,6,1,0,,33.6,rainy,9
manali,2025-09-28,12041,6,1,0,,16.4,sunny,9
mysore_palace,2025-09-28,11759,6,1,0,,32.2,cloudy,9
kempty_falls,2025-09-28,4403,6,1,0,,29.9,cloudy,9
robbers_cave,2025-09-28,2261,6,1,0,,30.7,rainy,9
taj_mahal,2025-09-29,9507,0,0,0,,32.8,extreme_heat,9
jaipur_city_palace,2025-09-29,5293,0,0,0,,31.4,rainy,9
goa_baga_beach,2025-09-29,8268,0,0,0,,27.8,extreme_heat,9
kerala_backwaters,2025-09-29,3600,0,0,0,,31.1,rainy,9
varanasi_ghats,2025-09-29,5979,0,0,0,,32.7,rainy,9
hampi_ruins,2025-09-29,3634,0,0,0,,24.8,cloudy,9
manali,2025-09-29,6010,0,0,0,,17.5,cloudy,9
mysore_palace,2025-09-29,6999,0,0,0,,32.5,sunny,9
kempty_falls,2025-09-29,3444,0,0,0,,32.3,cloudy,9
robbers_cave,2025-09-29,1393,0,0,0,,29.3,rainy,9
taj_mahal,2025-09-30,10997,1,0,0,,30.7,cloudy,9
jaipur_city_palace,2025-09-30,7566,1,0,0,,31.8,cloudy,9
goa_baga_beach,2025-09-30,10639,1,0,0,,25.9,cloudy,9
kerala_backwaters,2025-09-30,3792,1,0,0,,28.2,rainy,9
varanasi_ghats,2025-09-30,7047,1,0,0,,35.1,extreme_heat,9
hampi_ruins,2025-09-30,2965,1,0,0,,35.3,rainy,9
manali,2025-09-30,4135,1,0,0,,17.6,rainy,9
mysore_palace,2025-09-30,8027,1,0,0,,34.0,cloudy,9
kempty_falls,2025-09-30,2739,1,0,0,,34.9,rainy,9
robbers_cave,2025-09-30,1211,1,0,0,,34.7,rainy,9
taj_mahal,2025-10-01,13641,2,0,0,,24.9,rainy,10
jaipur_city_palace,2025-10-01,13659,2,0,0,,30.8,cloudy,10
goa_baga_beach,2025-10-01,10055,2,0,0,,28.7,extreme_heat,10
kerala_backwaters,2025-10-01,10322,2,0,0,,26.2,sunny,10
varanasi_ghats,2025-10-01,17223,2,0,0,,26.3,sunny,10
hampi_ruins,2025-10-01,7593,2,0,0,,26.0,sunny,10
manali,2025-10-01,9585,2,0,0,,12.8,sunny,10
mysore_palace,2025-10-01,9977,2,0,0,,32.3,extreme_heat,10
kempty_falls,2025-10-01,4699,2,0,0,,26.4,cloudy,10
robbers_cave,2025-10-01,3482,2,0,0,,28.6,sunny,10
taj_mahal,2025-10-02,20417,3,0,1,Gandhi Jayanti,29.5,rainy,10
jaipur_city_palace,2025-10-02,24149,3,0,1,Gandhi Jayanti,28.0,sunny,10
goa_baga_beach,2025-10-02,19482,3,0,1,Gandhi Jayanti,28.1,sunny,10
kerala_backwaters,2025-10-02,16375,3,0,1,Gandhi Jayanti,29.3,sunny,10
varanasi_ghats,2025-10-02,24601,3,0,1,Gandhi Jayanti,30.4,cloudy,10
hampi_ruins,2025-10-02,10975,3,0,1,Gandhi Jayanti,24.6,cloudy,10
manali,2025-10-02,8436,3,0,1,Gandhi Jayanti,11.8,rainy,10
mysore_palace,2025-10-02,13520,3,0,1,Gandhi Jayanti,31.0,extreme_heat,10
kempty_falls,2025-10-02,6625,3,0,1,Gandhi Jayanti,27.1,sunny,10
robbers_cave,2025-10-02,5500,3,0,1,Gandhi Jayanti,26.4,sunny,10
taj_mahal,2025-10-03,22340,4,0,0,,30.4,cloudy,10
jaipur_city_palace,2025-10-03,14023,4,0,0,,28.0,cloudy,10
goa_baga_beach,2025-10-03,15177,4,0,0,,26.5,sunny,10
kerala_backwaters,2025-10-03,10384,4,0,0,,27.2,cloudy,10
varanasi_ghats,2025-10-03,17431,4,0,0,,30.4,sunny,10
hampi_ruins,2025-10-03,5066,4,0,0,,27.9,rainy,10
manali,2025-10-03,8481,4,0,0,,10.6,cloudy,10
mysore_palace,2025-10-03,14878,4,0,0,,25.0,sunny,10
kempty_falls,2025-10-03,3386,4,0,0,,26.5,rainy,10
robbers_cave,2025-10-03,2641,4,0,0,,27.0,rainy,10
taj_mahal,2025-10-04,35893,5,1,0,,26.7,sunny,10
jaipur_city_palace,2025-10-04,22265,5,1,0,,28.1,sunny,10
goa_baga_beach,2025-10-04,21395,5,1,0,,26.7,sunny,10
kerala_backwaters,2025-10-04,13282,5,1,0,,27.3,sunny,10
varanasi_ghats,2025-10-04,28404,5,1,0,,28.2,sunny,10
hampi_ruins,2025-10-04,13303,5,1,0,,26.5,sunny,10
manali,2025-10-04,14132,5,1,0,,11.4,sunny,10
mysore_palace,2025-10-04,22443,5,1,0,,24.4,sunny,10
kempty_falls,2025-10-04,6610,5,1,0,,29.0,sunny,10
robbers_cave,2025-10-04,4303,5,1,0,,25.5,extreme_heat,10
taj_mahal,2025-10-05,38863,6,1,0,,28.8,cloudy,10
jaipur_city_palace,2025-10-05,24877,6,1,0,,27.5,sunny,10
goa_baga_beach,2025-10-05,15729,6,1,0,,30.0,rainy,10
kerala_backwaters,2025-10-05,16471,6,1,0,,29.2,sunny,10
varanasi_ghats,2025-10-05,31700,6,1,0,,27.9,sunny,10
hampi_ruins,2025-10-05,9852,6,1,0,,30.0,cloudy,10
manali,2025-10-05,14541,6,1,0,,13.6,sunny,10
mysore_palace,2025-10-05,21846,6,1,0,,27.8,cloudy,10
kempty_falls,2025-10-05,7309,6,1,0,,32.3,cloudy,10
robbers_cave,2025-10-05,5500,6,1,0,,32.7,sunny,10
taj_mahal,2025-10-06,16433,0,0,0,,28.5,rainy,10
jaipur_city_palace,2025-10-06,14084,0,0,0,,30.4,sunny,10
goa_baga_beach,2025-10-06,9504,0,0,0,,28.9,sunny,10
kerala_backwaters,2025-10-06,6277,0,0,0,,26.5,rainy,10
varanasi_ghats,2025-10-06,18124,0,0,0,,26.0,sunny,10
hampi_ruins,2025-10-06,7215,0,0,0,,27.1,cloudy,10
manali,2025-10-06,8404,0,0,0,,10.3,cloudy,10
mysore_palace,2025-10-06,14521,0,0,0,,30.2,sunny,10
kempty_falls,2025-10-06,4640,0,0,0,,28.2,sunny,10
robbers_cave,2025-10-06,4013,0,0,0,,26.6,sunny,10
taj_mahal,2025-10-07,22470,1,0,0,,27.2,cloudy,10
jaipur_city_palace,2025-10-07,15428,1,0,0,,28.1,sunny,10
goa_baga_beach,2025-10-07,12464,1,0,0,,27.7,cloudy,10
kerala_backwaters,2025-10-07,10301,1,0,0,,30.6,cloudy,10
varanasi_ghats,2025-10-07,17779,1,0,0,,28.5,sunny,10
hampi_ruins,2025-10-07,7193,1,0,0,,25.8,sunny,10
manali,2025-10-07,8222,1,0,0,,14.8,sunny,10
mysore_palace,2025-10-07,13688,1,0,0,,28.1,sunny,10
kempty_falls,2025-10-07,4269,1,0,0,,26.9,cloudy,10
robbers_cave,2025-10-07,3469,1,0,0,,28.4,sunny,10
taj_mahal,2025-10-08,25352,2,0,0,,28.2,sunny,10
jaipur_city_palace,2025-10-08,14435,2,0,0,,25.7,cloudy,10
goa_baga_beach,2025-10-08,14235,2,0,0,,31.2,sunny,10
kerala_backwaters,2025-10-08,5401,2,0,0,,25.3,rainy,10
varanasi_ghats,2025-10-08,18545,2,0,0,,27.7,cloudy,10
hampi_ruins,2025-10-08,6645,2,0,0,,31.1,sunny,10
manali,2025-10-08,6540,2,0,0,,12.8,extreme_heat,10
mysore_palace,2025-10-08,8381,2,0,0,,30.4,rainy,10
kempty_falls,2025-10-08,5315,2,0,0,,27.9,sunny,10
robbers_cave,2025-10-08,3640,2,0,0,,28.3,sunny,10
taj_mahal,2025-10-09,19608,3,0,0,,24.9,cloudy,10
jaipur_city_palace,2025-10-09,10647,3,0,0,,28.7,extreme_heat,10
goa_baga_beach,2025-10-09,11850,3,0,0,,27.4,cloudy,10
kerala_backwaters,2025-10-09,10063,3,0,0,,29.6,sunny,10
varanasi_ghats,2025-10-09,15803,3,0,0,,26.9,sunny,10
hampi_ruins,2025-10-09,7034,3,0,0,,24.9,cloudy,10
manali,2025-10-09,9021,3,0,0,,14.2,sunny,10
mysore_palace,2025-10-09,15383,3,0,0,,29.0,cloudy,10
kempty_falls,2025-10-09,4571,3,0,0,,28.5,sunny,10
robbers_cave,2025-10-09,4111,3,0,0,,22.8,sunny,10
taj_mahal,2025-10-10,22665,4,0,0,,29.2,cloudy,10
jaipur_city_palace,2025-10-10,10180,4,0,0,,30.2,rainy,10
goa_baga_beach,2025-10-10,14556,4,0,0,,28.4,sunny,10
kerala_backwaters,2025-10-10,9525,4,0,0,,29.0,sunny,10
varanasi_ghats,2025-10-10,17591,4,0,0,,29.9,sunny,10
hampi_ruins,2025-10-10,6865,4,0,0,,27.9,sunny,10
manali,2025-10-10,8506,4,0,0,,13.1,sunny,10
mysore_palace,2025-10-10,14098,4,0,0,,29.8,cloudy,10
kempty_falls,2025-10-10,4991,4,0,0,,28.2,sunny,10
robbers_cave,2025-10-10,2859,4,0,0,,28.6,extreme_heat,10
taj_mahal,2025-10-11,35700,5,1,0,,31.0,sunny,10
jaipur_city_palace,2025-10-11,19807,5,1,0,,28.7,sunny,10
goa_baga_beach,2025-10-11,20135,5,1,0,,29.4,cloudy,10
kerala_backwaters,2025-10-11,14746,5,1,0,,25.9,sunny,10
varanasi_ghats,2025-10-11,23236,5,1,0,,23.8,cloudy,10
hampi_ruins,2025-10-11,10577,5,1,0,,31.6,cloudy,10
manali,2025-10-11,14580,5,1,0,,12.9,sunny,10
mysore_palace,2025-10-11,14690,5,1,0,,28.5,extreme_heat,10
kempty_falls,2025-10-11,5553,5,1,0,,29.2,cloudy,10
robbers_cave,2025-10-11,5500,5,1,0,,27.4,sunny,10
taj_mahal,2025-10-12,23879,6,1,0,,25.2,extreme_heat,10
jaipur_city_palace,2025-10-12,15333,6,1,0,,29.2,rainy,10
goa_baga_beach,2025-10-12,16288,6,1,0,,27.1,extreme_heat,10
kerala_backwaters,2025-10-12,11444,6,1,0,,28.3,extreme_heat,10
varanasi_ghats,2025-10-12,18314,6,1,0,,26.8,rainy,10
hampi_ruins,2025-10-12,12203,6,1,0,,29.5,sunny,10
manali,2025-10-12,13593,6,1,0,,14.4,sunny,10
mysore_palace,2025-10-12,20064,6,1,0,,25.4,sunny,10
kempty_falls,2025-10-12,4676,6,1,0,,32.0,rainy,10
robbers_cave,2025-10-12,5500,6,1,0,,31.4,cloudy,10
taj_mahal,2025-10-13,27119,0,0,0,,32.0,sunny,10
jaipur_city_palace,2025-10-13,16735,0,0,0,,29.6,sunny,10
goa_baga_beach,2025-10-13,9363,0,0,0,,29.0,extreme_heat,10
kerala_backwaters,2025-10-13,10076,0,0,0,,26.0,sunny,10
varanasi_ghats,2025-10-13,13633,0,0,0,,31.4,rainy,10
hampi_ruins,2025-10-13,7345,0,0,0,,23.7,sunny,10
manali,2025-10-13,7943,0,0,0,,15.0,sunny,10
mysore_palace,2025-10-13,12315,0,0,0,,27.5,sunny,10
kempty_falls,2025-10-13,3194,0,0,0,,32.0,extreme_heat,10
robbers_cave,2025-10-13,3349,0,0,0,,27.8,cloudy,10
taj_mahal,2025-10-14,25254,1,0,0,,27.4,sunny,10
jaipur_city_palace,2025-10-14,16316,1,0,0,,29.9,sunny,10
goa_baga_beach,2025-10-14,13697,1,0,0,,30.0,sunny,10
kerala_backwaters,2025-10-14,9944,1,0,0,,29.1,cloudy,10
varanasi_ghats,2025-10-14,14172,1,0,0,,26.3,cloudy,10
hampi_ruins,2025-10-14,7949,1,0,0,,29.2,sunny,10
manali,2025-10-14,8922,1,0,0,,10.6,sunny,10
mysore_palace,2025-10-14,13998,1,0,0,,25.6,sunny,10
kempty_falls,2025-10-14,4634,1,0,0,,24.8,cloudy,10
robbers_cave,2025-10-14,3674,1,0,0,,31.7,sunny,10
taj_mahal,2025-10-15,21943,2,0,0,,26.3,sunny,10
jaipur_city_palace,2025-10-15,9663,2,0,0,,31.5,rainy,10
goa_baga_beach,2025-10-15,14889,2,0,0,,27.9,sunny,10
kerala_backwaters,2025-10-15,7331,2,0,0,,24.9,rainy,10
varanasi_ghats,2025-10-15,20049,2,0,0,,29.5,sunny,10
hampi_ruins,2025-10-15,7143,2,0,0,,25.3,cloudy,10
manali,2025-10-15,6169,2,0,0,,13.2,extreme_heat,10
mysore_palace,2025-10-15,15252,2,0,0,,29.5,sunny,10
kempty_falls,2025-10-15,4797,2,0,0,,30.4,sunny,10
robbers_cave,2025-10-15,3978,2,0,0,,26.0,sunny,10
taj_mahal,2025-10-16,21763,3,0,0,,26.3,sunny,10
jaipur_city_palace,2025-10-16,13403,3,0,0,,26.8,cloudy,10
goa_baga_beach,2025-10-16,13617,3,0,0,,27.2,sunny,10
kerala_backwaters,2025-10-16,9265,3,0,0,,25.1,cloudy,10
varanasi_ghats,2025-10-16,17969,3,0,0,,25.2,cloudy,10
hampi_ruins,2025-10-16,7947,3,0,0,,26.3,sunny,10
manali,2025-10-16,9174,3,0,0,,13.6,cloudy,10
mysore_palace,2025-10-16,10626,3,0,0,,32.1,extreme_heat,10
kempty_falls,2025-10-16,4256,3,0,0,,28.6,cloudy,10
robbers_cave,2025-10-16,3547,3,0,0,,28.9,sunny,10
taj_mahal,2025-10-17,15981,4,0,0,,25.1,extreme_heat,10
jaipur_city_palace,2025-10-17,13856,4,0,0,,26.7,sunny,10
goa_baga_beach,2025-10-17,13778,4,0,0,,27.6,cloudy,10
kerala_backwaters,2025-10-17,9452,4,0,0,,26.4,sunny,10
varanasi_ghats,2025-10-17,17509,4,0,0,,27.6,cloudy,10
hampi_ruins,2025-10-17,6562,4,0,0,,28.6,cloudy,10
manali,2025-10-17,9496,4,0,0,,12.8,sunny,10
mysore_palace,2025-10-17,12399,4,0,0,,26.6,sunny,10
kempty_falls,2025-10-17,4046,4,0,0,,27.1,sunny,10
robbers_cave,2025-10-17,3228,4,0,0,,27.4,sunny,10
taj_mahal,2025-10-18,39576,5,1,0,,27.2,sunny,10
jaipur_city_palace,2025-10-18,21946,5,1,0,,28.4,cloudy,10
goa_baga_beach,2025-10-18,17717,5,1,0,,30.2,sunny,10
kerala_backwaters,2025-10-18,15040,5,1,0,,30.6,sunny,10
varanasi_ghats,2025-10-18,23827,5,1,0,,27.8,sunny,10
hampi_ruins,2025-10-18,11401,5,1,0,,29.0,cloudy,10
manali,2025-10-18,9481,5,1,0,,11.8,rainy,10
mysore_palace,2025-10-18,12328,5,1,0,,27.2,rainy,10
kempty_falls,2025-10-18,6340,5,1,0,,25.1,sunny,10
robbers_cave,2025-10-18,5500,5,1,0,,27.3,sunny,10
taj_mahal,2025-10-19,29781,6,1,0,,28.0,sunny,10
jaipur_city_palace,2025-10-19,22717,6,1,0,,25.0,sunny,10
goa_baga_beach,2025-10-19,21620,6,1,0,,28.5,sunny,10
kerala_backwaters,2025-10-19,12924,6,1,0,,25.4,extreme_heat,10
varanasi_ghats,2025-10-19,23624,6,1,0,,31.1,cloudy,10
hampi_ruins,2025-10-19,12205,6,1,0,,28.6,sunny,10
manali,2025-10-19,13070,6,1,0,,10.9,cloudy,10
mysore_palace,2025-10-19,15539,6,1,0,,25.7,rainy,10
kempty_falls,2025-10-19,5233,6,1,0,,27.4,extreme_heat,10
robbers_cave,2025-10-19,4223,6,1,0,,32.7,rainy,10
taj_mahal,2025-10-20,39043,0,0,1,Diwali,28.1,sunny,10
jaipur_city_palace,2025-10-20,23073,0,0,1,Diwali,29.3,cloudy,10
goa_baga_beach,2025-10-20,19381,0,0,1,Diwali,30.7,sunny,10
kerala_backwaters,2025-10-20,9392,0,0,1,Diwali,28.7,extreme_heat,10
varanasi_ghats,2025-10-20,28518,0,0,1,Diwali,27.5,sunny,10
hampi_ruins,2025-10-20,10800,0,0,1,Diwali,31.2,cloudy,10
manali,2025-10-20,10318,0,0,1,Diwali,9.4,extreme_heat,10
mysore_palace,2025-10-20,22423,0,0,1,Diwali,29.5,sunny,10
kempty_falls,2025-10-20,7351,0,0,1,Diwali,30.6,cloudy,10
robbers_cave,2025-10-20,5500,0,0,1,Diwali,26.5,sunny,10
taj_mahal,2025-10-21,22262,1,0,1,Diwali (Day 2),29.6,rainy,10
jaipur_city_palace,2025-10-21,25774,1,0,1,Diwali (Day 2),24.3,sunny,10
goa_baga_beach,2025-10-21,22330,1,0,1,Diwali (Day 2),30.8,sunny,10
kerala_backwaters,2025-10-21,15649,1,0,1,Diwali (Day 2),29.4,cloudy,10
varanasi_ghats,2025-10-21,26121,1,0,1,Diwali (Day 2),26.7,cloudy,10
hampi_ruins,2025-10-21,10560,1,0,1,Diwali (Day 2),27.3,sunny,10
manali,2025-10-21,13262,1,0,1,Diwali (Day 2),12.5,cloudy,10
mysore_palace,2025-10-21,22248,1,0,1,Diwali (Day 2),33.5,sunny,10
kempty_falls,2025-10-21,7341,1,0,1,Diwali (Day 2),30.6,sunny,10
robbers_cave,2025-10-21,5500,1,0,1,Diwali (Day 2),30.1,cloudy,10
taj_mahal,2025-10-22,22100,2,0,0,,30.6,cloudy,10
jaipur_city_palace,2025-10-22,15391,2,0,0,,24.9,sunny,10
goa_baga_beach,2025-10-22,11495,2,0,0,,31.7,sunny,10
kerala_backwaters,2025-10-22,9273,2,0,0,,33.3,sunny,10
varanasi_ghats,2025-10-22,17354,2,0,0,,30.3,sunny,10
hampi_ruins,2025-10-22,6544,2,0,0,,27.8,cloudy,10
manali,2025-10-22,8460,2,0,0,,10.6,cloudy,10
mysore_palace,2025-10-22,15050,2,0,0,,26.3,sunny,10
kempty_falls,2025-10-22,5386,2,0,0,,24.0,sunny,10
robbers_cave,2025-10-22,3969,2,0,0,,32.1,cloudy,10
taj_mahal,2025-10-23,23140,3,0,0,,30.6,cloudy,10
jaipur_city_palace,2025-10-23,15818,3,0,0,,31.6,sunny,10
goa_baga_beach,2025-10-23,12840,3,0,0,,29.7,cloudy,10
kerala_backwaters,2025-10-23,10982,3,0,0,,28.5,sunny,10
varanasi_ghats,2025-10-23,16455,3,0,0,,29.0,sunny,10
hampi_ruins,2025-10-23,6776,3,0,0,,27.1,cloudy,10
manali,2025-10-23,6876,3,0,0,,13.9,extreme_heat,10
mysore_palace,2025-10-23,15120,3,0,0,,26.7,sunny,10
kempty_falls,2025-10-23,4224,3,0,0,,28.3,cloudy,10
robbers_cave,2025-10-23,3980,3,0,0,,27.6,sunny,10
taj_mahal,2025-10-24,21935,4,0,0,,25.5,sunny,10
jaipur_city_palace,2025-10-24,15504,4,0,0,,31.4,sunny,10
goa_baga_beach,2025-10-24,13500,4,0,0,,28.6,cloudy,10
kerala_backwaters,2025-10-24,10970,4,0,0,,24.2,sunny,10
varanasi_ghats,2025-10-24,17831,4,0,0,,26.9,cloudy,10
hampi_ruins,2025-10-24,5832,4,0,0,,27.5,extreme_heat,10
manali,2025-10-24,9143,4,0,0,,9.7,cloudy,10
mysore_palace,2025-10-24,13620,4,0,0,,25.5,sunny,10
kempty_falls,2025-10-24,4223,4,0,0,,29.7,cloudy,10
robbers_cave,2025-10-24,3796,4,0,0,,27.0,cloudy,10
taj_mahal,2025-10-25,36156,5,1,0,,26.0,cloudy,10
jaipur_city_palace,2025-10-25,22313,5,1,0,,26.5,sunny,10
goa_baga_beach,2025-10-25,13073,5,1,0,,28.7,rainy,10
kerala_backwaters,2025-10-25,13785,5,1,0,,27.3,cloudy,10
varanasi_ghats,2025-10-25,29981,5,1,0,,26.7,sunny,10
hampi_ruins,2025-10-25,11619,5,1,0,,29.4,cloudy,10
manali,2025-10-25,14154,5,1,0,,8.8,cloudy,10
mysore_palace,2025-10-25,13986,5,1,0,,32.5,rainy,10
kempty_falls,2025-10-25,6536,5,1,0,,30.6,sunny,10
robbers_cave,2025-10-25,5018,5,1,0,,27.9,cloudy,10
taj_mahal,2025-10-26,38637,6,1,0,,26.1,sunny,10
jaipur_city_palace,2025-10-26,27027,6,1,0,,26.6,sunny,10
goa_baga_beach,2025-10-26,21592,6,1,0,,31.4,sunny,10
kerala_backwaters,2025-10-26,16589,6,1,0,,31.5,cloudy,10
varanasi_ghats,2025-10-26,18307,6,1,0,,31.9,extreme_heat,10
hampi_ruins,2025-10-26,12871,6,1,0,,25.5,sunny,10
manali,2025-10-26,10503,6,1,0,,12.9,extreme_heat,10
mysore_palace,2025-10-26,24439,6,1,0,,27.3,sunny,10
kempty_falls,2025-10-26,6900,6,1,0,,28.0,cloudy,10
robbers_cave,2025-10-26,5500,6,1,0,,26.0,cloudy,10
taj_mahal,2025-10-27,21330,0,0,0,,26.2,sunny,10
jaipur_city_palace,2025-10-27,14536,0,0,0,,26.6,sunny,10
goa_baga_beach,2025-10-27,13717,0,0,0,,27.2,sunny,10
kerala_backwaters,2025-10-27,6907,0,0,0,,30.4,rainy,10
varanasi_ghats,2025-10-27,18298,0,0,0,,28.9,sunny,10
hampi_ruins,2025-10-27,6942,0,0,0,,28.1,sunny,10
manali,2025-10-27,10044,0,0,0,,13.7,sunny,10
mysore_palace,2025-10-27,9906,0,0,0,,29.8,extreme_heat,10
kempty_falls,2025-10-27,3399,0,0,0,,26.7,cloudy,10
robbers_cave,2025-10-27,3733,0,0,0,,31.9,cloudy,10
taj_mahal,2025-10-28,22084,1,0,0,,28.9,sunny,10
jaipur_city_palace,2025-10-28,14855,1,0,0,,23.7,sunny,10
goa_baga_beach,2025-10-28,12338,1,0,0,,24.9,sunny,10
kerala_backwaters,2025-10-28,7580,1,0,0,,29.3,rainy,10
varanasi_ghats,2025-10-28,17339,1,0,0,,27.5,sunny,10
hampi_ruins,2025-10-28,7615,1,0,0,,24.8,cloudy,10
manali,2025-10-28,5168,1,0,0,,13.2,rainy,10
mysore_palace,2025-10-28,14055,1,0,0,,29.3,cloudy,10
kempty_falls,2025-10-28,4692,1,0,0,,27.5,sunny,10
robbers_cave,2025-10-28,3789,1,0,0,,28.0,sunny,10
taj_mahal,2025-10-29,21597,2,0,0,,27.9,sunny,10
jaipur_city_palace,2025-10-29,14007,2,0,0,,26.7,sunny,10
goa_baga_beach,2025-10-29,14626,2,0,0,,28.5,sunny,10
kerala_backwaters,2025-10-29,8944,2,0,0,,28.6,cloudy,10
varanasi_ghats,2025-10-29,20468,2,0,0,,33.0,sunny,10
hampi_ruins,2025-10-29,8447,2,0,0,,32.0,sunny,10
manali,2025-10-29,9378,2,0,0,,11.4,sunny,10
mysore_palace,2025-10-29,12817,2,0,0,,26.0,sunny,10
kempty_falls,2025-10-29,4639,2,0,0,,28.4,sunny,10
robbers_cave,2025-10-29,3355,2,0,0,,27.3,sunny,10
taj_mahal,2025-10-30,24108,3,0,0,,26.3,sunny,10
jaipur_city_palace,2025-10-30,14333,3,0,0,,28.8,cloudy,10
goa_baga_beach,2025-10-30,12746,3,0,0,,27.4,sunny,10
kerala_backwaters,2025-10-30,6847,3,0,0,,28.8,rainy,10
varanasi_ghats,2025-10-30,19585,3,0,0,,26.8,sunny,10
hampi_ruins,2025-10-30,7297,3,0,0,,30.0,sunny,10
manali,2025-10-30,6744,3,0,0,,17.6,extreme_heat,10
mysore_palace,2025-10-30,14065,3,0,0,,28.7,sunny,10
kempty_falls,2025-10-30,2999,3,0,0,,27.0,rainy,10
robbers_cave,2025-10-30,2755,3,0,0,,33.4,extreme_heat,10
taj_mahal,2025-10-31,23352,4,0,0,,29.2,sunny,10
jaipur_city_palace,2025-10-31,14154,4,0,0,,31.7,cloudy,10
goa_baga_beach,2025-10-31,14416,4,0,0,,25.2,sunny,10
kerala_backwaters,2025-10-31,9025,4,0,0,,26.0,cloudy,10
varanasi_ghats,2025-10-31,19890,4,0,0,,27.3,sunny,10
hampi_ruins,2025-10-31,5620,4,0,0,,26.3,extreme_heat,10
manali,2025-10-31,6684,4,0,0,,13.1,extreme_heat,10
mysore_palace,2025-10-31,13050,4,0,0,,26.9,cloudy,10
kempty_falls,2025-10-31,4273,4,0,0,,27.5,sunny,10
robbers_cave,2025-10-31,4315,4,0,0,,28.6,cloudy,10
taj_mahal,2025-11-01,35435,5,1,0,,26.6,sunny,11
jaipur_city_palace,2025-11-01,14883,5,1,0,,22.0,rainy,11
goa_baga_beach,2025-11-01,18815,5,1,0,,28.9,rainy,11
kerala_backwaters,2025-11-01,15026,5,1,0,,21.9,sunny,11
varanasi_ghats,2025-11-01,27589,5,1,0,,21.3,sunny,11
hampi_ruins,2025-11-01,11161,5,1,0,,24.8,sunny,11
manali,2025-11-01,10252,5,1,0,,7.2,rainy,11
mysore_palace,2025-11-01,19344,5,1,0,,22.5,sunny,11
kempty_falls,2025-11-01,6946,5,1,0,,19.8,sunny,11
robbers_cave,2025-11-01,5116,5,1,0,,22.7,cloudy,11
taj_mahal,2025-11-02,31151,6,1,0,,19.0,cloudy,11
jaipur_city_palace,2025-11-02,25199,6,1,0,,19.2,sunny,11
goa_baga_beach,2025-11-02,32244,6,1,0,,33.0,cloudy,11
kerala_backwaters,2025-11-02,19496,6,1,0,,23.3,sunny,11
varanasi_ghats,2025-11-02,27658,6,1,0,,19.4,sunny,11
hampi_ruins,2025-11-02,12278,6,1,0,,23.8,cloudy,11
manali,2025-11-02,15150,6,1,0,,7.2,sunny,11
mysore_palace,2025-11-02,25078,6,1,0,,23.6,sunny,11
kempty_falls,2025-11-02,4435,6,1,0,,21.9,rainy,11
robbers_cave,2025-11-02,5500,6,1,0,,20.1,sunny,11
taj_mahal,2025-11-03,24812,0,0,0,,23.3,sunny,11
jaipur_city_palace,2025-11-03,10535,0,0,0,,18.7,extreme_heat,11
goa_baga_beach,2025-11-03,13304,0,0,0,,27.8,rainy,11
kerala_backwaters,2025-11-03,9161,0,0,0,,23.5,sunny,11
varanasi_ghats,2025-11-03,15837,0,0,0,,19.9,sunny,11
hampi_ruins,2025-11-03,7446,0,0,0,,21.8,cloudy,11
manali,2025-11-03,5276,0,0,0,,7.5,rainy,11
mysore_palace,2025-11-03,15161,0,0,0,,23.6,sunny,11
kempty_falls,2025-11-03,2814,0,0,0,,22.3,rainy,11
robbers_cave,2025-11-03,2886,0,0,0,,22.8,extreme_heat,11
taj_mahal,2025-11-04,15600,1,0,0,,23.1,extreme_heat,11
jaipur_city_palace,2025-11-04,13530,1,0,0,,24.9,sunny,11
goa_baga_beach,2025-11-04,12219,1,0,0,,28.3,rainy,11
kerala_backwaters,2025-11-04,6360,1,0,0,,22.6,extreme_heat,11
varanasi_ghats,2025-11-04,19481,1,0,0,,20.3,sunny,11
hampi_ruins,2025-11-04,7536,1,0,0,,24.2,sunny,11
manali,2025-11-04,9488,1,0,0,,8.5,sunny,11
mysore_palace,2025-11-04,13908,1,0,0,,24.0,sunny,11
kempty_falls,2025-11-04,5030,1,0,0,,21.5,sunny,11
robbers_cave,2025-11-04,4179,1,0,0,,21.1,sunny,11
taj_mahal,2025-11-05,22375,2,0,0,,18.9,sunny,11
jaipur_city_palace,2025-11-05,14619,2,0,0,,22.2,cloudy,11
goa_baga_beach,2025-11-05,21975,2,0,0,,29.5,sunny,11
kerala_backwaters,2025-11-05,8906,2,0,0,,22.9,sunny,11
varanasi_ghats,2025-11-05,20258,2,0,0,,19.1,sunny,11
hampi_ruins,2025-11-05,6813,2,0,0,,20.0,sunny,11
manali,2025-11-05,8213,2,0,0,,4.6,cloudy,11
mysore_palace,2025-11-05,11769,2,0,0,,19.4,sunny,11
kempty_falls,2025-11-05,4713,2,0,0,,23.0,sunny,11
robbers_cave,2025-11-05,3794,2,0,0,,20.2,cloudy,11
taj_mahal,2025-11-06,21502,3,0,0,,22.0,sunny,11
jaipur_city_palace,2025-11-06,16496,3,0,0,,22.4,sunny,11
goa_baga_beach,2025-11-06,17235,3,0,0,,28.5,sunny,11
kerala_backwaters,2025-11-06,10637,3,0,0,,23.5,sunny,11
varanasi_ghats,2025-11-06,21765,3,0,0,,27.9,sunny,11
hampi_ruins,2025-11-06,6725,3,0,0,,23.0,cloudy,11
manali,2025-11-06,8163,3,0,0,,10.7,cloudy,11
mysore_palace,2025-11-06,9695,3,0,0,,21.6,extreme_heat,11
kempty_falls,2025-11-06,4094,3,0,0,,22.7,sunny,11
robbers_cave,2025-11-06,3629,3,0,0,,23.3,sunny,11
taj_mahal,2025-11-07,17467,4,0,0,,24.1,cloudy,11
jaipur_city_palace,2025-11-07,13484,4,0,0,,22.4,sunny,11
goa_baga_beach,2025-11-07,19600,4,0,0,,25.6,sunny,11
kerala_backwaters,2025-11-07,10904,4,0,0,,22.0,sunny,11
varanasi_ghats,2025-11-07,15126,4,0,0,,25.5,cloudy,11
hampi_ruins,2025-11-07,8316,4,0,0,,23.2,sunny,11
manali,2025-11-07,9227,4,0,0,,2.7,cloudy,11
mysore_palace,2025-11-07,14435,4,0,0,,23.9,sunny,11
kempty_falls,2025-11-07,4125,4,0,0,,20.4,sunny,11
robbers_cave,2025-11-07,3594,4,0,0,,20.5,sunny,11
taj_mahal,2025-11-08,19814,5,1,0,,21.0,rainy,11
jaipur_city_palace,2025-11-08,23279,5,1,0,,25.9,sunny,11
goa_baga_beach,2025-11-08,18674,5,1,0,,25.5,rainy,11
kerala_backwaters,2025-11-08,16172,5,1,0,,21.1,sunny,11
varanasi_ghats,2025-11-08,18346,5,1,0,,16.1,extreme_heat,11
hampi_ruins,2025-11-08,11034,5,1,0,,21.7,sunny,11
manali,2025-11-08,14224,5,1,0,,8.0,sunny,11
mysore_palace,2025-11-08,22030,5,1,0,,20.7,sunny,11
kempty_falls,2025-11-08,5191,5,1,0,,25.3,extreme_heat,11
robbers_cave,2025-11-08,3620,5,1,0,,27.2,extreme_heat,11
taj_mahal,2025-11-09,34022,6,1,0,,22.1,cloudy,11
jaipur_city_palace,2025-11-09,25012,6,1,0,,25.0,sunny,11
goa_baga_beach,2025-11-09,21677,6,1,0,,28.3,extreme_heat,11
kerala_backwaters,2025-11-09,14638,6,1,0,,18.8,sunny,11
varanasi_ghats,2025-11-09,30720,6,1,0,,21.2,sunny,11
hampi_ruins,2025-11-09,10945,6,1,0,,24.0,sunny,11
manali,2025-11-09,10030,6,1,0,,5.8,extreme_heat,11
mysore_palace,2025-11-09,15064,6,1,0,,23.3,rainy,11
kempty_falls,2025-11-09,7115,6,1,0,,24.5,sunny,11
robbers_cave,2025-11-09,5500,6,1,0,,23.7,cloudy,11
taj_mahal,2025-11-10,19036,0,0,0,,22.8,sunny,11
jaipur_city_palace,2025-11-10,10086,0,0,0,,22.9,rainy,11
goa_baga_beach,2025-11-10,12771,0,0,0,,25.9,extreme_heat,11
kerala_backwaters,2025-11-10,9213,0,0,0,,24.4,sunny,11
varanasi_ghats,2025-11-10,17818,0,0,0,,22.7,cloudy,11
hampi_ruins,2025-11-10,8601,0,0,0,,20.0,cloudy,11
manali,2025-11-10,7804,0,0,0,,5.5,sunny,11
mysore_palace,2025-11-10,13494,0,0,0,,20.3,sunny,11
kempty_falls,2025-11-10,4026,0,0,0,,23.2,sunny,11
robbers_cave,2025-11-10,3549,0,0,0,,24.0,sunny,11
taj_mahal,2025-11-11,13558,1,0,0,,22.5,rainy,11
jaipur_city_palace,2025-11-11,15119,1,0,0,,22.3,cloudy,11
goa_baga_beach,2025-11-11,19408,1,0,0,,31.4,cloudy,11
kerala_backwaters,2025-11-11,7339,1,0,0,,24.7,extreme_heat,11
varanasi_ghats,2025-11-11,15581,1,0,0,,22.3,sunny,11
hampi_ruins,2025-11-11,8200,1,0,0,,21.4,sunny,11
manali,2025-11-11,7953,1,0,0,,5.8,sunny,11
mysore_palace,2025-11-11,14216,1,0,0,,21.6,cloudy,11
kempty_falls,2025-11-11,2839,1,0,0,,23.2,rainy,11
robbers_cave,2025-11-11,3040,1,0,0,,18.5,sunny,11
taj_mahal,2025-11-12,21869,2,0,0,,21.3,sunny,11
jaipur_city_palace,2025-11-12,11459,2,0,0,,26.3,extreme_heat,11
goa_baga_beach,2025-11-12,19836,2,0,0,,27.1,sunny,11
kerala_backwaters,2025-11-12,10853,2,0,0,,20.1,sunny,11
varanasi_ghats,2025-11-12,17182,2,0,0,,20.8,cloudy,11
hampi_ruins,2025-11-12,6593,2,0,0,,19.8,cloudy,11
manali,2025-11-12,8750,2,0,0,,7.7,cloudy,11
mysore_palace,2025-11-12,12550,2,0,0,,19.2,sunny,11
kempty_falls,2025-11-12,4631,2,0,0,,21.4,sunny,11
robbers_cave,2025-11-12,3553,2,0,0,,18.5,sunny,11
taj_mahal,2025-11-13,14647,3,0,0,,23.1,rainy,11
jaipur_city_palace,2025-11-13,13567,3,0,0,,20.5,sunny,11
goa_baga_beach,2025-11-13,18520,3,0,0,,28.2,sunny,11
kerala_backwaters,2025-11-13,6666,3,0,0,,20.5,extreme_heat,11
varanasi_ghats,2025-11-13,20836,3,0,0,,20.1,sunny,11
hampi_ruins,2025-11-13,5604,3,0,0,,21.9,extreme_heat,11
manali,2025-11-13,8120,3,0,0,,4.0,cloudy,11
mysore_palace,2025-11-13,12404,3,0,0,,21.0,sunny,11
kempty_falls,2025-11-13,4264,3,0,0,,20.6,cloudy,11
robbers_cave,2025-11-13,4067,3,0,0,,22.3,sunny,11
taj_mahal,2025-11-14,22960,4,0,0,,20.6,sunny,11
jaipur_city_palace,2025-11-14,11538,4,0,0,,20.9,rainy,11
goa_baga_beach,2025-11-14,21650,4,0,0,,30.6,sunny,11
kerala_backwaters,2025-11-14,9694,4,0,0,,22.4,sunny,11
varanasi_ghats,2025-11-14,16083,4,0,0,,23.5,cloudy,11
hampi_ruins,2025-11-14,5431,4,0,0,,22.2,extreme_heat,11
manali,2025-11-14,8670,4,0,0,,5.4,sunny,11
mysore_palace,2025-11-14,13467,4,0,0,,21.3,cloudy,11
kempty_falls,2025-11-14,4301,4,0,0,,24.9,sunny,11
robbers_cave,2025-11-14,2553,4,0,0,,21.9,rainy,11
taj_mahal,2025-11-15,32341,5,1,0,,22.1,cloudy,11
jaipur_city_palace,2025-11-15,23255,5,1,0,,22.9,sunny,11
goa_baga_beach,2025-11-15,29546,5,1,0,,25.8,sunny,11
kerala_backwaters,2025-11-15,16491,5,1,0,,25.3,sunny,11
varanasi_ghats,2025-11-15,25663,5,1,0,,23.9,sunny,11
hampi_ruins,2025-11-15,10658,5,1,0,,19.8,sunny,11
manali,2025-11-15,11878,5,1,0,,3.5,sunny,11
mysore_palace,2025-11-15,13900,5,1,0,,22.3,rainy,11
kempty_falls,2025-11-15,7435,5,1,0,,22.9,sunny,11
robbers_cave,2025-11-15,5424,5,1,0,,23.9,cloudy,11
taj_mahal,2025-11-16,42678,6,1,0,,21.4,sunny,11
jaipur_city_palace,2025-11-16,25469,6,1,0,,19.6,sunny,11
goa_baga_beach,2025-11-16,32248,6,1,0,,31.1,sunny,11
kerala_backwaters,2025-11-16,18143,6,1,0,,24.8,sunny,11
varanasi_ghats,2025-11-16,26981,6,1,0,,23.8,cloudy,11
hampi_ruins,2025-11-16,12143,6,1,0,,22.6,sunny,11
manali,2025-11-16,14656,6,1,0,,9.1,cloudy,11
mysore_palace,2025-11-16,13264,6,1,0,,22.6,rainy,11
kempty_falls,2025-11-16,6853,6,1,0,,18.6,cloudy,11
robbers_cave,2025-11-16,5500,6,1,0,,20.3,sunny,11
taj_mahal,2025-11-17,20931,0,0,0,,21.7,sunny,11
jaipur_city_palace,2025-11-17,14721,0,0,0,,21.5,sunny,11
goa_baga_beach,2025-11-17,20481,0,0,0,,26.6,sunny,11
kerala_backwaters,2025-11-17,9327,0,0,0,,22.1,cloudy,11
varanasi_ghats,2025-11-17,14530,0,0,0,,20.2,cloudy,11
hampi_ruins,2025-11-17,7229,0,0,0,,24.4,cloudy,11
manali,2025-11-17,5930,0,0,0,,6.6,extreme_heat,11
mysore_palace,2025-11-17,16645,0,0,0,,21.3,sunny,11
kempty_falls,2025-11-17,4992,0,0,0,,24.0,sunny,11
robbers_cave,2025-11-17,2599,0,0,0,,24.5,extreme_heat,11
taj_mahal,2025-11-18,22274,1,0,0,,22.0,sunny,11
jaipur_city_palace,2025-11-18,16389,1,0,0,,21.8,sunny,11
goa_baga_beach,2025-11-18,11279,1,0,0,,26.1,extreme_heat,11
kerala_backwaters,2025-11-18,10351,1,0,0,,19.9,sunny,11
varanasi_ghats,2025-11-18,19551,1,0,0,,21.4,sunny,11
hampi_ruins,2025-11-18,7286,1,0,0,,21.9,sunny,11
manali,2025-11-18,10293,1,0,0,,7.3,sunny,11
mysore_palace,2025-11-18,12336,1,0,0,,24.3,cloudy,11
kempty_falls,2025-11-18,4696,1,0,0,,22.8,sunny,11
robbers_cave,2025-11-18,3783,1,0,0,,21.3,sunny,11
taj_mahal,2025-11-19,19220,2,0,0,,26.8,cloudy,11
jaipur_city_palace,2025-11-19,15580,2,0,0,,26.2,sunny,11
goa_baga_beach,2025-11-19,15363,2,0,0,,30.3,cloudy,11
kerala_backwaters,2025-11-19,10399,2,0,0,,21.9,sunny,11
varanasi_ghats,2025-11-19,17669,2,0,0,,25.4,sunny,11
hampi_ruins,2025-11-19,7512,2,0,0,,24.4,sunny,11
manali,2025-11-19,4721,2,0,0,,5.6,rainy,11
mysore_palace,2025-11-19,9814,2,0,0,,22.6,extreme_heat,11
kempty_falls,2025-11-19,3781,2,0,0,,22.7,sunny,11
robbers_cave,2025-11-19,3414,2,0,0,,25.3,cloudy,11
taj_mahal,2025-11-20,23175,3,0,0,,24.7,sunny,11
jaipur_city_palace,2025-11-20,14271,3,0,0,,23.5,cloudy,11
goa_baga_beach,2025-11-20,12173,3,0,0,,31.6,extreme_heat,11
kerala_backwaters,2025-11-20,6891,3,0,0,,22.2,rainy,11
varanasi_ghats,2025-11-20,12311,3,0,0,,19.2,rainy,11
hampi_ruins,2025-11-20,5928,3,0,0,,19.8,cloudy,11
manali,2025-11-20,9223,3,0,0,,8.0,sunny,11
mysore_palace,2025-11-20,12129,3,0,0,,22.6,cloudy,11
kempty_falls,2025-11-20,4402,3,0,0,,21.1,sunny,11
robbers_cave,2025-11-20,3332,3,0,0,,22.5,sunny,11
taj_mahal,2025-11-21,21003,4,0,0,,22.0,sunny,11
jaipur_city_palace,2025-11-21,15134,4,0,0,,21.6,sunny,11
goa_baga_beach,2025-11-21,17507,4,0,0,,30.3,cloudy,11
kerala_backwaters,2025-11-21,10161,4,0,0,,19.7,sunny,11
varanasi_ghats,2025-11-21,19429,4,0,0,,20.0,sunny,11
hampi_ruins,2025-11-21,6743,4,0,0,,20.7,cloudy,11
manali,2025-11-21,5640,4,0,0,,2.6,rainy,11
mysore_palace,2025-11-21,13430,4,0,0,,20.3,sunny,11
kempty_falls,2025-11-21,4050,4,0,0,,20.6,sunny,11
robbers_cave,2025-11-21,3560,4,0,0,,18.9,cloudy,11
taj_mahal,2025-11-22,34392,5,1,0,,21.6,sunny,11
jaipur_city_palace,2025-11-22,19653,5,1,0,,21.9,sunny,11
goa_baga_beach,2025-11-22,28961,5,1,0,,27.6,sunny,11
kerala_backwaters,2025-11-22,14911,5,1,0,,18.4,sunny,11
varanasi_ghats,2025-11-22,25769,5,1,0,,21.9,sunny,11
hampi_ruins,2025-11-22,7182,5,1,0,,20.7,rainy,11
manali,2025-11-22,13482,5,1,0,,8.8,sunny,11
mysore_palace,2025-11-22,13060,5,1,0,,21.7,rainy,11
kempty_falls,2025-11-22,6951,5,1,0,,22.2,cloudy,11
robbers_cave,2025-11-22,3594,5,1,0,,24.1,extreme_heat,11
taj_mahal,2025-11-23,33271,6,1,0,,22.4,cloudy,11
jaipur_city_palace,2025-11-23,25697,6,1,0,,20.6,sunny,11
goa_baga_beach,2025-11-23,29183,6,1,0,,31.1,sunny,11
kerala_backwaters,2025-11-23,15262,6,1,0,,23.9,sunny,11
varanasi_ghats,2025-11-23,25895,6,1,0,,20.8,cloudy,11
hampi_ruins,2025-11-23,12793,6,1,0,,23.8,sunny,11
manali,2025-11-23,13614,6,1,0,,4.6,cloudy,11
mysore_palace,2025-11-23,21536,6,1,0,,21.6,sunny,11
kempty_falls,2025-11-23,4722,6,1,0,,20.9,rainy,11
robbers_cave,2025-11-23,5500,6,1,0,,21.7,sunny,11
taj_mahal,2025-11-24,21313,0,0,0,,20.7,sunny,11
jaipur_city_palace,2025-11-24,14043,0,0,0,,17.5,cloudy,11
goa_baga_beach,2025-11-24,10337,0,0,0,,27.8,extreme_heat,11
kerala_backwaters,2025-11-24,9574,0,0,0,,25.2,sunny,11
varanasi_ghats,2025-11-24,18390,0,0,0,,21.1,sunny,11
hampi_ruins,2025-11-24,8838,0,0,0,,20.7,sunny,11
manali,2025-11-24,9127,0,0,0,,7.9,sunny,11
mysore_palace,2025-11-24,7505,0,0,0,,23.2,rainy,11
kempty_falls,2025-11-24,4442,0,0,0,,21.3,sunny,11
robbers_cave,2025-11-24,2360,0,0,0,,23.5,extreme_heat,11
taj_mahal,2025-11-25,24190,1,0,0,,20.6,sunny,11
jaipur_city_palace,2025-11-25,16125,1,0,0,,25.3,sunny,11
goa_baga_beach,2025-11-25,12261,1,0,0,,30.4,rainy,11
kerala_backwaters,2025-11-25,9167,1,0,0,,21.2,sunny,11
varanasi_ghats,2025-11-25,11085,1,0,0,,22.7,rainy,11
hampi_ruins,2025-11-25,7008,1,0,0,,23.3,sunny,11
manali,2025-11-25,5371,1,0,0,,5.5,rainy,11
mysore_palace,2025-11-25,12366,1,0,0,,22.4,cloudy,11
kempty_falls,2025-11-25,4539,1,0,0,,21.4,sunny,11
robbers_cave,2025-11-25,3752,1,0,0,,19.3,sunny,11
taj_mahal,2025-11-26,19767,2,0,0,,20.9,cloudy,11
jaipur_city_palace,2025-11-26,16704,2,0,0,,20.5,sunny,11
goa_baga_beach,2025-11-26,11483,2,0,0,,32.7,rainy,11
kerala_backwaters,2025-11-26,10055,2,0,0,,22.1,sunny,11
varanasi_ghats,2025-11-26,16284,2,0,0,,21.8,sunny,11
hampi_ruins,2025-11-26,7311,2,0,0,,22.4,sunny,11
manali,2025-11-26,8588,2,0,0,,2.5,sunny,11
mysore_palace,2025-11-26,13996,2,0,0,,23.9,sunny,11
kempty_falls,2025-11-26,3592,2,0,0,,22.0,cloudy,11
robbers_cave,2025-11-26,3524,2,0,0,,21.4,cloudy,11
taj_mahal,2025-11-27,22087,3,0,0,,20.3,sunny,11
jaipur_city_palace,2025-11-27,9393,3,0,0,,23.6,rainy,11
goa_baga_beach,2025-11-27,19542,3,0,0,,28.9,sunny,11
kerala_backwaters,2025-11-27,11022,3,0,0,,25.3,sunny,11
varanasi_ghats,2025-11-27,14626,3,0,0,,19.7,sunny,11
hampi_ruins,2025-11-27,6015,3,0,0,,22.3,sunny,11
manali,2025-11-27,6576,3,0,0,,6.4,extreme_heat,11
mysore_palace,2025-11-27,13870,3,0,0,,19.6,sunny,11
kempty_falls,2025-11-27,4405,3,0,0,,23.2,cloudy,11
robbers_cave,2025-11-27,3866,3,0,0,,24.2,sunny,11
taj_mahal,2025-11-28,20638,4,0,0,,24.5,sunny,11
jaipur_city_palace,2025-11-28,15845,4,0,0,,23.4,cloudy,11
goa_baga_beach,2025-11-28,12557,4,0,0,,30.4,extreme_heat,11
kerala_backwaters,2025-11-28,11441,4,0,0,,20.8,sunny,11
varanasi_ghats,2025-11-28,17100,4,0,0,,19.8,sunny,11
hampi_ruins,2025-11-28,8119,4,0,0,,20.5,sunny,11
manali,2025-11-28,9361,4,0,0,,7.3,sunny,11
mysore_palace,2025-11-28,13755,4,0,0,,19.9,sunny,11
kempty_falls,2025-11-28,4292,4,0,0,,20.4,sunny,11
robbers_cave,2025-11-28,2661,4,0,0,,21.6,rainy,11
taj_mahal,2025-11-29,25850,5,1,0,,20.7,extreme_heat,11
jaipur_city_palace,2025-11-29,21821,5,1,0,,21.1,sunny,11
goa_baga_beach,2025-11-29,27403,5,1,0,,30.1,sunny,11
kerala_backwaters,2025-11-29,15028,5,1,0,,22.1,sunny,11
varanasi_ghats,2025-11-29,27051,5,1,0,,23.3,cloudy,11
hampi_ruins,2025-11-29,10326,5,1,0,,21.2,sunny,11
manali,2025-11-29,13798,5,1,0,,5.2,sunny,11
mysore_palace,2025-11-29,12692,5,1,0,,20.8,extreme_heat,11
kempty_falls,2025-11-29,4238,5,1,0,,20.3,rainy,11
robbers_cave,2025-11-29,5500,5,1,0,,20.1,sunny,11
taj_mahal,2025-11-30,23165,6,1,0,,21.8,rainy,11
jaipur_city_palace,2025-11-30,25861,6,1,0,,26.4,cloudy,11
goa_baga_beach,2025-11-30,27435,6,1,0,,25.5,cloudy,11
kerala_backwaters,2025-11-30,16664,6,1,0,,23.1,sunny,11
varanasi_ghats,2025-11-30,29831,6,1,0,,20.3,sunny,11
hampi_ruins,2025-11-30,11691,6,1,0,,23.4,cloudy,11
manali,2025-11-30,15719,6,1,0,,6.1,cloudy,11
mysore_palace,2025-11-30,15660,6,1,0,,23.4,extreme_heat,11
kempty_falls,2025-11-30,6797,6,1,0,,21.9,sunny,11
robbers_cave,2025-11-30,5500,6,1,0,,20.4,sunny,11
taj_mahal,2025-12-01,15709,0,0,0,,17.6,rainy,12
jaipur_city_palace,2025-12-01,14544,0,0,0,,17.3,sunny,12
goa_baga_beach,2025-12-01,16554,0,0,0,,28.8,sunny,12
kerala_backwaters,2025-12-01,10302,0,0,0,,19.4,cloudy,12
varanasi_ghats,2025-12-01,17184,0,0,0,,17.6,sunny,12
hampi_ruins,2025-12-01,6623,0,0,0,,15.8,cloudy,12
manali,2025-12-01,14654,0,0,0,,-2.1,sunny,12
mysore_palace,2025-12-01,13055,0,0,0,,14.3,cloudy,12
kempty_falls,2025-12-01,5783,0,0,0,,14.0,sunny,12
robbers_cave,2025-12-01,1965,0,0,0,,16.5,extreme_heat,12
taj_mahal,2025-12-02,13751,1,0,0,,17.2,rainy,12
jaipur_city_palace,2025-12-02,15406,1,0,0,,16.8,cloudy,12
goa_baga_beach,2025-12-02,18196,1,0,0,,28.8,sunny,12
kerala_backwaters,2025-12-02,9617,1,0,0,,18.1,cloudy,12
varanasi_ghats,2025-12-02,17574,1,0,0,,17.0,sunny,12
hampi_ruins,2025-12-02,6898,1,0,0,,17.8,cloudy,12
manali,2025-12-02,16892,1,0,0,,1.2,sunny,12
mysore_palace,2025-12-02,13706,1,0,0,,17.6,sunny,12
kempty_falls,2025-12-02,6021,1,0,0,,17.7,sunny,12
robbers_cave,2025-12-02,2826,1,0,0,,16.0,sunny,12
taj_mahal,2025-12-03,22922,2,0,0,,18.4,sunny,12
jaipur_city_palace,2025-12-03,15401,2,0,0,,15.6,sunny,12
goa_baga_beach,2025-12-03,17532,2,0,0,,26.4,sunny,12
kerala_backwaters,2025-12-03,9246,2,0,0,,17.2,cloudy,12
varanasi_ghats,2025-12-03,12515,2,0,0,,16.1,rainy,12
hampi_ruins,2025-12-03,6777,2,0,0,,15.1,cloudy,12
manali,2025-12-03,12461,2,0,0,,1.6,extreme_heat,12
mysore_palace,2025-12-03,14471,2,0,0,,18.9,cloudy,12
kempty_falls,2025-12-03,5996,2,0,0,,19.2,sunny,12
robbers_cave,2025-12-03,2374,2,0,0,,13.0,sunny,12
taj_mahal,2025-12-04,19526,3,0,0,,12.4,sunny,12
jaipur_city_palace,2025-12-04,8499,3,0,0,,16.5,rainy,12
goa_baga_beach,2025-12-04,16073,3,0,0,,27.9,sunny,12
kerala_backwaters,2025-12-04,9303,3,0,0,,14.6,cloudy,12
varanasi_ghats,2025-12-04,19636,3,0,0,,15.3,cloudy,12
hampi_ruins,2025-12-04,7047,3,0,0,,15.4,cloudy,12
manali,2025-12-04,17180,3,0,0,,0.4,sunny,12
mysore_palace,2025-12-04,13298,3,0,0,,20.4,sunny,12
kempty_falls,2025-12-04,6363,3,0,0,,19.1,cloudy,12
robbers_cave,2025-12-04,3113,3,0,0,,17.3,sunny,12
taj_mahal,2025-12-05,21409,4,0,0,,16.7,sunny,12
jaipur_city_palace,2025-12-05,15721,4,0,0,,20.4,sunny,12
goa_baga_beach,2025-12-05,13157,4,0,0,,23.0,rainy,12
kerala_backwaters,2025-12-05,8952,4,0,0,,16.1,cloudy,12
varanasi_ghats,2025-12-05,16378,4,0,0,,12.0,cloudy,12
hampi_ruins,2025-12-05,7912,4,0,0,,13.0,sunny,12
manali,2025-12-05,13965,4,0,0,,-0.4,sunny,12
mysore_palace,2025-12-05,13941,4,0,0,,14.6,cloudy,12
kempty_falls,2025-12-05,5960,4,0,0,,18.1,sunny,12
robbers_cave,2025-12-05,2419,4,0,0,,17.3,cloudy,12
taj_mahal,2025-12-06,37767,5,1,0,,15.1,sunny,12
jaipur_city_palace,2025-12-06,24792,5,1,0,,12.4,sunny,12
goa_baga_beach,2025-12-06,29236,5,1,0,,28.4,sunny,12
kerala_backwaters,2025-12-06,12669,5,1,0,,14.7,cloudy,12
varanasi_ghats,2025-12-06,26594,5,1,0,,12.5,sunny,12
hampi_ruins,2025-12-06,6883,5,1,0,,16.4,rainy,12
manali,2025-12-06,13361,5,1,0,,-0.6,rainy,12
mysore_palace,2025-12-06,21103,5,1,0,,14.5,sunny,12
kempty_falls,2025-12-06,9321,5,1,0,,16.8,sunny,12
robbers_cave,2025-12-06,2621,5,1,0,,15.7,extreme_heat,12
taj_mahal,2025-12-07,32965,6,1,0,,12.3,cloudy,12
jaipur_city_palace,2025-12-07,15651,6,1,0,,13.8,rainy,12
goa_baga_beach,2025-12-07,18568,6,1,0,,25.5,extreme_heat,12
kerala_backwaters,2025-12-07,16592,6,1,0,,15.8,sunny,12
varanasi_ghats,2025-12-07,28380,6,1,0,,14.7,sunny,12
hampi_ruins,2025-12-07,10617,6,1,0,,18.7,sunny,12
manali,2025-12-07,22549,6,1,0,,0.5,sunny,12
mysore_palace,2025-12-07,25109,6,1,0,,13.9,sunny,12
kempty_falls,2025-12-07,10532,6,1,0,,17.4,sunny,12
robbers_cave,2025-12-07,4265,6,1,0,,11.9,cloudy,12
taj_mahal,2025-12-08,22610,0,0,0,,16.3,sunny,12
jaipur_city_palace,2025-12-08,16161,0,0,0,,16.7,sunny,12
goa_baga_beach,2025-12-08,13969,0,0,0,,28.6,rainy,12
kerala_backwaters,2025-12-08,9061,0,0,0,,17.7,cloudy,12
varanasi_ghats,2025-12-08,16456,0,0,0,,12.8,cloudy,12
hampi_ruins,2025-12-08,7137,0,0,0,,18.9,cloudy,12
manali,2025-12-08,16155,0,0,0,,0.8,sunny,12
mysore_palace,2025-12-08,15563,0,0,0,,16.7,sunny,12
kempty_falls,2025-12-08,7073,0,0,0,,16.1,sunny,12
robbers_cave,2025-12-08,2093,0,0,0,,13.8,extreme_heat,12
taj_mahal,2025-12-09,18847,1,0,0,,19.0,sunny,12
jaipur_city_palace,2025-12-09,10103,1,0,0,,13.9,rainy,12
goa_baga_beach,2025-12-09,19827,1,0,0,,26.6,sunny,12
kerala_backwaters,2025-12-09,10794,1,0,0,,15.7,sunny,12
varanasi_ghats,2025-12-09,18644,1,0,0,,17.0,sunny,12
hampi_ruins,2025-12-09,7651,1,0,0,,16.2,sunny,12
manali,2025-12-09,16982,1,0,0,,2.6,sunny,12
mysore_palace,2025-12-09,14387,1,0,0,,15.2,cloudy,12
kempty_falls,2025-12-09,6661,1,0,0,,17.8,sunny,12
robbers_cave,2025-12-09,2520,1,0,0,,17.2,sunny,12
taj_mahal,2025-12-10,22358,2,0,0,,12.8,sunny,12
jaipur_city_palace,2025-12-10,13146,2,0,0,,17.6,cloudy,12
goa_baga_beach,2025-12-10,17487,2,0,0,,28.5,sunny,12
kerala_backwaters,2025-12-10,7308,2,0,0,,12.8,extreme_heat,12
varanasi_ghats,2025-12-10,11623,2,0,0,,17.1,rainy,12
hampi_ruins,2025-12-10,7580,2,0,0,,13.2,sunny,12
manali,2025-12-10,14244,2,0,0,,0.5,cloudy,12
mysore_palace,2025-12-10,12958,2,0,0,,15.3,sunny,12
kempty_falls,2025-12-10,6174,2,0,0,,16.3,sunny,12
robbers_cave,2025-12-10,2430,2,0,0,,16.5,cloudy,12
taj_mahal,2025-12-11,24209,3,0,0,,18.9,sunny,12
jaipur_city_palace,2025-12-11,13972,3,0,0,,18.2,sunny,12
goa_baga_beach,2025-12-11,18427,3,0,0,,27.4,sunny,12
kerala_backwaters,2025-12-11,10367,3,0,0,,17.5,sunny,12
varanasi_ghats,2025-12-11,8988,3,0,0,,16.0,rainy,12
hampi_ruins,2025-12-11,6109,3,0,0,,18.6,cloudy,12
manali,2025-12-11,17386,3,0,0,,0.9,sunny,12
mysore_palace,2025-12-11,12890,3,0,0,,18.2,sunny,12
kempty_falls,2025-12-11,5240,3,0,0,,15.4,sunny,12
robbers_cave,2025-12-11,2892,3,0,0,,16.3,sunny,12
taj_mahal,2025-12-12,17696,4,0,0,,17.4,sunny,12
jaipur_city_palace,2025-12-12,16734,4,0,0,,19.2,sunny,12
goa_baga_beach,2025-12-12,14041,4,0,0,,25.7,rainy,12
kerala_backwaters,2025-12-12,9980,4,0,0,,14.1,cloudy,12
varanasi_ghats,2025-12-12,17955,4,0,0,,17.5,sunny,12
hampi_ruins,2025-12-12,5198,4,0,0,,13.9,rainy,12
manali,2025-12-12,10595,4,0,0,,-3.6,cloudy,12
mysore_palace,2025-12-12,13910,4,0,0,,18.1,cloudy,12
kempty_falls,2025-12-12,6201,4,0,0,,17.0,cloudy,12
robbers_cave,2025-12-12,3172,4,0,0,,15.8,sunny,12
taj_mahal,2025-12-13,21378,5,1,0,,13.3,rainy,12
jaipur_city_palace,2025-12-13,19949,5,1,0,,15.0,cloudy,12
goa_baga_beach,2025-12-13,29372,5,1,0,,29.7,sunny,12
kerala_backwaters,2025-12-13,15709,5,1,0,,17.3,sunny,12
varanasi_ghats,2025-12-13,25727,5,1,0,,17.9,sunny,12
hampi_ruins,2025-12-13,12147,5,1,0,,17.0,sunny,12
manali,2025-12-13,19105,5,1,0,,-3.4,sunny,12
mysore_palace,2025-12-13,19317,5,1,0,,17.1,cloudy,12
kempty_falls,2025-12-13,6077,5,1,0,,14.5,rainy,12
robbers_cave,2025-12-13,2843,5,1,0,,18.9,rainy,12
taj_mahal,2025-12-14,37244,6,1,0,,16.5,sunny,12
jaipur_city_palace,2025-12-14,22989,6,1,0,,15.0,sunny,12
goa_baga_beach,2025-12-14,25653,6,1,0,,28.0,cloudy,12
kerala_backwaters,2025-12-14,17076,6,1,0,,15.1,sunny,12
varanasi_ghats,2025-12-14,25604,6,1,0,,15.9,sunny,12
hampi_ruins,2025-12-14,8240,6,1,0,,14.2,rainy,12
manali,2025-12-14,18123,6,1,0,,0.5,extreme_heat,12
mysore_palace,2025-12-14,22040,6,1,0,,19.0,sunny,12
kempty_falls,2025-12-14,7109,6,1,0,,13.9,extreme_heat,12
robbers_cave,2025-12-14,4261,6,1,0,,16.6,cloudy,12
taj_mahal,2025-12-15,26394,0,0,0,,15.3,sunny,12
jaipur_city_palace,2025-12-15,9196,0,0,0,,14.9,extreme_heat,12
goa_baga_beach,2025-12-15,18029,0,0,0,,27.3,sunny,12
kerala_backwaters,2025-12-15,10975,0,0,0,,19.0,sunny,12
varanasi_ghats,2025-12-15,17768,0,0,0,,14.5,sunny,12
hampi_ruins,2025-12-15,7737,0,0,0,,17.0,sunny,12
manali,2025-12-15,10357,0,0,0,,1.2,rainy,12
mysore_palace,2025-12-15,9302,0,0,0,,15.0,rainy,12
kempty_falls,2025-12-15,6181,0,0,0,,15.0,sunny,12
robbers_cave,2025-12-15,2874,0,0,0,,13.9,sunny,12
taj_mahal,2025-12-16,22155,1,0,0,,11.7,cloudy,12
jaipur_city_palace,2025-12-16,15570,1,0,0,,13.2,cloudy,12
goa_baga_beach,2025-12-16,15406,1,0,0,,27.7,sunny,12
kerala_backwaters,2025-12-16,11528,1,0,0,,17.6,sunny,12
varanasi_ghats,2025-12-16,18822,1,0,0,,15.6,sunny,12
hampi_ruins,2025-12-16,7356,1,0,0,,15.7,cloudy,12
manali,2025-12-16,11555,1,0,0,,0.2,rainy,12
mysore_palace,2025-12-16,11089,1,0,0,,15.0,sunny,12
kempty_falls,2025-12-16,6186,1,0,0,,15.3,cloudy,12
robbers_cave,2025-12-16,2875,1,0,0,,15.3,sunny,12
taj_mahal,2025-12-17,25740,2,0,0,,16.8,sunny,12
jaipur_city_palace,2025-12-17,14671,2,0,0,,17.5,sunny,12
goa_baga_beach,2025-12-17,17205,2,0,0,,29.6,sunny,12
kerala_backwaters,2025-12-17,10481,2,0,0,,17.8,cloudy,12
varanasi_ghats,2025-12-17,14057,2,0,0,,19.1,extreme_heat,12
hampi_ruins,2025-12-17,6131,2,0,0,,16.7,cloudy,12
manali,2025-12-17,16437,2,0,0,,0.0,sunny,12
mysore_palace,2025-12-17,14576,2,0,0,,12.2,sunny,12
kempty_falls,2025-12-17,6518,2,0,0,,13.9,sunny,12
robbers_cave,2025-12-17,1702,2,0,0,,18.2,rainy,12
taj_mahal,2025-12-18,23858,3,0,0,,16.4,sunny,12
jaipur_city_palace,2025-12-18,7995,3,0,0,,17.1,rainy,12
goa_baga_beach,2025-12-18,17617,3,0,0,,28.8,cloudy,12
kerala_backwaters,2025-12-18,9032,3,0,0,,11.5,cloudy,12
varanasi_ghats,2025-12-18,15692,3,0,0,,19.4,cloudy,12
hampi_ruins,2025-12-18,7582,3,0,0,,11.9,cloudy,12
manali,2025-12-18,12858,3,0,0,,-0.4,cloudy,12
mysore_palace,2025-12-18,11441,3,0,0,,18.1,cloudy,12
kempty_falls,2025-12-18,6431,3,0,0,,13.2,cloudy,12
robbers_cave,2025-12-18,2745,3,0,0,,13.5,sunny,12
taj_mahal,2025-12-19,22594,4,0,0,,13.7,sunny,12
jaipur_city_palace,2025-12-19,11271,4,0,0,,15.8,rainy,12
goa_baga_beach,2025-12-19,13642,4,0,0,,27.0,extreme_heat,12
kerala_backwaters,2025-12-19,7536,4,0,0,,19.3,extreme_heat,12
varanasi_ghats,2025-12-19,16000,4,0,0,,14.3,sunny,12
hampi_ruins,2025-12-19,5549,4,0,0,,16.0,extreme_heat,12
manali,2025-12-19,13760,4,0,0,,3.6,sunny,12
mysore_palace,2025-12-19,14084,4,0,0,,15.6,sunny,12
kempty_falls,2025-12-19,6369,4,0,0,,15.7,sunny,12
robbers_cave,2025-12-19,2323,4,0,0,,15.8,sunny,12
taj_mahal,2025-12-20,44000,5,1,1,Winter Vacation,16.7,sunny,12
jaipur_city_palace,2025-12-20,27500,5,1,1,Winter Vacation,15.9,sunny,12
goa_baga_beach,2025-12-20,38500,5,1,1,Winter Vacation,26.4,sunny,12
kerala_backwaters,2025-12-20,19800,5,1,1,Winter Vacation,14.8,sunny,12
varanasi_ghats,2025-12-20,33000,5,1,1,Winter Vacation,17.8,sunny,12
hampi_ruins,2025-12-20,16500,5,1,1,Winter Vacation,16.6,sunny,12
manali,2025-12-20,24200,5,1,1,Winter Vacation,0.5,sunny,12
mysore_palace,2025-12-20,26400,5,1,1,Winter Vacation,16.4,cloudy,12
kempty_falls,2025-12-20,11000,5,1,1,Winter Vacation,16.7,sunny,12
robbers_cave,2025-12-20,3502,5,1,1,Winter Vacation,18.1,rainy,12
taj_mahal,2025-12-21,44000,6,1,1,Winter Vacation,14.6,sunny,12
jaipur_city_palace,2025-12-21,27500,6,1,1,Winter Vacation,14.5,sunny,12
goa_baga_beach,2025-12-21,38500,6,1,1,Winter Vacation,26.2,sunny,12
kerala_backwaters,2025-12-21,19800,6,1,1,Winter Vacation,18.0,cloudy,12
varanasi_ghats,2025-12-21,33000,6,1,1,Winter Vacation,11.6,sunny,12
hampi_ruins,2025-12-21,16500,6,1,1,Winter Vacation,22.0,sunny,12
manali,2025-12-21,24200,6,1,1,Winter Vacation,-1.0,cloudy,12
mysore_palace,2025-12-21,26400,6,1,1,Winter Vacation,14.2,sunny,12
kempty_falls,2025-12-21,11000,6,1,1,Winter Vacation,15.7,sunny,12
robbers_cave,2025-12-21,5500,6,1,1,Winter Vacation,15.2,cloudy,12
taj_mahal,2025-12-22,30223,0,0,1,Winter Vacation,17.3,sunny,12
jaipur_city_palace,2025-12-22,20843,0,0,1,Winter Vacation,18.0,sunny,12
goa_baga_beach,2025-12-22,30881,0,0,1,Winter Vacation,27.3,sunny,12
kerala_backwaters,2025-12-22,15388,0,0,1,Winter Vacation,15.3,sunny,12
varanasi_ghats,2025-12-22,28791,0,0,1,Winter Vacation,13.0,sunny,12
hampi_ruins,2025-12-22,12631,0,0,1,Winter Vacation,14.5,sunny,12
manali,2025-12-22,24200,0,0,1,Winter Vacation,0.1,sunny,12
mysore_palace,2025-12-22,19783,0,0,1,Winter Vacation,15.7,sunny,12
kempty_falls,2025-12-22,9489,0,0,1,Winter Vacation,11.6,sunny,12
robbers_cave,2025-12-22,3632,0,0,1,Winter Vacation,17.8,cloudy,12
taj_mahal,2025-12-23,34957,1,0,1,Winter Vacation,14.1,sunny,12
jaipur_city_palace,2025-12-23,23171,1,0,1,Winter Vacation,14.7,sunny,12
goa_baga_beach,2025-12-23,29721,1,0,1,Winter Vacation,31.0,sunny,12
kerala_backwaters,2025-12-23,16042,1,0,1,Winter Vacation,19.2,sunny,12
varanasi_ghats,2025-12-23,29744,1,0,1,Winter Vacation,21.6,sunny,12
hampi_ruins,2025-12-23,8040,1,0,1,Winter Vacation,15.2,extreme_heat,12
manali,2025-12-23,24200,1,0,1,Winter Vacation,0.9,sunny,12
mysore_palace,2025-12-23,21806,1,0,1,Winter Vacation,17.0,sunny,12
kempty_falls,2025-12-23,6785,1,0,1,Winter Vacation,14.0,rainy,12
robbers_cave,2025-12-23,4695,1,0,1,Winter Vacation,15.6,sunny,12
taj_mahal,2025-12-24,33499,2,0,1,Winter Vacation,16.3,sunny,12
jaipur_city_palace,2025-12-24,22539,2,0,1,Winter Vacation,15.5,sunny,12
goa_baga_beach,2025-12-24,19920,2,0,1,Winter Vacation,27.8,rainy,12
kerala_backwaters,2025-12-24,12253,2,0,1,Winter Vacation,18.0,sunny,12
varanasi_ghats,2025-12-24,16906,2,0,1,Winter Vacation,15.5,rainy,12
hampi_ruins,2025-12-24,10953,2,0,1,Winter Vacation,18.9,sunny,12
manali,2025-12-24,16666,2,0,1,Winter Vacation,1.7,extreme_heat,12
mysore_palace,2025-12-24,21934,2,0,1,Winter Vacation,20.1,cloudy,12
kempty_falls,2025-12-24,10752,2,0,1,Winter Vacation,17.0,sunny,12
robbers_cave,2025-12-24,4173,2,0,1,Winter Vacation,19.8,sunny,12
taj_mahal,2025-12-25,37913,3,0,1,Christmas,15.9,sunny,12
jaipur_city_palace,2025-12-25,25499,3,0,1,Christmas,16.5,sunny,12
goa_baga_beach,2025-12-25,26036,3,0,1,Christmas,30.7,cloudy,12
kerala_backwaters,2025-12-25,13694,3,0,1,Christmas,14.6,cloudy,12
varanasi_ghats,2025-12-25,31696,3,0,1,Christmas,14.1,cloudy,12
hampi_ruins,2025-12-25,10649,3,0,1,Christmas,15.7,sunny,12
manali,2025-12-25,23401,3,0,1,Christmas,1.9,sunny,12
mysore_palace,2025-12-25,19114,3,0,1,Christmas,14.5,cloudy,12
kempty_falls,2025-12-25,9226,3,0,1,Christmas,19.0,sunny,12
robbers_cave,2025-12-25,3987,3,0,1,Christmas,18.0,sunny,12
taj_mahal,2025-12-26,37221,4,0,1,Winter Vacation,17.8,sunny,12
jaipur_city_palace,2025-12-26,18975,4,0,1,Winter Vacation,14.6,extreme_heat,12
goa_baga_beach,2025-12-26,19467,4,0,1,Winter Vacation,26.9,rainy,12
kerala_backwaters,2025-12-26,14483,4,0,1,Winter Vacation,16.8,cloudy,12
varanasi_ghats,2025-12-26,24937,4,0,1,Winter Vacation,19.1,cloudy,12
hampi_ruins,2025-12-26,12006,4,0,1,Winter Vacation,13.9,cloudy,12
manali,2025-12-26,15474,4,0,1,Winter Vacation,2.4,extreme_heat,12
mysore_palace,2025-12-26,20692,4,0,1,Winter Vacation,17.5,cloudy,12
kempty_falls,2025-12-26,10300,4,0,1,Winter Vacation,20.0,sunny,12
robbers_cave,2025-12-26,4390,4,0,1,Winter Vacation,14.0,sunny,12
taj_mahal,2025-12-27,44000,5,1,1,Winter Vacation,19.6,cloudy,12
jaipur_city_palace,2025-12-27,27500,5,1,1,Winter Vacation,15.0,sunny,12
goa_baga_beach,2025-12-27,38500,5,1,1,Winter Vacation,30.7,sunny,12
kerala_backwaters,2025-12-27,19800,5,1,1,Winter Vacation,16.1,cloudy,12
varanasi_ghats,2025-12-27,28560,5,1,1,Winter Vacation,16.9,rainy,12
hampi_ruins,2025-12-27,12340,5,1,1,Winter Vacation,18.7,extreme_heat,12
manali,2025-12-27,24200,5,1,1,Winter Vacation,-1.5,sunny,12
mysore_palace,2025-12-27,22100,5,1,1,Winter Vacation,17.9,rainy,12
kempty_falls,2025-12-27,9917,5,1,1,Winter Vacation,14.3,rainy,12
robbers_cave,2025-12-27,5500,5,1,1,Winter Vacation,19.0,sunny,12
taj_mahal,2025-12-28,44000,6,1,1,Winter Vacation,20.2,cloudy,12
jaipur_city_palace,2025-12-28,27500,6,1,1,Winter Vacation,13.7,sunny,12
goa_baga_beach,2025-12-28,38500,6,1,1,Winter Vacation,29.0,sunny,12
kerala_backwaters,2025-12-28,18882,6,1,1,Winter Vacation,14.8,extreme_heat,12
varanasi_ghats,2025-12-28,33000,6,1,1,Winter Vacation,15.0,cloudy,12
hampi_ruins,2025-12-28,16500,6,1,1,Winter Vacation,15.0,sunny,12
manali,2025-12-28,24200,6,1,1,Winter Vacation,-2.0,sunny,12
mysore_palace,2025-12-28,21996,6,1,1,Winter Vacation,21.0,extreme_heat,12
kempty_falls,2025-12-28,11000,6,1,1,Winter Vacation,12.9,sunny,12
robbers_cave,2025-12-28,5500,6,1,1,Winter Vacation,18.7,sunny,12
taj_mahal,2025-12-29,34577,0,0,1,Winter Vacation,14.0,cloudy,12
jaipur_city_palace,2025-12-29,20931,0,0,1,Winter Vacation,13.9,sunny,12
goa_baga_beach,2025-12-29,22904,0,0,1,Winter Vacation,28.0,extreme_heat,12
kerala_backwaters,2025-12-29,17490,0,0,1,Winter Vacation,16.5,sunny,12
varanasi_ghats,2025-12-29,18201,0,0,1,Winter Vacation,15.6,extreme_heat,12
hampi_ruins,2025-12-29,12020,0,0,1,Winter Vacation,16.2,sunny,12
manali,2025-12-29,23056,0,0,1,Winter Vacation,1.6,cloudy,12
mysore_palace,2025-12-29,18874,0,0,1,Winter Vacation,16.7,sunny,12
kempty_falls,2025-12-29,9181,0,0,1,Winter Vacation,16.7,cloudy,12
robbers_cave,2025-12-29,3925,0,0,1,Winter Vacation,17.0,cloudy,12
taj_mahal,2025-12-30,36799,1,0,1,Winter Vacation,13.8,sunny,12
jaipur_city_palace,2025-12-30,21965,1,0,1,Winter Vacation,16.3,sunny,12
goa_baga_beach,2025-12-30,31059,1,0,1,Winter Vacation,29.2,sunny,12
kerala_backwaters,2025-12-30,16811,1,0,1,Winter Vacation,17.8,sunny,12
varanasi_ghats,2025-12-30,22554,1,0,1,Winter Vacation,16.3,sunny,12
hampi_ruins,2025-12-30,10848,1,0,1,Winter Vacation,14.1,cloudy,12
manali,2025-12-30,24200,1,0,1,Winter Vacation,0.2,sunny,12
mysore_palace,2025-12-30,24593,1,0,1,Winter Vacation,14.6,sunny,12
kempty_falls,2025-12-30,9230,1,0,1,Winter Vacation,15.3,sunny,12
robbers_cave,2025-12-30,3606,1,0,1,Winter Vacation,16.2,sunny,12
taj_mahal,2025-12-31,36821,2,0,1,Winter Vacation,13.1,cloudy,12
jaipur_city_palace,2025-12-31,20499,2,0,1,Winter Vacation,19.2,cloudy,12
goa_baga_beach,2025-12-31,16711,2,0,1,Winter Vacation,27.1,rainy,12
kerala_backwaters,2025-12-31,18072,2,0,1,Winter Vacation,16.5,sunny,12
varanasi_ghats,2025-12-31,18953,2,0,1,Winter Vacation,15.8,extreme_heat,12
hampi_ruins,2025-12-31,11438,2,0,1,Winter Vacation,15.4,cloudy,12
manali,2025-12-31,22706,2,0,1,Winter Vacation,-2.4,sunny,12
mysore_palace,2025-12-31,23276,2,0,1,Winter Vacation,18.8,sunny,12
kempty_falls,2025-12-31,7573,2,0,1,Winter Vacation,15.1,extreme_heat,12
robbers_cave,2025-12-31,4563,2,0,1,Winter Vacation,13.3,sunny,12
taj_mahal,2026-01-01,24085,3,0,1,New Year,13.6,extreme_heat,1
jaipur_city_palace,2026-01-01,25169,3,0,1,New Year,14.2,sunny,1
goa_baga_beach,2026-01-01,30096,3,0,1,New Year,28.0,sunny,1
kerala_backwaters,2026-01-01,17797,3,0,1,New Year,15.7,sunny,1
varanasi_ghats,2026-01-01,30972,3,0,1,New Year,14.4,sunny,1
hampi_ruins,2026-01-01,11150,3,0,1,New Year,14.0,sunny,1
manali,2026-01-01,24200,3,0,1,New Year,2.9,sunny,1
mysore_palace,2026-01-01,19568,3,0,1,New Year,12.9,cloudy,1
kempty_falls,2026-01-01,7518,3,0,1,New Year,15.7,extreme_heat,1
robbers_cave,2026-01-01,4170,3,0,1,New Year,14.5,cloudy,1
taj_mahal,2026-01-02,38219,4,0,1,Winter Vacation,13.8,cloudy,1
jaipur_city_palace,2026-01-02,16494,4,0,1,Winter Vacation,15.9,rainy,1
goa_baga_beach,2026-01-02,25094,4,0,1,Winter Vacation,27.1,cloudy,1
kerala_backwaters,2026-01-02,14344,4,0,1,Winter Vacation,15.3,cloudy,1
varanasi_ghats,2026-01-02,16234,4,0,1,Winter Vacation,9.0,rainy,1
hampi_ruins,2026-01-02,10216,4,0,1,Winter Vacation,12.6,cloudy,1
manali,2026-01-02,24200,4,0,1,Winter Vacation,0.1,sunny,1
mysore_palace,2026-01-02,19285,4,0,1,Winter Vacation,13.2,sunny,1
kempty_falls,2026-01-02,8474,4,0,1,Winter Vacation,11.1,sunny,1
robbers_cave,2026-01-02,3713,4,0,1,Winter Vacation,14.7,sunny,1
taj_mahal,2026-01-03,44000,5,1,1,Winter Vacation,14.8,cloudy,1
jaipur_city_palace,2026-01-03,27500,5,1,1,Winter Vacation,15.8,cloudy,1
goa_baga_beach,2026-01-03,38500,5,1,1,Winter Vacation,29.0,sunny,1
kerala_backwaters,2026-01-03,19800,5,1,1,Winter Vacation,11.5,sunny,1
varanasi_ghats,2026-01-03,33000,5,1,1,Winter Vacation,17.0,cloudy,1
hampi_ruins,2026-01-03,10102,5,1,1,Winter Vacation,14.2,rainy,1
manali,2026-01-03,24200,5,1,1,Winter Vacation,0.3,cloudy,1
mysore_palace,2026-01-03,26400,5,1,1,Winter Vacation,15.9,sunny,1
kempty_falls,2026-01-03,11000,5,1,1,Winter Vacation,14.1,sunny,1
robbers_cave,2026-01-03,5500,5,1,1,Winter Vacation,12.6,sunny,1
taj_mahal,2026-01-04,44000,6,1,1,Winter Vacation,13.8,sunny,1
jaipur_city_palace,2026-01-04,27500,6,1,1,Winter Vacation,15.9,cloudy,1
goa_baga_beach,2026-01-04,38500,6,1,1,Winter Vacation,27.8,sunny,1
kerala_backwaters,2026-01-04,19800,6,1,1,Winter Vacation,10.9,sunny,1
varanasi_ghats,2026-01-04,33000,6,1,1,Winter Vacation,13.8,sunny,1
hampi_ruins,2026-01-04,11692,6,1,1,Winter Vacation,14.6,rainy,1
manali,2026-01-04,24200,6,1,1,Winter Vacation,2.5,cloudy,1
mysore_palace,2026-01-04,20040,6,1,1,Winter Vacation,12.0,rainy,1
kempty_falls,2026-01-04,11000,6,1,1,Winter Vacation,13.7,sunny,1
robbers_cave,2026-01-04,5500,6,1,1,Winter Vacation,13.1,cloudy,1
taj_mahal,2026-01-05,30618,0,0,1,Winter Vacation,14.1,cloudy,1
jaipur_city_palace,2026-01-05,24515,0,0,1,Winter Vacation,14.2,sunny,1
goa_baga_beach,2026-01-05,15317,0,0,1,Winter Vacation,25.8,rainy,1
kerala_backwaters,2026-01-05,13418,0,0,1,Winter Vacation,17.3,cloudy,1
varanasi_ghats,2026-01-05,26722,0,0,1,Winter Vacation,14.6,sunny,1
hampi_ruins,2026-01-05,11343,0,0,1,Winter Vacation,15.8,sunny,1
manali,2026-01-05,20387,0,0,1,Winter Vacation,1.4,cloudy,1
mysore_palace,2026-01-05,15168,0,0,1,Winter Vacation,14.0,rainy,1
kempty_falls,2026-01-05,10705,0,0,1,Winter Vacation,11.4,sunny,1
robbers_cave,2026-01-05,4120,0,0,1,Winter Vacation,14.6,cloudy,1
taj_mahal,2026-01-06,22846,1,0,0,,14.9,sunny,1
jaipur_city_palace,2026-01-06,14435,1,0,0,,12.0,sunny,1
goa_baga_beach,2026-01-06,16775,1,0,0,,27.8,cloudy,1
kerala_backwaters,2026-01-06,9638,1,0,0,,13.0,sunny,1
varanasi_ghats,2026-01-06,16244,1,0,0,,15.9,sunny,1
hampi_ruins,2026-01-06,7544,1,0,0,,17.8,sunny,1
manali,2026-01-06,18145,1,0,0,,5.7,sunny,1
mysore_palace,2026-01-06,13715,1,0,0,,15.3,sunny,1
kempty_falls,2026-01-06,6096,1,0,0,,9.8,cloudy,1
robbers_cave,2026-01-06,1794,1,0,0,,14.5,rainy,1
taj_mahal,2026-01-07,15379,2,0,0,,15.3,rainy,1
jaipur_city_palace,2026-01-07,16290,2,0,0,,13.8,sunny,1
goa_baga_beach,2026-01-07,18642,2,0,0,,27.3,sunny,1
kerala_backwaters,2026-01-07,10198,2,0,0,,15.2,sunny,1
varanasi_ghats,2026-01-07,20241,2,0,0,,17.1,sunny,1
hampi_ruins,2026-01-07,7631,2,0,0,,14.3,sunny,1
manali,2026-01-07,16657,2,0,0,,1.4,cloudy,1
mysore_palace,2026-01-07,13737,2,0,0,,18.4,cloudy,1
kempty_falls,2026-01-07,5966,2,0,0,,13.6,cloudy,1
robbers_cave,2026-01-07,2456,2,0,0,,14.5,cloudy,1
taj_mahal,2026-01-08,24376,3,0,0,,14.7,sunny,1
jaipur_city_palace,2026-01-08,15827,3,0,0,,10.8,sunny,1
goa_baga_beach,2026-01-08,16435,3,0,0,,26.5,sunny,1
kerala_backwaters,2026-01-08,9944,3,0,0,,13.8,cloudy,1
varanasi_ghats,2026-01-08,16988,3,0,0,,11.9,cloudy,1
hampi_ruins,2026-01-08,5140,3,0,0,,15.1,extreme_heat,1
manali,2026-01-08,18113,3,0,0,,3.6,sunny,1
mysore_palace,2026-01-08,13785,3,0,0,,13.9,sunny,1
kempty_falls,2026-01-08,5528,3,0,0,,14.2,sunny,1
robbers_cave,2026-01-08,2678,3,0,0,,13.4,sunny,1
taj_mahal,2026-01-09,19702,4,0,0,,13.4,cloudy,1
jaipur_city_palace,2026-01-09,14848,4,0,0,,16.5,sunny,1
goa_baga_beach,2026-01-09,18216,4,0,0,,27.9,cloudy,1
kerala_backwaters,2026-01-09,9794,4,0,0,,12.8,sunny,1
varanasi_ghats,2026-01-09,13754,4,0,0,,13.4,cloudy,1
hampi_ruins,2026-01-09,6109,4,0,0,,14.2,cloudy,1
manali,2026-01-09,18051,4,0,0,,1.3,sunny,1
mysore_palace,2026-01-09,15393,4,0,0,,12.9,sunny,1
kempty_falls,2026-01-09,6813,4,0,0,,12.7,cloudy,1
robbers_cave,2026-01-09,2481,4,0,0,,14.5,cloudy,1
taj_mahal,2026-01-10,27582,5,1,0,,15.4,cloudy,1
jaipur_city_palace,2026-01-10,16019,5,1,0,,13.3,extreme_heat,1
goa_baga_beach,2026-01-10,28452,5,1,0,,26.2,sunny,1
kerala_backwaters,2026-01-10,15871,5,1,0,,11.5,sunny,1
varanasi_ghats,2026-01-10,16896,5,1,0,,16.3,extreme_heat,1
hampi_ruins,2026-01-10,11423,5,1,0,,17.9,sunny,1
manali,2026-01-10,24200,5,1,0,,0.5,cloudy,1
mysore_palace,2026-01-10,13545,5,1,0,,14.5,rainy,1
kempty_falls,2026-01-10,8605,5,1,0,,11.9,sunny,1
robbers_cave,2026-01-10,2666,5,1,0,,14.4,rainy,1
taj_mahal,2026-01-11,24426,6,1,0,,13.4,rainy,1
jaipur_city_palace,2026-01-11,26114,6,1,0,,11.5,sunny,1
goa_baga_beach,2026-01-11,28536,6,1,0,,27.4,cloudy,1
kerala_backwaters,2026-01-11,15275,6,1,0,,15.5,sunny,1
varanasi_ghats,2026-01-11,27652,6,1,0,,12.6,cloudy,1
hampi_ruins,2026-01-11,12225,6,1,0,,13.9,sunny,1
manali,2026-01-11,24200,6,1,0,,1.9,cloudy,1
mysore_palace,2026-01-11,18649,6,1,0,,13.0,sunny,1
kempty_falls,2026-01-11,9355,6,1,0,,13.6,sunny,1
robbers_cave,2026-01-11,4538,6,1,0,,18.8,cloudy,1
taj_mahal,2026-01-12,22319,0,0,0,,15.7,sunny,1
jaipur_city_palace,2026-01-12,14411,0,0,0,,17.2,cloudy,1
goa_baga_beach,2026-01-12,18979,0,0,0,,28.5,sunny,1
kerala_backwaters,2026-01-12,11483,0,0,0,,13.9,sunny,1
varanasi_ghats,2026-01-12,17120,0,0,0,,11.6,sunny,1
hampi_ruins,2026-01-12,7810,0,0,0,,16.5,sunny,1
manali,2026-01-12,18659,0,0,0,,1.7,sunny,1
mysore_palace,2026-01-12,12693,0,0,0,,12.1,sunny,1
kempty_falls,2026-01-12,6001,0,0,0,,11.3,sunny,1
robbers_cave,2026-01-12,2380,0,0,0,,11.7,sunny,1
taj_mahal,2026-01-13,18180,1,0,0,,14.3,sunny,1
jaipur_city_palace,2026-01-13,8992,1,0,0,,13.0,rainy,1
goa_baga_beach,2026-01-13,17361,1,0,0,,29.0,sunny,1
kerala_backwaters,2026-01-13,9373,1,0,0,,14.0,sunny,1
varanasi_ghats,2026-01-13,10679,1,0,0,,13.6,rainy,1
hampi_ruins,2026-01-13,4851,1,0,0,,14.9,rainy,1
manali,2026-01-13,10192,1,0,0,,2.9,rainy,1
mysore_palace,2026-01-13,13281,1,0,0,,14.9,sunny,1
kempty_falls,2026-01-13,6138,1,0,0,,11.8,sunny,1
robbers_cave,2026-01-13,2603,1,0,0,,15.1,sunny,1
taj_mahal,2026-01-14,24840,2,0,0,,16.1,sunny,1
jaipur_city_palace,2026-01-14,14157,2,0,0,,16.6,cloudy,1
goa_baga_beach,2026-01-14,19264,2,0,0,,33.1,sunny,1
kerala_backwaters,2026-01-14,11124,2,0,0,,14.0,sunny,1
varanasi_ghats,2026-01-14,18313,2,0,0,,12.9,cloudy,1
hampi_ruins,2026-01-14,6986,2,0,0,,15.2,cloudy,1
manali,2026-01-14,13602,2,0,0,,-3.4,sunny,1
mysore_palace,2026-01-14,13597,2,0,0,,13.8,sunny,1
kempty_falls,2026-01-14,6913,2,0,0,,12.8,sunny,1
robbers_cave,2026-01-14,2448,2,0,0,,13.9,cloudy,1
taj_mahal,2026-01-15,26444,3,0,0,,14.4,sunny,1
jaipur_city_palace,2026-01-15,13881,3,0,0,,14.4,cloudy,1
goa_baga_beach,2026-01-15,20165,3,0,0,,31.1,sunny,1
kerala_backwaters,2026-01-15,8757,3,0,0,,11.6,cloudy,1
varanasi_ghats,2026-01-15,17507,3,0,0,,14.5,sunny,1
hampi_ruins,2026-01-15,6814,3,0,0,,16.2,sunny,1
manali,2026-01-15,15684,3,0,0,,-1.8,sunny,1
mysore_palace,2026-01-15,13853,3,0,0,,12.1,sunny,1
kempty_falls,2026-01-15,4347,3,0,0,,10.1,rainy,1
robbers_cave,2026-01-15,1709,3,0,0,,14.3,extreme_heat,1
taj_mahal,2026-01-16,22421,4,0,0,,14.2,sunny,1
jaipur_city_palace,2026-01-16,15331,4,0,0,,13.2,sunny,1
goa_baga_beach,2026-01-16,20723,4,0,0,,28.6,sunny,1
kerala_backwaters,2026-01-16,10900,4,0,0,,11.6,sunny,1
varanasi_ghats,2026-01-16,15937,4,0,0,,12.1,cloudy,1
hampi_ruins,2026-01-16,7216,4,0,0,,12.7,sunny,1
manali,2026-01-16,11077,4,0,0,,3.3,rainy,1
mysore_palace,2026-01-16,12620,4,0,0,,13.0,cloudy,1
kempty_falls,2026-01-16,5237,4,0,0,,15.8,sunny,1
robbers_cave,2026-01-16,1676,4,0,0,,14.6,rainy,1
taj_mahal,2026-01-17,34053,5,1,0,,16.4,cloudy,1
jaipur_city_palace,2026-01-17,22269,5,1,0,,17.5,sunny,1
goa_baga_beach,2026-01-17,29264,5,1,0,,27.8,sunny,1
kerala_backwaters,2026-01-17,14329,5,1,0,,18.3,sunny,1
varanasi_ghats,2026-01-17,22139,5,1,0,,12.8,sunny,1
hampi_ruins,2026-01-17,11558,5,1,0,,13.1,sunny,1
manali,2026-01-17,20791,5,1,0,,5.9,sunny,1
mysore_palace,2026-01-17,20945,5,1,0,,12.2,sunny,1
kempty_falls,2026-01-17,10153,5,1,0,,17.2,sunny,1
robbers_cave,2026-01-17,2632,5,1,0,,13.6,extreme_heat,1
taj_mahal,2026-01-18,32307,6,1,0,,15.9,sunny,1
jaipur_city_palace,2026-01-18,23568,6,1,0,,15.2,sunny,1
goa_baga_beach,2026-01-18,27535,6,1,0,,31.1,sunny,1
kerala_backwaters,2026-01-18,15373,6,1,0,,13.7,sunny,1
varanasi_ghats,2026-01-18,26224,6,1,0,,14.3,cloudy,1
hampi_ruins,2026-01-18,8454,6,1,0,,14.6,extreme_heat,1
manali,2026-01-18,24200,6,1,0,,0.7,sunny,1
mysore_palace,2026-01-18,22923,6,1,0,,17.4,sunny,1
kempty_falls,2026-01-18,7706,6,1,0,,12.7,extreme_heat,1
robbers_cave,2026-01-18,4375,6,1,0,,9.4,cloudy,1
taj_mahal,2026-01-19,23364,0,0,0,,11.7,sunny,1
jaipur_city_palace,2026-01-19,15623,0,0,0,,11.1,sunny,1
goa_baga_beach,2026-01-19,19010,0,0,0,,29.3,sunny,1
kerala_backwaters,2026-01-19,10055,0,0,0,,14.6,sunny,1
varanasi_ghats,2026-01-19,17674,0,0,0,,12.4,cloudy,1
hampi_ruins,2026-01-19,6992,0,0,0,,15.4,cloudy,1
manali,2026-01-19,13566,0,0,0,,0.9,cloudy,1
mysore_palace,2026-01-19,12313,0,0,0,,11.0,sunny,1
kempty_falls,2026-01-19,6092,0,0,0,,11.9,sunny,1
robbers_cave,2026-01-19,2401,0,0,0,,15.8,cloudy,1
taj_mahal,2026-01-20,14084,1,0,0,,15.9,extreme_heat,1
jaipur_city_palace,2026-01-20,14223,1,0,0,,14.5,sunny,1
goa_baga_beach,2026-01-20,17643,1,0,0,,31.7,cloudy,1
kerala_backwaters,2026-01-20,6660,1,0,0,,14.2,extreme_heat,1
varanasi_ghats,2026-01-20,10075,1,0,0,,12.9,rainy,1
hampi_ruins,2026-01-20,7411,1,0,0,,16.0,sunny,1
manali,2026-01-20,15368,1,0,0,,-1.2,sunny,1
mysore_palace,2026-01-20,12253,1,0,0,,16.1,sunny,1
kempty_falls,2026-01-20,6661,1,0,0,,11.9,sunny,1
robbers_cave,2026-01-20,1596,1,0,0,,12.4,rainy,1
taj_mahal,2026-01-21,22737,2,0,0,,17.3,sunny,1
jaipur_city_palace,2026-01-21,13968,2,0,0,,14.2,sunny,1
goa_baga_beach,2026-01-21,20663,2,0,0,,30.3,sunny,1
kerala_backwaters,2026-01-21,11391,2,0,0,,10.6,sunny,1
varanasi_ghats,2026-01-21,10504,2,0,0,,15.4,rainy,1
hampi_ruins,2026-01-21,7453,2,0,0,,12.5,cloudy,1
manali,2026-01-21,16011,2,0,0,,3.8,sunny,1
mysore_palace,2026-01-21,13672,2,0,0,,15.5,sunny,1
kempty_falls,2026-01-21,6522,2,0,0,,11.2,sunny,1
robbers_cave,2026-01-21,2753,2,0,0,,12.8,sunny,1
taj_mahal,2026-01-22,23893,3,0,0,,14.5,sunny,1
jaipur_city_palace,2026-01-22,17519,3,0,0,,14.6,sunny,1
goa_baga_beach,2026-01-22,17835,3,0,0,,26.5,cloudy,1
kerala_backwaters,2026-01-22,9829,3,0,0,,14.9,sunny,1
varanasi_ghats,2026-01-22,16735,3,0,0,,15.2,sunny,1
hampi_ruins,2026-01-22,7297,3,0,0,,16.5,sunny,1
manali,2026-01-22,16342,3,0,0,,4.2,sunny,1
mysore_palace,2026-01-22,13328,3,0,0,,13.1,sunny,1
kempty_falls,2026-01-22,6111,3,0,0,,15.5,sunny,1
robbers_cave,2026-01-22,2276,3,0,0,,17.7,cloudy,1
taj_mahal,2026-01-23,16501,4,0,0,,15.7,rainy,1
jaipur_city_palace,2026-01-23,13274,4,0,0,,14.2,cloudy,1
goa_baga_beach,2026-01-23,16894,4,0,0,,24.7,sunny,1
kerala_backwaters,2026-01-23,9697,4,0,0,,15.0,sunny,1
varanasi_ghats,2026-01-23,19257,4,0,0,,15.0,sunny,1
hampi_ruins,2026-01-23,7176,4,0,0,,12.7,sunny,1
manali,2026-01-23,15824,4,0,0,,2.3,sunny,1
mysore_palace,2026-01-23,13170,4,0,0,,13.2,cloudy,1
kempty_falls,2026-01-23,5707,4,0,0,,15.0,cloudy,1
robbers_cave,2026-01-23,2823,4,0,0,,14.4,sunny,1
taj_mahal,2026-01-24,32888,5,1,0,,13.4,cloudy,1
jaipur_city_palace,2026-01-24,15969,5,1,0,,17.2,extreme_heat,1
goa_baga_beach,2026-01-24,27737,5,1,0,,26.6,sunny,1
kerala_backwaters,2026-01-24,15352,5,1,0,,10.9,sunny,1
varanasi_ghats,2026-01-24,26309,5,1,0,,12.4,sunny,1
hampi_ruins,2026-01-24,6598,5,1,0,,13.9,rainy,1
manali,2026-01-24,16712,5,1,0,,6.1,rainy,1
mysore_palace,2026-01-24,19033,5,1,0,,14.3,sunny,1
kempty_falls,2026-01-24,5462,5,1,0,,13.0,rainy,1
robbers_cave,2026-01-24,2942,5,1,0,,12.3,extreme_heat,1
taj_mahal,2026-01-25,20715,6,1,0,,14.9,rainy,1
jaipur_city_palace,2026-01-25,23687,6,1,0,,15.1,sunny,1
goa_baga_beach,2026-01-25,29839,6,1,0,,25.7,cloudy,1
kerala_backwaters,2026-01-25,17442,6,1,0,,13.5,sunny,1
varanasi_ghats,2026-01-25,26846,6,1,0,,14.4,sunny,1
hampi_ruins,2026-01-25,11748,6,1,0,,12.9,cloudy,1
manali,2026-01-25,19662,6,1,0,,2.4,extreme_heat,1
mysore_palace,2026-01-25,23661,6,1,0,,14.0,sunny,1
kempty_falls,2026-01-25,7024,6,1,0,,12.5,extreme_heat,1
robbers_cave,2026-01-25,4851,6,1,0,,17.0,sunny,1
taj_mahal,2026-01-26,32477,0,0,1,Republic Day,12.2,sunny,1
jaipur_city_palace,2026-01-26,17344,0,0,1,Republic Day,16.1,extreme_heat,1
goa_baga_beach,2026-01-26,14781,0,0,1,Republic Day,27.9,rainy,1
kerala_backwaters,2026-01-26,11348,0,0,1,Republic Day,19.0,cloudy,1
varanasi_ghats,2026-01-26,24489,0,0,1,Republic Day,14.6,cloudy,1
hampi_ruins,2026-01-26,12845,0,0,1,Republic Day,12.6,sunny,1
manali,2026-01-26,24200,0,0,1,Republic Day,2.2,cloudy,1
mysore_palace,2026-01-26,21093,0,0,1,Republic Day,13.5,sunny,1
kempty_falls,2026-01-26,9748,0,0,1,Republic Day,15.1,cloudy,1
robbers_cave,2026-01-26,4093,0,0,1,Republic Day,15.7,sunny,1
taj_mahal,2026-01-27,13984,1,0,0,,15.0,extreme_heat,1
jaipur_city_palace,2026-01-27,13699,1,0,0,,15.0,sunny,1
goa_baga_beach,2026-01-27,16667,1,0,0,,30.0,sunny,1
kerala_backwaters,2026-01-27,10031,1,0,0,,15.4,sunny,1
varanasi_ghats,2026-01-27,16608,1,0,0,,13.4,cloudy,1
hampi_ruins,2026-01-27,6986,1,0,0,,13.1,cloudy,1
manali,2026-01-27,14054,1,0,0,,-0.2,sunny,1
mysore_palace,2026-01-27,9183,1,0,0,,14.8,rainy,1
kempty_falls,2026-01-27,6448,1,0,0,,13.1,sunny,1
robbers_cave,2026-01-27,2619,1,0,0,,13.8,cloudy,1
taj_mahal,2026-01-28,22371,2,0,0,,15.0,sunny,1
jaipur_city_palace,2026-01-28,16146,2,0,0,,12.4,sunny,1
goa_baga_beach,2026-01-28,20653,2,0,0,,27.2,sunny,1
kerala_backwaters,2026-01-28,10476,2,0,0,,12.1,sunny,1
varanasi_ghats,2026-01-28,19226,2,0,0,,14.0,sunny,1
hampi_ruins,2026-01-28,5625,2,0,0,,14.8,extreme_heat,1
manali,2026-01-28,11824,2,0,0,,-2.2,cloudy,1
mysore_palace,2026-01-28,14362,2,0,0,,11.8,sunny,1
kempty_falls,2026-01-28,6971,2,0,0,,14.2,sunny,1
robbers_cave,2026-01-28,2818,2,0,0,,13.9,cloudy,1
taj_mahal,2026-01-29,23719,3,0,0,,14.4,sunny,1
jaipur_city_palace,2026-01-29,15139,3,0,0,,18.8,sunny,1
goa_baga_beach,2026-01-29,20114,3,0,0,,29.4,sunny,1
kerala_backwaters,2026-01-29,9997,3,0,0,,8.1,sunny,1
varanasi_ghats,2026-01-29,18919,3,0,0,,13.7,sunny,1
hampi_ruins,2026-01-29,7538,3,0,0,,13.0,sunny,1
manali,2026-01-29,10813,3,0,0,,3.0,rainy,1
mysore_palace,2026-01-29,13299,3,0,0,,15.7,sunny,1
kempty_falls,2026-01-29,6586,3,0,0,,13.7,sunny,1
robbers_cave,2026-01-29,2652,3,0,0,,14.2,sunny,1
taj_mahal,2026-01-30,21548,4,0,0,,10.9,cloudy,1
jaipur_city_palace,2026-01-30,13869,4,0,0,,17.6,sunny,1
goa_baga_beach,2026-01-30,18552,4,0,0,,28.4,sunny,1
kerala_backwaters,2026-01-30,11590,4,0,0,,13.7,sunny,1
varanasi_ghats,2026-01-30,9146,4,0,0,,13.2,rainy,1
hampi_ruins,2026-01-30,6924,4,0,0,,15.6,sunny,1
manali,2026-01-30,16406,4,0,0,,1.0,sunny,1
mysore_palace,2026-01-30,12489,4,0,0,,14.9,cloudy,1
kempty_falls,2026-01-30,5962,4,0,0,,13.4,sunny,1
robbers_cave,2026-01-30,2880,4,0,0,,19.4,sunny,1
taj_mahal,2026-01-31,35664,5,1,0,,11.9,sunny,1
jaipur_city_palace,2026-01-31,23329,5,1,0,,9.8,sunny,1
goa_baga_beach,2026-01-31,30797,5,1,0,,27.7,sunny,1
kerala_backwaters,2026-01-31,14337,5,1,0,,12.2,sunny,1
varanasi_ghats,2026-01-31,16514,5,1,0,,15.0,rainy,1
hampi_ruins,2026-01-31,11996,5,1,0,,10.6,sunny,1
manali,2026-01-31,16652,5,1,0,,3.5,rainy,1
mysore_palace,2026-01-31,14402,5,1,0,,13.6,extreme_heat,1
kempty_falls,2026-01-31,6372,5,1,0,,8.1,extreme_heat,1
robbers_cave,2026-01-31,3588,5,1,0,,13.5,sunny,1
taj_mahal,2026-02-01,37604,6,1,0,,18.1,sunny,2
jaipur_city_palace,2026-02-01,22416,6,1,0,,16.8,sunny,2
goa_baga_beach,2026-02-01,31170,6,1,0,,27.7,sunny,2
kerala_backwaters,2026-02-01,10805,6,1,0,,17.4,rainy,2
varanasi_ghats,2026-02-01,28582,6,1,0,,18.2,cloudy,2
hampi_ruins,2026-02-01,12580,6,1,0,,18.5,cloudy,2
manali,2026-02-01,9820,6,1,0,,4.2,extreme_heat,2
mysore_palace,2026-02-01,20643,6,1,0,,14.3,sunny,2
kempty_falls,2026-02-01,5198,6,1,0,,19.0,extreme_heat,2
robbers_cave,2026-02-01,4824,6,1,0,,15.9,sunny,2
taj_mahal,2026-02-02,16955,0,0,0,,15.4,rainy,2
jaipur_city_palace,2026-02-02,9559,0,0,0,,22.3,rainy,2
goa_baga_beach,2026-02-02,17916,0,0,0,,29.7,sunny,2
kerala_backwaters,2026-02-02,9457,0,0,0,,15.8,sunny,2
varanasi_ghats,2026-02-02,12442,0,0,0,,20.5,extreme_heat,2
hampi_ruins,2026-02-02,4996,0,0,0,,20.0,rainy,2
manali,2026-02-02,9737,0,0,0,,4.8,sunny,2
mysore_palace,2026-02-02,10280,0,0,0,,20.5,rainy,2
kempty_falls,2026-02-02,4528,0,0,0,,16.6,sunny,2
robbers_cave,2026-02-02,2486,0,0,0,,17.9,sunny,2
taj_mahal,2026-02-03,20304,1,0,0,,19.0,sunny,2
jaipur_city_palace,2026-02-03,14485,1,0,0,,15.9,sunny,2
goa_baga_beach,2026-02-03,20375,1,0,0,,30.0,sunny,2
kerala_backwaters,2026-02-03,10094,1,0,0,,17.8,sunny,2
varanasi_ghats,2026-02-03,13984,1,0,0,,20.8,extreme_heat,2
hampi_ruins,2026-02-03,8275,1,0,0,,19.9,sunny,2
manali,2026-02-03,8180,1,0,0,,3.4,cloudy,2
mysore_palace,2026-02-03,9662,1,0,0,,19.9,extreme_heat,2
kempty_falls,2026-02-03,3994,1,0,0,,19.4,cloudy,2
robbers_cave,2026-02-03,1453,1,0,0,,19.5,rainy,2
taj_mahal,2026-02-04,21525,2,0,0,,16.5,cloudy,2
jaipur_city_palace,2026-02-04,15147,2,0,0,,16.9,sunny,2
goa_baga_beach,2026-02-04,17808,2,0,0,,30.2,cloudy,2
kerala_backwaters,2026-02-04,6278,2,0,0,,18.2,extreme_heat,2
varanasi_ghats,2026-02-04,11477,2,0,0,,17.3,rainy,2
hampi_ruins,2026-02-04,6955,2,0,0,,16.9,cloudy,2
manali,2026-02-04,7401,2,0,0,,4.6,sunny,2
mysore_palace,2026-02-04,13721,2,0,0,,19.2,cloudy,2
kempty_falls,2026-02-04,4840,2,0,0,,20.4,sunny,2
robbers_cave,2026-02-04,2648,2,0,0,,15.5,sunny,2
taj_mahal,2026-02-05,16431,3,0,0,,18.1,extreme_heat,2
jaipur_city_palace,2026-02-05,14582,3,0,0,,21.2,cloudy,2
goa_baga_beach,2026-02-05,20957,3,0,0,,30.7,sunny,2
kerala_backwaters,2026-02-05,8815,3,0,0,,17.1,cloudy,2
varanasi_ghats,2026-02-05,18537,3,0,0,,18.3,sunny,2
hampi_ruins,2026-02-05,7448,3,0,0,,16.7,cloudy,2
manali,2026-02-05,6715,3,0,0,,6.8,rainy,2
mysore_palace,2026-02-05,10229,3,0,0,,19.1,extreme_heat,2
kempty_falls,2026-02-05,4109,3,0,0,,21.0,sunny,2
robbers_cave,2026-02-05,2658,3,0,0,,19.6,sunny,2
taj_mahal,2026-02-06,22019,4,0,0,,14.5,sunny,2
jaipur_city_palace,2026-02-06,15185,4,0,0,,15.1,cloudy,2
goa_baga_beach,2026-02-06,17282,4,0,0,,27.8,sunny,2
kerala_backwaters,2026-02-06,8486,4,0,0,,18.6,cloudy,2
varanasi_ghats,2026-02-06,11933,4,0,0,,16.5,rainy,2
hampi_ruins,2026-02-06,7108,4,0,0,,18.3,cloudy,2
manali,2026-02-06,8643,4,0,0,,4.6,sunny,2
mysore_palace,2026-02-06,13650,4,0,0,,16.7,sunny,2
kempty_falls,2026-02-06,2993,4,0,0,,22.1,rainy,2
robbers_cave,2026-02-06,2525,4,0,0,,18.9,sunny,2
taj_mahal,2026-02-07,40828,5,1,0,,20.7,sunny,2
jaipur_city_palace,2026-02-07,14509,5,1,0,,18.7,rainy,2
goa_baga_beach,2026-02-07,28215,5,1,0,,31.7,sunny,2
kerala_backwaters,2026-02-07,14865,5,1,0,,19.4,sunny,2
varanasi_ghats,2026-02-07,22678,5,1,0,,16.1,cloudy,2
hampi_ruins,2026-02-07,10761,5,1,0,,18.3,cloudy,2
manali,2026-02-07,14064,5,1,0,,1.5,sunny,2
mysore_palace,2026-02-07,21434,5,1,0,,16.4,sunny,2
kempty_falls,2026-02-07,4649,5,1,0,,16.3,extreme_heat,2
robbers_cave,2026-02-07,3681,5,1,0,,17.5,sunny,2
taj_mahal,2026-02-08,33195,6,1,0,,16.3,sunny,2
jaipur_city_palace,2026-02-08,21535,6,1,0,,19.4,sunny,2
goa_baga_beach,2026-02-08,29363,6,1,0,,27.9,sunny,2
kerala_backwaters,2026-02-08,19360,6,1,0,,18.8,sunny,2
varanasi_ghats,2026-02-08,26221,6,1,0,,20.3,cloudy,2
hampi_ruins,2026-02-08,10707,6,1,0,,17.5,cloudy,2
manali,2026-02-08,13801,6,1,0,,2.9,sunny,2
mysore_palace,2026-02-08,14147,6,1,0,,16.9,extreme_heat,2
kempty_falls,2026-02-08,6410,6,1,0,,20.0,sunny,2
robbers_cave,2026-02-08,3131,6,1,0,,18.1,rainy,2
taj_mahal,2026-02-09,20076,0,0,0,,21.2,cloudy,2
jaipur_city_palace,2026-02-09,10494,0,0,0,,16.7,extreme_heat,2
goa_baga_beach,2026-02-09,20368,0,0,0,,31.7,sunny,2
kerala_backwaters,2026-02-09,6148,0,0,0,,18.3,rainy,2
varanasi_ghats,2026-02-09,12648,0,0,0,,18.1,extreme_heat,2
hampi_ruins,2026-02-09,7866,0,0,0,,19.6,sunny,2
manali,2026-02-09,7478,0,0,0,,0.3,cloudy,2
mysore_palace,2026-02-09,14258,0,0,0,,17.7,sunny,2
kempty_falls,2026-02-09,4603,0,0,0,,15.4,sunny,2
robbers_cave,2026-02-09,2785,0,0,0,,19.0,sunny,2
taj_mahal,2026-02-10,21076,1,0,0,,15.0,sunny,2
jaipur_city_palace,2026-02-10,16524,1,0,0,,18.2,sunny,2
goa_baga_beach,2026-02-10,18472,1,0,0,,29.5,cloudy,2
kerala_backwaters,2026-02-10,6521,1,0,0,,22.3,rainy,2
varanasi_ghats,2026-02-10,18600,1,0,0,,16.3,sunny,2
hampi_ruins,2026-02-10,8429,1,0,0,,16.2,sunny,2
manali,2026-02-10,10568,1,0,0,,4.3,sunny,2
mysore_palace,2026-02-10,14511,1,0,0,,21.5,cloudy,2
kempty_falls,2026-02-10,3043,1,0,0,,17.5,extreme_heat,2
robbers_cave,2026-02-10,2276,1,0,0,,15.3,cloudy,2
taj_mahal,2026-02-11,15351,2,0,0,,18.6,rainy,2
jaipur_city_palace,2026-02-11,9937,2,0,0,,17.8,rainy,2
goa_baga_beach,2026-02-11,18797,2,0,0,,30.0,sunny,2
kerala_backwaters,2026-02-11,7358,2,0,0,,15.4,extreme_heat,2
varanasi_ghats,2026-02-11,10545,2,0,0,,18.4,rainy,2
hampi_ruins,2026-02-11,7936,2,0,0,,19.7,sunny,2
manali,2026-02-11,9649,2,0,0,,1.3,sunny,2
mysore_palace,2026-02-11,14682,2,0,0,,17.8,sunny,2
kempty_falls,2026-02-11,3272,2,0,0,,15.3,extreme_heat,2
robbers_cave,2026-02-11,2913,2,0,0,,16.6,sunny,2
taj_mahal,2026-02-12,14773,3,0,0,,18.4,rainy,2
jaipur_city_palace,2026-02-12,9673,3,0,0,,16.0,rainy,2
goa_baga_beach,2026-02-12,20214,3,0,0,,29.0,sunny,2
kerala_backwaters,2026-02-12,7273,3,0,0,,19.9,extreme_heat,2
varanasi_ghats,2026-02-12,16151,3,0,0,,18.2,cloudy,2
hampi_ruins,2026-02-12,6794,3,0,0,,13.9,sunny,2
manali,2026-02-12,9092,3,0,0,,5.8,sunny,2
mysore_palace,2026-02-12,15201,3,0,0,,17.9,sunny,2
kempty_falls,2026-02-12,4591,3,0,0,,17.9,cloudy,2
robbers_cave,2026-02-12,2808,3,0,0,,16.1,sunny,2
taj_mahal,2026-02-13,22243,4,0,0,,20.4,cloudy,2
jaipur_city_palace,2026-02-13,10689,4,0,0,,17.2,rainy,2
goa_baga_beach,2026-02-13,16697,4,0,0,,28.5,sunny,2
kerala_backwaters,2026-02-13,7266,4,0,0,,19.9,extreme_heat,2
varanasi_ghats,2026-02-13,17405,4,0,0,,19.6,sunny,2
hampi_ruins,2026-02-13,7010,4,0,0,,20.0,sunny,2
manali,2026-02-13,7112,4,0,0,,3.5,extreme_heat,2
mysore_palace,2026-02-13,9776,4,0,0,,17.8,rainy,2
kempty_falls,2026-02-13,4484,4,0,0,,14.7,sunny,2
robbers_cave,2026-02-13,2372,4,0,0,,20.6,cloudy,2
taj_mahal,2026-02-14,33222,5,1,0,,18.3,sunny,2
jaipur_city_palace,2026-02-14,14971,5,1,0,,19.2,rainy,2
goa_baga_beach,2026-02-14,29005,5,1,0,,30.9,sunny,2
kerala_backwaters,2026-02-14,16186,5,1,0,,18.2,cloudy,2
varanasi_ghats,2026-02-14,26640,5,1,0,,19.0,sunny,2
hampi_ruins,2026-02-14,11545,5,1,0,,18.7,cloudy,2
manali,2026-02-14,15395,5,1,0,,7.2,sunny,2
mysore_palace,2026-02-14,18017,5,1,0,,20.1,sunny,2
kempty_falls,2026-02-14,4432,5,1,0,,18.2,extreme_heat,2
robbers_cave,2026-02-14,4355,5,1,0,,18.2,sunny,2
taj_mahal,2026-02-15,35510,6,1,0,,17.2,cloudy,2
jaipur_city_palace,2026-02-15,21766,6,1,0,,16.3,cloudy,2
goa_baga_beach,2026-02-15,31073,6,1,0,,25.3,cloudy,2
kerala_backwaters,2026-02-15,16268,6,1,0,,21.8,cloudy,2
varanasi_ghats,2026-02-15,29584,6,1,0,,18.7,sunny,2
hampi_ruins,2026-02-15,11263,6,1,0,,16.9,cloudy,2
manali,2026-02-15,13089,6,1,0,,6.6,sunny,2
mysore_palace,2026-02-15,23197,6,1,0,,19.2,sunny,2
kempty_falls,2026-02-15,6883,6,1,0,,20.0,sunny,2
robbers_cave,2026-02-15,3052,6,1,0,,20.6,extreme_heat,2
taj_mahal,2026-02-16,21008,0,0,0,,18.0,cloudy,2
jaipur_city_palace,2026-02-16,15956,0,0,0,,14.7,sunny,2
goa_baga_beach,2026-02-16,21556,0,0,0,,24.4,sunny,2
kerala_backwaters,2026-02-16,9933,0,0,0,,15.7,sunny,2
varanasi_ghats,2026-02-16,15580,0,0,0,,21.3,cloudy,2
hampi_ruins,2026-02-16,7182,0,0,0,,18.7,sunny,2
manali,2026-02-16,8133,0,0,0,,4.0,cloudy,2
mysore_palace,2026-02-16,11704,0,0,0,,21.5,cloudy,2
kempty_falls,2026-02-16,2738,0,0,0,,17.0,rainy,2
robbers_cave,2026-02-16,2439,0,0,0,,18.6,sunny,2
taj_mahal,2026-02-17,23954,1,0,0,,16.9,sunny,2
jaipur_city_palace,2026-02-17,9605,1,0,0,,16.9,rainy,2
goa_baga_beach,2026-02-17,18335,1,0,0,,30.5,sunny,2
kerala_backwaters,2026-02-17,10449,1,0,0,,19.0,sunny,2
varanasi_ghats,2026-02-17,16307,1,0,0,,18.9,cloudy,2
hampi_ruins,2026-02-17,6935,1,0,0,,17.7,sunny,2
manali,2026-02-17,9054,1,0,0,,3.1,cloudy,2
mysore_palace,2026-02-17,12647,1,0,0,,18.6,cloudy,2
kempty_falls,2026-02-17,4034,1,0,0,,16.2,sunny,2
robbers_cave,2026-02-17,1483,1,0,0,,20.7,rainy,2
taj_mahal,2026-02-18,23059,2,0,0,,18.6,sunny,2
jaipur_city_palace,2026-02-18,15617,2,0,0,,16.8,sunny,2
goa_baga_beach,2026-02-18,11766,2,0,0,,31.1,extreme_heat,2
kerala_backwaters,2026-02-18,10930,2,0,0,,18.9,sunny,2
varanasi_ghats,2026-02-18,15932,2,0,0,,13.7,cloudy,2
hampi_ruins,2026-02-18,5070,2,0,0,,17.3,rainy,2
manali,2026-02-18,8433,2,0,0,,5.3,cloudy,2
mysore_palace,2026-02-18,8784,2,0,0,,22.2,rainy,2
kempty_falls,2026-02-18,4631,2,0,0,,17.7,sunny,2
robbers_cave,2026-02-18,2232,2,0,0,,16.1,sunny,2
taj_mahal,2026-02-19,22404,3,0,0,,17.2,sunny,2
jaipur_city_palace,2026-02-19,13212,3,0,0,,17.8,cloudy,2
goa_baga_beach,2026-02-19,18395,3,0,0,,29.1,cloudy,2
kerala_backwaters,2026-02-19,7430,3,0,0,,20.0,extreme_heat,2
varanasi_ghats,2026-02-19,20366,3,0,0,,16.6,sunny,2
hampi_ruins,2026-02-19,7040,3,0,0,,18.6,sunny,2
manali,2026-02-19,8560,3,0,0,,3.8,cloudy,2
mysore_palace,2026-02-19,14422,3,0,0,,17.0,cloudy,2
kempty_falls,2026-02-19,4659,3,0,0,,19.3,sunny,2
robbers_cave,2026-02-19,2931,3,0,0,,15.6,sunny,2
taj_mahal,2026-02-20,23669,4,0,0,,17.5,sunny,2
jaipur_city_palace,2026-02-20,16192,4,0,0,,19.7,sunny,2
goa_baga_beach,2026-02-20,19978,4,0,0,,26.1,sunny,2
kerala_backwaters,2026-02-20,9953,4,0,0,,18.6,sunny,2
varanasi_ghats,2026-02-20,16392,4,0,0,,16.9,cloudy,2
hampi_ruins,2026-02-20,6378,4,0,0,,19.0,cloudy,2
manali,2026-02-20,8913,4,0,0,,6.4,sunny,2
mysore_palace,2026-02-20,13266,4,0,0,,16.9,cloudy,2
kempty_falls,2026-02-20,4643,4,0,0,,19.4,sunny,2
robbers_cave,2026-02-20,3120,4,0,0,,16.8,sunny,2
taj_mahal,2026-02-21,29683,5,1,0,,19.3,sunny,2
jaipur_city_palace,2026-02-21,20374,5,1,0,,18.8,cloudy,2
goa_baga_beach,2026-02-21,25587,5,1,0,,29.0,cloudy,2
kerala_backwaters,2026-02-21,10380,5,1,0,,18.4,rainy,2
varanasi_ghats,2026-02-21,28533,5,1,0,,18.5,sunny,2
hampi_ruins,2026-02-21,9447,5,1,0,,19.1,sunny,2
manali,2026-02-21,13407,5,1,0,,5.0,sunny,2
mysore_palace,2026-02-21,23854,5,1,0,,18.7,sunny,2
kempty_falls,2026-02-21,4848,5,1,0,,16.2,extreme_heat,2
robbers_cave,2026-02-21,2629,5,1,0,,18.5,rainy,2
taj_mahal,2026-02-22,31951,6,1,0,,19.2,cloudy,2
jaipur_city_palace,2026-02-22,25712,6,1,0,,16.7,sunny,2
goa_baga_beach,2026-02-22,34126,6,1,0,,28.3,cloudy,2
kerala_backwaters,2026-02-22,17121,6,1,0,,16.1,sunny,2
varanasi_ghats,2026-02-22,21146,6,1,0,,20.0,rainy,2
hampi_ruins,2026-02-22,12275,6,1,0,,18.6,sunny,2
manali,2026-02-22,10152,6,1,0,,2.9,rainy,2
mysore_palace,2026-02-22,24008,6,1,0,,14.8,sunny,2
kempty_falls,2026-02-22,8057,6,1,0,,17.4,sunny,2
robbers_cave,2026-02-22,4731,6,1,0,,14.1,sunny,2
taj_mahal,2026-02-23,16007,0,0,0,,17.8,extreme_heat,2
jaipur_city_palace,2026-02-23,15981,0,0,0,,16.4,sunny,2
goa_baga_beach,2026-02-23,19085,0,0,0,,27.7,sunny,2
kerala_backwaters,2026-02-23,10138,0,0,0,,17.0,sunny,2
varanasi_ghats,2026-02-23,16135,0,0,0,,19.5,sunny,2
hampi_ruins,2026-02-23,6229,0,0,0,,19.0,extreme_heat,2
manali,2026-02-23,9618,0,0,0,,6.9,sunny,2
mysore_palace,2026-02-23,14175,0,0,0,,18.5,sunny,2
kempty_falls,2026-02-23,4135,0,0,0,,21.8,sunny,2
robbers_cave,2026-02-23,2326,0,0,0,,18.0,sunny,2
taj_mahal,2026-02-24,21835,1,0,0,,14.6,cloudy,2
jaipur_city_palace,2026-02-24,16435,1,0,0,,14.3,sunny,2
goa_baga_beach,2026-02-24,18776,1,0,0,,28.6,cloudy,2
kerala_backwaters,2026-02-24,9350,1,0,0,,18.9,sunny,2
varanasi_ghats,2026-02-24,18725,1,0,0,,17.2,cloudy,2
hampi_ruins,2026-02-24,4830,1,0,0,,19.3,rainy,2
manali,2026-02-24,9132,1,0,0,,6.3,cloudy,2
mysore_palace,2026-02-24,13357,1,0,0,,20.8,cloudy,2
kempty_falls,2026-02-24,5395,1,0,0,,20.5,sunny,2
robbers_cave,2026-02-24,1835,1,0,0,,18.5,extreme_heat,2
taj_mahal,2026-02-25,20995,2,0,0,,19.0,sunny,2
jaipur_city_palace,2026-02-25,16457,2,0,0,,16.1,sunny,2
goa_baga_beach,2026-02-25,19837,2,0,0,,25.3,cloudy,2
kerala_backwaters,2026-02-25,8712,2,0,0,,15.5,cloudy,2
varanasi_ghats,2026-02-25,19270,2,0,0,,16.2,cloudy,2
hampi_ruins,2026-02-25,6712,2,0,0,,16.7,sunny,2
manali,2026-02-25,6406,2,0,0,,5.9,rainy,2
mysore_palace,2026-02-25,14190,2,0,0,,18.1,sunny,2
kempty_falls,2026-02-25,4070,2,0,0,,16.4,sunny,2
robbers_cave,2026-02-25,1956,2,0,0,,20.7,extreme_heat,2
taj_mahal,2026-02-26,14301,3,0,0,,15.9,rainy,2
jaipur_city_palace,2026-02-26,13420,3,0,0,,24.0,cloudy,2
goa_baga_beach,2026-02-26,12125,3,0,0,,28.1,rainy,2
kerala_backwaters,2026-02-26,10268,3,0,0,,21.7,cloudy,2
varanasi_ghats,2026-02-26,17031,3,0,0,,16.2,cloudy,2
hampi_ruins,2026-02-26,7932,3,0,0,,16.5,sunny,2
manali,2026-02-26,9785,3,0,0,,5.1,sunny,2
mysore_palace,2026-02-26,10048,3,0,0,,17.5,rainy,2
kempty_falls,2026-02-26,2931,3,0,0,,15.8,extreme_heat,2
robbers_cave,2026-02-26,1790,3,0,0,,18.8,extreme_heat,2
taj_mahal,2026-02-27,22470,4,0,0,,21.6,sunny,2
jaipur_city_palace,2026-02-27,14938,4,0,0,,16.3,sunny,2
goa_baga_beach,2026-02-27,19495,4,0,0,,26.3,sunny,2
kerala_backwaters,2026-02-27,10047,4,0,0,,19.6,cloudy,2
varanasi_ghats,2026-02-27,18675,4,0,0,,19.9,sunny,2
hampi_ruins,2026-02-27,7632,4,0,0,,17.9,sunny,2
manali,2026-02-27,9361,4,0,0,,3.2,sunny,2
mysore_palace,2026-02-27,16078,4,0,0,,19.6,sunny,2
kempty_falls,2026-02-27,4430,4,0,0,,20.1,cloudy,2
robbers_cave,2026-02-27,3135,4,0,0,,20.8,sunny,2
taj_mahal,2026-02-28,34038,5,1,0,,16.5,sunny,2
jaipur_city_palace,2026-02-28,17029,5,1,0,,17.9,extreme_heat,2
goa_baga_beach,2026-02-28,21686,5,1,0,,26.4,extreme_heat,2
kerala_backwaters,2026-02-28,16333,5,1,0,,21.6,sunny,2
varanasi_ghats,2026-02-28,29288,5,1,0,,19.6,sunny,2
hampi_ruins,2026-02-28,10203,5,1,0,,17.7,sunny,2
manali,2026-02-28,13391,5,1,0,,1.6,cloudy,2
mysore_palace,2026-02-28,22748,5,1,0,,17.7,cloudy,2
kempty_falls,2026-02-28,6690,5,1,0,,18.9,sunny,2
robbers_cave,2026-02-28,3559,5,1,0,,16.3,cloudy,2
taj_mahal,2026-03-01,37029,6,1,0,,23.6,sunny,3
jaipur_city_palace,2026-03-01,17999,6,1,0,,21.4,extreme_heat,3
goa_baga_beach,2026-03-01,21632,6,1,0,,29.6,sunny,3
kerala_backwaters,2026-03-01,10109,6,1,0,,24.3,cloudy,3
varanasi_ghats,2026-03-01,28394,6,1,0,,25.8,sunny,3
hampi_ruins,2026-03-01,12672,6,1,0,,29.3,sunny,3
manali,2026-03-01,9218,6,1,0,,6.8,rainy,3
mysore_palace,2026-03-01,15005,6,1,0,,26.1,extreme_heat,3
kempty_falls,2026-03-01,6957,6,1,0,,25.2,sunny,3
robbers_cave,2026-03-01,4871,6,1,0,,26.3,sunny,3
taj_mahal,2026-03-02,22053,0,0,0,,31.4,cloudy,3
jaipur_city_palace,2026-03-02,13917,0,0,0,,28.1,sunny,3
goa_baga_beach,2026-03-02,13844,0,0,0,,34.5,sunny,3
kerala_backwaters,2026-03-02,6814,0,0,0,,28.9,cloudy,3
varanasi_ghats,2026-03-02,19340,0,0,0,,24.0,sunny,3
hampi_ruins,2026-03-02,6040,0,0,0,,27.4,extreme_heat,3
manali,2026-03-02,9158,0,0,0,,7.7,sunny,3
mysore_palace,2026-03-02,13911,0,0,0,,29.9,sunny,3
kempty_falls,2026-03-02,2755,0,0,0,,25.6,rainy,3
robbers_cave,2026-03-02,2585,0,0,0,,23.3,sunny,3
taj_mahal,2026-03-03,22775,1,0,0,,24.9,sunny,3
jaipur_city_palace,2026-03-03,11145,1,0,0,,26.0,extreme_heat,3
goa_baga_beach,2026-03-03,14346,1,0,0,,35.2,sunny,3
kerala_backwaters,2026-03-03,8436,1,0,0,,25.2,sunny,3
varanasi_ghats,2026-03-03,16641,1,0,0,,24.5,sunny,3
hampi_ruins,2026-03-03,4576,1,0,0,,22.0,rainy,3
manali,2026-03-03,9368,1,0,0,,8.1,cloudy,3
mysore_palace,2026-03-03,12826,1,0,0,,22.2,cloudy,3
kempty_falls,2026-03-03,4927,1,0,0,,27.7,sunny,3
robbers_cave,2026-03-03,2789,1,0,0,,25.3,sunny,3
taj_mahal,2026-03-04,36059,2,0,1,Holi,28.1,sunny,3
jaipur_city_palace,2026-03-04,24205,2,0,1,Holi,26.5,sunny,3
goa_baga_beach,2026-03-04,20315,2,0,1,Holi,35.1,sunny,3
kerala_backwaters,2026-03-04,8802,2,0,1,Holi,25.1,cloudy,3
varanasi_ghats,2026-03-04,18334,2,0,1,Holi,25.7,extreme_heat,3
hampi_ruins,2026-03-04,7819,2,0,1,Holi,26.4,rainy,3
manali,2026-03-04,9569,2,0,1,Holi,3.5,extreme_heat,3
mysore_palace,2026-03-04,20977,2,0,1,Holi,24.4,sunny,3
kempty_falls,2026-03-04,6859,2,0,1,Holi,28.3,sunny,3
robbers_cave,2026-03-04,4022,2,0,1,Holi,26.4,cloudy,3
taj_mahal,2026-03-05,22406,3,0,0,,21.2,sunny,3
jaipur_city_palace,2026-03-05,14641,3,0,0,,27.7,cloudy,3
goa_baga_beach,2026-03-05,10320,3,0,0,,31.6,extreme_heat,3
kerala_backwaters,2026-03-05,6838,3,0,0,,26.6,sunny,3
varanasi_ghats,2026-03-05,11123,3,0,0,,23.6,rainy,3
hampi_ruins,2026-03-05,7379,3,0,0,,21.1,cloudy,3
manali,2026-03-05,8579,3,0,0,,7.9,cloudy,3
mysore_palace,2026-03-05,13149,3,0,0,,26.2,sunny,3
kempty_falls,2026-03-05,2807,3,0,0,,27.7,rainy,3
robbers_cave,2026-03-05,2558,3,0,0,,29.4,sunny,3
taj_mahal,2026-03-06,21784,4,0,0,,23.5,cloudy,3
jaipur_city_palace,2026-03-06,14727,4,0,0,,27.4,sunny,3
goa_baga_beach,2026-03-06,11830,4,0,0,,28.5,sunny,3
kerala_backwaters,2026-03-06,6818,4,0,0,,27.5,cloudy,3
varanasi_ghats,2026-03-06,17783,4,0,0,,26.9,sunny,3
hampi_ruins,2026-03-06,7349,4,0,0,,28.8,sunny,3
manali,2026-03-06,5179,4,0,0,,7.1,rainy,3
mysore_palace,2026-03-06,15801,4,0,0,,28.9,sunny,3
kempty_falls,2026-03-06,4737,4,0,0,,25.9,sunny,3
robbers_cave,2026-03-06,2269,4,0,0,,28.1,sunny,3
taj_mahal,2026-03-07,38212,5,1,0,,22.3,sunny,3
jaipur_city_palace,2026-03-07,20945,5,1,0,,23.4,cloudy,3
goa_baga_beach,2026-03-07,20938,5,1,0,,34.8,sunny,3
kerala_backwaters,2026-03-07,9694,5,1,0,,27.8,sunny,3
varanasi_ghats,2026-03-07,26097,5,1,0,,27.4,sunny,3
hampi_ruins,2026-03-07,12340,5,1,0,,28.3,sunny,3
manali,2026-03-07,10591,5,1,0,,10.6,cloudy,3
mysore_palace,2026-03-07,21217,5,1,0,,28.3,sunny,3
kempty_falls,2026-03-07,7222,5,1,0,,26.8,sunny,3
robbers_cave,2026-03-07,3938,5,1,0,,25.4,sunny,3
taj_mahal,2026-03-08,34028,6,1,0,,26.5,sunny,3
jaipur_city_palace,2026-03-08,22622,6,1,0,,24.5,sunny,3
goa_baga_beach,2026-03-08,20573,6,1,0,,31.7,cloudy,3
kerala_backwaters,2026-03-08,10792,6,1,0,,27.3,sunny,3
varanasi_ghats,2026-03-08,32378,6,1,0,,27.1,sunny,3
hampi_ruins,2026-03-08,12514,6,1,0,,26.9,sunny,3
manali,2026-03-08,9967,6,1,0,,6.2,extreme_heat,3
mysore_palace,2026-03-08,25346,6,1,0,,24.3,cloudy,3
kempty_falls,2026-03-08,6554,6,1,0,,26.2,cloudy,3
robbers_cave,2026-03-08,3969,6,1,0,,26.9,sunny,3
taj_mahal,2026-03-09,21923,0,0,0,,25.9,sunny,3
jaipur_city_palace,2026-03-09,14552,0,0,0,,24.2,sunny,3
goa_baga_beach,2026-03-09,15904,0,0,0,,29.8,sunny,3
kerala_backwaters,2026-03-09,6529,0,0,0,,28.7,cloudy,3
varanasi_ghats,2026-03-09,13322,0,0,0,,29.3,extreme_heat,3
hampi_ruins,2026-03-09,7595,0,0,0,,26.9,cloudy,3
manali,2026-03-09,5792,0,0,0,,9.0,rainy,3
mysore_palace,2026-03-09,14381,0,0,0,,27.7,sunny,3
kempty_falls,2026-03-09,4465,0,0,0,,24.5,sunny,3
robbers_cave,2026-03-09,2898,0,0,0,,25.6,sunny,3
taj_mahal,2026-03-10,26401,1,0,0,,26.7,sunny,3
jaipur_city_palace,2026-03-10,10815,1,0,0,,26.9,extreme_heat,3
goa_baga_beach,2026-03-10,13073,1,0,0,,30.3,cloudy,3
kerala_backwaters,2026-03-10,7013,1,0,0,,20.7,cloudy,3
varanasi_ghats,2026-03-10,15874,1,0,0,,25.6,sunny,3
hampi_ruins,2026-03-10,6972,1,0,0,,28.8,sunny,3
manali,2026-03-10,8305,1,0,0,,9.1,cloudy,3
mysore_palace,2026-03-10,15352,1,0,0,,25.1,sunny,3
kempty_falls,2026-03-10,4807,1,0,0,,26.9,sunny,3
robbers_cave,2026-03-10,2733,1,0,0,,26.1,sunny,3
taj_mahal,2026-03-11,19582,2,0,0,,27.2,cloudy,3
jaipur_city_palace,2026-03-11,13799,2,0,0,,27.8,sunny,3
goa_baga_beach,2026-03-11,14454,2,0,0,,31.4,sunny,3
kerala_backwaters,2026-03-11,7026,2,0,0,,26.5,sunny,3
varanasi_ghats,2026-03-11,18393,2,0,0,,29.1,sunny,3
hampi_ruins,2026-03-11,7566,2,0,0,,26.1,sunny,3
manali,2026-03-11,6219,2,0,0,,10.3,extreme_heat,3
mysore_palace,2026-03-11,14072,2,0,0,,25.4,cloudy,3
kempty_falls,2026-03-11,4871,2,0,0,,28.1,sunny,3
robbers_cave,2026-03-11,1737,2,0,0,,22.8,rainy,3
taj_mahal,2026-03-12,21413,3,0,0,,26.2,cloudy,3
jaipur_city_palace,2026-03-12,16769,3,0,0,,25.2,sunny,3
goa_baga_beach,2026-03-12,12173,3,0,0,,29.8,cloudy,3
kerala_backwaters,2026-03-12,4922,3,0,0,,26.5,extreme_heat,3
varanasi_ghats,2026-03-12,17351,3,0,0,,28.8,sunny,3
hampi_ruins,2026-03-12,7218,3,0,0,,28.7,sunny,3
manali,2026-03-12,9232,3,0,0,,9.1,sunny,3
mysore_palace,2026-03-12,15114,3,0,0,,25.7,sunny,3
kempty_falls,2026-03-12,4165,3,0,0,,26.5,sunny,3
robbers_cave,2026-03-12,2759,3,0,0,,29.0,sunny,3
taj_mahal,2026-03-13,21305,4,0,0,,28.7,sunny,3
jaipur_city_palace,2026-03-13,13861,4,0,0,,24.0,sunny,3
goa_baga_beach,2026-03-13,8621,4,0,0,,29.9,rainy,3
kerala_backwaters,2026-03-13,4601,4,0,0,,27.1,rainy,3
varanasi_ghats,2026-03-13,15991,4,0,0,,27.4,cloudy,3
hampi_ruins,2026-03-13,6428,4,0,0,,24.0,cloudy,3
manali,2026-03-13,8073,4,0,0,,10.6,cloudy,3
mysore_palace,2026-03-13,12128,4,0,0,,23.9,sunny,3
kempty_falls,2026-03-13,4644,4,0,0,,27.0,sunny,3
robbers_cave,2026-03-13,2617,4,0,0,,27.1,cloudy,3
taj_mahal,2026-03-14,34723,5,1,0,,28.3,sunny,3
jaipur_city_palace,2026-03-14,20888,5,1,0,,26.6,sunny,3
goa_baga_beach,2026-03-14,13886,5,1,0,,33.6,rainy,3
kerala_backwaters,2026-03-14,10602,5,1,0,,24.8,sunny,3
varanasi_ghats,2026-03-14,29786,5,1,0,,24.4,sunny,3
hampi_ruins,2026-03-14,13271,5,1,0,,23.8,cloudy,3
manali,2026-03-14,11715,5,1,0,,9.9,cloudy,3
mysore_palace,2026-03-14,22001,5,1,0,,22.7,sunny,3
kempty_falls,2026-03-14,6034,5,1,0,,29.0,sunny,3
robbers_cave,2026-03-14,4337,5,1,0,,25.8,sunny,3
taj_mahal,2026-03-15,19723,6,1,0,,26.7,rainy,3
jaipur_city_palace,2026-03-15,16687,6,1,0,,26.1,extreme_heat,3
goa_baga_beach,2026-03-15,13032,6,1,0,,30.2,rainy,3
kerala_backwaters,2026-03-15,10777,6,1,0,,28.8,cloudy,3
varanasi_ghats,2026-03-15,17214,6,1,0,,25.9,rainy,3
hampi_ruins,2026-03-15,11421,6,1,0,,28.0,cloudy,3
manali,2026-03-15,15336,6,1,0,,11.3,sunny,3
mysore_palace,2026-03-15,15484,6,1,0,,28.0,extreme_heat,3
kempty_falls,2026-03-15,7368,6,1,0,,30.3,sunny,3
robbers_cave,2026-03-15,3046,6,1,0,,25.3,rainy,3
taj_mahal,2026-03-16,23612,0,0,0,,25.4,sunny,3
jaipur_city_palace,2026-03-16,15118,0,0,0,,23.8,sunny,3
goa_baga_beach,2026-03-16,12922,0,0,0,,32.9,sunny,3
kerala_backwaters,2026-03-16,7840,0,0,0,,25.3,sunny,3
varanasi_ghats,2026-03-16,17327,0,0,0,,22.7,cloudy,3
hampi_ruins,2026-03-16,7752,0,0,0,,25.6,sunny,3
manali,2026-03-16,9526,0,0,0,,7.2,sunny,3
mysore_palace,2026-03-16,10948,0,0,0,,24.1,sunny,3
kempty_falls,2026-03-16,4350,0,0,0,,22.1,sunny,3
robbers_cave,2026-03-16,2614,0,0,0,,24.3,sunny,3
taj_mahal,2026-03-17,18154,1,0,0,,24.0,cloudy,3
jaipur_city_palace,2026-03-17,16293,1,0,0,,27.5,sunny,3
goa_baga_beach,2026-03-17,13365,1,0,0,,30.1,sunny,3
kerala_backwaters,2026-03-17,6943,1,0,0,,26.1,sunny,3
varanasi_ghats,2026-03-17,19889,1,0,0,,23.5,sunny,3
hampi_ruins,2026-03-17,7117,1,0,0,,29.3,sunny,3
manali,2026-03-17,8514,1,0,0,,6.9,cloudy,3
mysore_palace,2026-03-17,13220,1,0,0,,24.0,cloudy,3
kempty_falls,2026-03-17,4462,1,0,0,,18.9,sunny,3
robbers_cave,2026-03-17,2926,1,0,0,,24.1,sunny,3
taj_mahal,2026-03-18,14434,2,0,0,,28.1,extreme_heat,3
jaipur_city_palace,2026-03-18,12473,2,0,0,,24.4,cloudy,3
goa_baga_beach,2026-03-18,14040,2,0,0,,33.8,sunny,3
kerala_backwaters,2026-03-18,5797,2,0,0,,22.4,cloudy,3
varanasi_ghats,2026-03-18,18446,2,0,0,,28.0,sunny,3
hampi_ruins,2026-03-18,7356,2,0,0,,26.1,sunny,3
manali,2026-03-18,8827,2,0,0,,7.6,cloudy,3
mysore_palace,2026-03-18,11007,2,0,0,,26.9,extreme_heat,3
kempty_falls,2026-03-18,4136,2,0,0,,22.4,cloudy,3
robbers_cave,2026-03-18,2800,2,0,0,,28.6,sunny,3
taj_mahal,2026-03-19,25152,3,0,0,,21.3,cloudy,3
jaipur_city_palace,2026-03-19,14643,3,0,0,,26.1,cloudy,3
goa_baga_beach,2026-03-19,11931,3,0,0,,28.9,sunny,3
kerala_backwaters,2026-03-19,7846,3,0,0,,24.4,sunny,3
varanasi_ghats,2026-03-19,17604,3,0,0,,26.9,sunny,3
hampi_ruins,2026-03-19,4626,3,0,0,,27.6,rainy,3
manali,2026-03-19,5844,3,0,0,,8.8,rainy,3
mysore_palace,2026-03-19,15308,3,0,0,,25.7,sunny,3
kempty_falls,2026-03-19,4032,3,0,0,,24.7,cloudy,3
robbers_cave,2026-03-19,2029,3,0,0,,24.2,extreme_heat,3
taj_mahal,2026-03-20,19996,4,0,0,,23.9,sunny,3
jaipur_city_palace,2026-03-20,10448,4,0,0,,26.3,rainy,3
goa_baga_beach,2026-03-20,11835,4,0,0,,32.0,sunny,3
kerala_backwaters,2026-03-20,6890,4,0,0,,24.7,sunny,3
varanasi_ghats,2026-03-20,16825,4,0,0,,22.7,sunny,3
hampi_ruins,2026-03-20,7392,4,0,0,,28.1,sunny,3
manali,2026-03-20,6521,4,0,0,,10.7,rainy,3
mysore_palace,2026-03-20,14051,4,0,0,,24.7,sunny,3
kempty_falls,2026-03-20,4149,4,0,0,,25.1,cloudy,3
robbers_cave,2026-03-20,2466,4,0,0,,24.0,cloudy,3
taj_mahal,2026-03-21,44000,5,1,1,Eid ul-Fitr,28.3,cloudy,3
jaipur_city_palace,2026-03-21,27500,5,1,1,Eid ul-Fitr,25.7,cloudy,3
goa_baga_beach,2026-03-21,25481,5,1,1,Eid ul-Fitr,31.2,cloudy,3
kerala_backwaters,2026-03-21,17002,5,1,1,Eid ul-Fitr,29.0,sunny,3
varanasi_ghats,2026-03-21,33000,5,1,1,Eid ul-Fitr,25.5,sunny,3
hampi_ruins,2026-03-21,16500,5,1,1,Eid ul-Fitr,26.7,sunny,3
manali,2026-03-21,18416,5,1,1,Eid ul-Fitr,8.3,sunny,3
mysore_palace,2026-03-21,21398,5,1,1,Eid ul-Fitr,28.0,rainy,3
kempty_falls,2026-03-21,10676,5,1,1,Eid ul-Fitr,26.6,sunny,3
robbers_cave,2026-03-21,4347,5,1,1,Eid ul-Fitr,24.4,rainy,3
taj_mahal,2026-03-22,24729,6,1,0,,26.9,rainy,3
jaipur_city_palace,2026-03-22,14814,6,1,0,,23.8,rainy,3
goa_baga_beach,2026-03-22,24393,6,1,0,,30.4,sunny,3
kerala_backwaters,2026-03-22,14287,6,1,0,,26.8,sunny,3
varanasi_ghats,2026-03-22,26830,6,1,0,,26.1,sunny,3
hampi_ruins,2026-03-22,11554,6,1,0,,28.5,cloudy,3
manali,2026-03-22,8465,6,1,0,,9.1,rainy,3
mysore_palace,2026-03-22,21673,6,1,0,,24.3,sunny,3
kempty_falls,2026-03-22,7181,6,1,0,,23.2,sunny,3
robbers_cave,2026-03-22,4512,6,1,0,,26.4,sunny,3
taj_mahal,2026-03-23,24363,0,0,0,,24.5,sunny,3
jaipur_city_palace,2026-03-23,13300,0,0,0,,24.9,sunny,3
goa_baga_beach,2026-03-23,11366,0,0,0,,30.9,sunny,3
kerala_backwaters,2026-03-23,7271,0,0,0,,23.9,cloudy,3
varanasi_ghats,2026-03-23,12124,0,0,0,,22.2,rainy,3
hampi_ruins,2026-03-23,7381,0,0,0,,26.4,cloudy,3
manali,2026-03-23,7388,0,0,0,,10.1,sunny,3
mysore_palace,2026-03-23,13823,0,0,0,,28.3,sunny,3
kempty_falls,2026-03-23,4185,0,0,0,,22.0,sunny,3
robbers_cave,2026-03-23,2584,0,0,0,,23.6,sunny,3
taj_mahal,2026-03-24,15043,1,0,0,,25.1,rainy,3
jaipur_city_palace,2026-03-24,10199,1,0,0,,25.0,extreme_heat,3
goa_baga_beach,2026-03-24,11755,1,0,0,,30.5,cloudy,3
kerala_backwaters,2026-03-24,5623,1,0,0,,28.9,sunny,3
varanasi_ghats,2026-03-24,18189,1,0,0,,26.2,sunny,3
hampi_ruins,2026-03-24,7284,1,0,0,,25.2,cloudy,3
manali,2026-03-24,5995,1,0,0,,9.5,extreme_heat,3
mysore_palace,2026-03-24,14776,1,0,0,,29.3,cloudy,3
kempty_falls,2026-03-24,4069,1,0,0,,32.0,sunny,3
robbers_cave,2026-03-24,2968,1,0,0,,25.5,sunny,3
taj_mahal,2026-03-25,23566,2,0,0,,30.5,sunny,3
jaipur_city_palace,2026-03-25,15072,2,0,0,,24.6,sunny,3
goa_baga_beach,2026-03-25,8028,2,0,0,,28.7,extreme_heat,3
kerala_backwaters,2026-03-25,7414,2,0,0,,24.5,sunny,3
varanasi_ghats,2026-03-25,19855,2,0,0,,25.9,sunny,3
hampi_ruins,2026-03-25,6038,2,0,0,,24.6,extreme_heat,3
manali,2026-03-25,8515,2,0,0,,7.8,cloudy,3
mysore_palace,2026-03-25,15323,2,0,0,,24.7,sunny,3
kempty_falls,2026-03-25,4167,2,0,0,,26.9,sunny,3
robbers_cave,2026-03-25,2897,2,0,0,,24.5,sunny,3
taj_mahal,2026-03-26,23037,3,0,0,,24.3,sunny,3
jaipur_city_palace,2026-03-26,10491,3,0,0,,26.3,rainy,3
goa_baga_beach,2026-03-26,13252,3,0,0,,28.2,sunny,3
kerala_backwaters,2026-03-26,6876,3,0,0,,26.7,cloudy,3
varanasi_ghats,2026-03-26,16037,3,0,0,,29.4,cloudy,3
hampi_ruins,2026-03-26,8261,3,0,0,,25.4,sunny,3
manali,2026-03-26,9827,3,0,0,,2.5,sunny,3
mysore_palace,2026-03-26,10593,3,0,0,,25.4,rainy,3
kempty_falls,2026-03-26,5102,3,0,0,,26.2,cloudy,3
robbers_cave,2026-03-26,2895,3,0,0,,26.8,sunny,3
taj_mahal,2026-03-27,21802,4,0,0,,28.4,sunny,3
jaipur_city_palace,2026-03-27,16564,4,0,0,,29.4,sunny,3
goa_baga_beach,2026-03-27,12583,4,0,0,,31.5,sunny,3
kerala_backwaters,2026-03-27,6549,4,0,0,,24.3,sunny,3
varanasi_ghats,2026-03-27,15121,4,0,0,,26.2,sunny,3
hampi_ruins,2026-03-27,7544,4,0,0,,26.8,sunny,3
manali,2026-03-27,7976,4,0,0,,6.1,cloudy,3
mysore_palace,2026-03-27,13291,4,0,0,,26.1,sunny,3
kempty_falls,2026-03-27,4618,4,0,0,,26.9,sunny,3
robbers_cave,2026-03-27,2445,4,0,0,,28.7,cloudy,3
taj_mahal,2026-03-28,29986,5,1,0,,26.5,sunny,3
jaipur_city_palace,2026-03-28,16491,5,1,0,,26.7,extreme_heat,3
goa_baga_beach,2026-03-28,17705,5,1,0,,27.9,sunny,3
kerala_backwaters,2026-03-28,6745,5,1,0,,27.3,rainy,3
varanasi_ghats,2026-03-28,26695,5,1,0,,28.3,sunny,3
hampi_ruins,2026-03-28,12286,5,1,0,,25.6,sunny,3
manali,2026-03-28,14806,5,1,0,,9.7,sunny,3
mysore_palace,2026-03-28,19549,5,1,0,,24.2,cloudy,3
kempty_falls,2026-03-28,7231,5,1,0,,28.1,sunny,3
robbers_cave,2026-03-28,4406,5,1,0,,25.9,sunny,3
taj_mahal,2026-03-29,23415,6,1,0,,24.4,rainy,3
jaipur_city_palace,2026-03-29,23468,6,1,0,,26.3,cloudy,3
goa_baga_beach,2026-03-29,14686,6,1,0,,33.4,extreme_heat,3
kerala_backwaters,2026-03-29,8004,6,1,0,,26.8,rainy,3
varanasi_ghats,2026-03-29,28025,6,1,0,,27.4,cloudy,3
hampi_ruins,2026-03-29,11364,6,1,0,,21.7,sunny,3
manali,2026-03-29,14555,6,1,0,,8.6,sunny,3
mysore_palace,2026-03-29,20539,6,1,0,,23.8,sunny,3
kempty_falls,2026-03-29,4718,6,1,0,,27.7,extreme_heat,3
robbers_cave,2026-03-29,2705,6,1,0,,26.8,rainy,3
taj_mahal,2026-03-30,20780,0,0,0,,26.2,sunny,3
jaipur_city_palace,2026-03-30,13580,0,0,0,,26.3,sunny,3
goa_baga_beach,2026-03-30,13634,0,0,0,,31.4,sunny,3
kerala_backwaters,2026-03-30,7726,0,0,0,,27.4,sunny,3
varanasi_ghats,2026-03-30,18209,0,0,0,,27.6,sunny,3
hampi_ruins,2026-03-30,6552,0,0,0,,28.2,sunny,3
manali,2026-03-30,6256,0,0,0,,6.4,extreme_heat,3
mysore_palace,2026-03-30,11261,0,0,0,,26.7,extreme_heat,3
kempty_falls,2026-03-30,4046,0,0,0,,25.8,cloudy,3
robbers_cave,2026-03-30,2706,0,0,0,,24.0,sunny,3
taj_mahal,2026-03-31,15716,1,0,0,,25.8,extreme_heat,3
jaipur_city_palace,2026-03-31,14167,1,0,0,,25.8,cloudy,3
goa_baga_beach,2026-03-31,8489,1,0,0,,32.1,extreme_heat,3
kerala_backwaters,2026-03-31,6734,1,0,0,,26.2,sunny,3
varanasi_ghats,2026-03-31,16638,1,0,0,,26.2,sunny,3
hampi_ruins,2026-03-31,6595,1,0,0,,25.0,cloudy,3
manali,2026-03-31,8983,1,0,0,,6.8,sunny,3
mysore_palace,2026-03-31,8279,1,0,0,,25.0,rainy,3
kempty_falls,2026-03-31,4704,1,0,0,,25.7,sunny,3
robbers_cave,2026-03-31,2536,1,0,0,,23.3,sunny,3
taj_mahal,2026-04-01,9881,2,0,0,,34.0,extreme_heat,4
jaipur_city_palace,2026-04-01,5359,2,0,0,,31.7,extreme_heat,4
goa_baga_beach,2026-04-01,7799,2,0,0,,34.5,extreme_heat,4
kerala_backwaters,2026-04-01,4329,2,0,0,,35.4,rainy,4
varanasi_ghats,2026-04-01,9605,2,0,0,,35.1,sunny,4
hampi_ruins,2026-04-01,4211,2,0,0,,35.3,sunny,4
manali,2026-04-01,6292,2,0,0,,13.9,sunny,4
mysore_palace,2026-04-01,5531,2,0,0,,38.2,extreme_heat,4
kempty_falls,2026-04-01,3288,2,0,0,,34.1,sunny,4
robbers_cave,2026-04-01,2159,2,0,0,,33.6,cloudy,4
taj_mahal,2026-04-02,13015,3,0,0,,36.4,sunny,4
jaipur_city_palace,2026-04-02,5894,3,0,0,,34.0,extreme_heat,4
goa_baga_beach,2026-04-02,6623,3,0,0,,29.5,rainy,4
kerala_backwaters,2026-04-02,3915,3,0,0,,34.2,extreme_heat,4
varanasi_ghats,2026-04-02,9277,3,0,0,,36.1,sunny,4
hampi_ruins,2026-04-02,3010,3,0,0,,39.4,extreme_heat,4
manali,2026-04-02,4871,3,0,0,,12.5,extreme_heat,4
mysore_palace,2026-04-02,6796,3,0,0,,35.2,sunny,4
kempty_falls,2026-04-02,3633,3,0,0,,32.3,sunny,4
robbers_cave,2026-04-02,1461,3,0,0,,34.5,rainy,4
taj_mahal,2026-04-03,9237,4,0,0,,30.0,cloudy,4
jaipur_city_palace,2026-04-03,5672,4,0,0,,36.4,rainy,4
goa_baga_beach,2026-04-03,6515,4,0,0,,32.8,rainy,4
kerala_backwaters,2026-04-03,3882,4,0,0,,34.8,extreme_heat,4
varanasi_ghats,2026-04-03,9398,4,0,0,,37.4,sunny,4
hampi_ruins,2026-04-03,3921,4,0,0,,34.4,sunny,4
manali,2026-04-03,4698,4,0,0,,10.9,extreme_heat,4
mysore_palace,2026-04-03,6890,4,0,0,,38.9,cloudy,4
kempty_falls,2026-04-03,2429,4,0,0,,35.1,rainy,4
robbers_cave,2026-04-03,2083,4,0,0,,31.7,sunny,4
taj_mahal,2026-04-04,13444,5,1,0,,35.7,extreme_heat,4
jaipur_city_palace,2026-04-04,11802,5,1,0,,35.1,cloudy,4
goa_baga_beach,2026-04-04,8837,5,1,0,,35.6,rainy,4
kerala_backwaters,2026-04-04,9264,5,1,0,,33.3,sunny,4
varanasi_ghats,2026-04-04,13118,5,1,0,,30.1,sunny,4
hampi_ruins,2026-04-04,4173,5,1,0,,35.0,extreme_heat,4
manali,2026-04-04,6994,5,1,0,,13.3,extreme_heat,4
mysore_palace,2026-04-04,10903,5,1,0,,31.3,cloudy,4
kempty_falls,2026-04-04,5291,5,1,0,,36.9,sunny,4
robbers_cave,2026-04-04,2297,5,1,0,,32.6,rainy,4
taj_mahal,2026-04-05,12535,6,1,0,,33.8,extreme_heat,4
jaipur_city_palace,2026-04-05,9231,6,1,0,,32.6,extreme_heat,4
goa_baga_beach,2026-04-05,9847,6,1,0,,32.3,rainy,4
kerala_backwaters,2026-04-05,8831,6,1,0,,33.7,sunny,4
varanasi_ghats,2026-04-05,14886,6,1,0,,30.7,sunny,4
hampi_ruins,2026-04-05,6523,6,1,0,,34.4,cloudy,4
manali,2026-04-05,9248,6,1,0,,11.4,sunny,4
mysore_palace,2026-04-05,13279,6,1,0,,31.5,sunny,4
kempty_falls,2026-04-05,3525,6,1,0,,35.1,extreme_heat,4
robbers_cave,2026-04-05,2412,6,1,0,,31.8,extreme_heat,4
taj_mahal,2026-04-06,8041,0,0,0,,34.4,extreme_heat,4
jaipur_city_palace,2026-04-06,8237,0,0,0,,34.4,sunny,4
goa_baga_beach,2026-04-06,7565,0,0,0,,35.9,extreme_heat,4
kerala_backwaters,2026-04-06,3641,0,0,0,,36.9,rainy,4
varanasi_ghats,2026-04-06,9543,0,0,0,,37.2,cloudy,4
hampi_ruins,2026-04-06,4218,0,0,0,,30.5,sunny,4
manali,2026-04-06,4953,0,0,0,,9.3,extreme_heat,4
mysore_palace,2026-04-06,5327,0,0,0,,33.4,extreme_heat,4
kempty_falls,2026-04-06,3454,0,0,0,,34.1,sunny,4
robbers_cave,2026-04-06,1370,0,0,0,,35.6,extreme_heat,4
taj_mahal,2026-04-07,8767,1,0,0,,36.5,extreme_heat,4
jaipur_city_palace,2026-04-07,6913,1,0,0,,34.2,sunny,4
goa_baga_beach,2026-04-07,8004,1,0,0,,33.5,extreme_heat,4
kerala_backwaters,2026-04-07,4885,1,0,0,,34.4,cloudy,4
varanasi_ghats,2026-04-07,6786,1,0,0,,35.0,rainy,4
hampi_ruins,2026-04-07,3663,1,0,0,,32.3,cloudy,4
manali,2026-04-07,6454,1,0,0,,15.7,sunny,4
mysore_palace,2026-04-07,7739,1,0,0,,29.8,sunny,4
kempty_falls,2026-04-07,3053,1,0,0,,35.0,cloudy,4
robbers_cave,2026-04-07,1548,1,0,0,,37.7,extreme_heat,4
taj_mahal,2026-04-08,10012,2,0,0,,37.1,extreme_heat,4
jaipur_city_palace,2026-04-08,6502,2,0,0,,33.4,extreme_heat,4
goa_baga_beach,2026-04-08,6052,2,0,0,,31.1,rainy,4
kerala_backwaters,2026-04-08,3347,2,0,0,,33.7,extreme_heat,4
varanasi_ghats,2026-04-08,7177,2,0,0,,32.8,extreme_heat,4
hampi_ruins,2026-04-08,4201,2,0,0,,34.0,sunny,4
manali,2026-04-08,4896,2,0,0,,11.6,extreme_heat,4
mysore_palace,2026-04-08,7734,2,0,0,,33.4,sunny,4
kempty_falls,2026-04-08,2377,2,0,0,,31.5,extreme_heat,4
robbers_cave,2026-04-08,1953,2,0,0,,31.3,cloudy,4
taj_mahal,2026-04-09,11516,3,0,0,,34.4,sunny,4
jaipur_city_palace,2026-04-09,7404,3,0,0,,35.2,sunny,4
goa_baga_beach,2026-04-09,7431,3,0,0,,34.3,extreme_heat,4
kerala_backwaters,2026-04-09,4228,3,0,0,,33.6,extreme_heat,4
varanasi_ghats,2026-04-09,7732,3,0,0,,30.1,extreme_heat,4
hampi_ruins,2026-04-09,2921,3,0,0,,34.3,extreme_heat,4
manali,2026-04-09,4406,3,0,0,,12.4,extreme_heat,4
mysore_palace,2026-04-09,5921,3,0,0,,32.1,extreme_heat,4
kempty_falls,2026-04-09,2565,3,0,0,,32.8,extreme_heat,4
robbers_cave,2026-04-09,2142,3,0,0,,35.6,cloudy,4
taj_mahal,2026-04-10,8605,4,0,0,,34.6,extreme_heat,4
jaipur_city_palace,2026-04-10,5428,4,0,0,,33.3,extreme_heat,4
goa_baga_beach,2026-04-10,7163,4,0,0,,34.0,extreme_heat,4
kerala_backwaters,2026-04-10,5703,4,0,0,,33.4,sunny,4
varanasi_ghats,2026-04-10,8930,4,0,0,,36.8,cloudy,4
hampi_ruins,2026-04-10,2904,4,0,0,,32.1,extreme_heat,4
manali,2026-04-10,4523,4,0,0,,12.3,extreme_heat,4
mysore_palace,2026-04-10,4952,4,0,0,,36.9,extreme_heat,4
kempty_falls,2026-04-10,2598,4,0,0,,31.8,extreme_heat,4
robbers_cave,2026-04-10,1493,4,0,0,,33.4,extreme_heat,4
taj_mahal,2026-04-11,18591,5,1,0,,33.3,sunny,4
jaipur_city_palace,2026-04-11,8746,5,1,0,,31.7,extreme_heat,4
goa_baga_beach,2026-04-11,17734,5,1,0,,35.6,sunny,4
kerala_backwaters,2026-04-11,8059,5,1,0,,35.0,sunny,4
varanasi_ghats,2026-04-11,10226,5,1,0,,33.8,extreme_heat,4
hampi_ruins,2026-04-11,4623,5,1,0,,34.9,extreme_heat,4
manali,2026-04-11,7739,5,1,0,,8.3,extreme_heat,4
mysore_palace,2026-04-11,9024,5,1,0,,35.2,extreme_heat,4
kempty_falls,2026-04-11,5246,5,1,0,,33.1,sunny,4
robbers_cave,2026-04-11,3029,5,1,0,,30.4,cloudy,4
taj_mahal,2026-04-12,12433,6,1,0,,33.1,extreme_heat,4
jaipur_city_palace,2026-04-12,14427,6,1,0,,35.7,sunny,4
goa_baga_beach,2026-04-12,14455,6,1,0,,32.0,cloudy,4
kerala_backwaters,2026-04-12,7079,6,1,0,,37.8,cloudy,4
varanasi_ghats,2026-04-12,16188,6,1,0,,34.1,sunny,4
hampi_ruins,2026-04-12,6097,6,1,0,,36.3,sunny,4
manali,2026-04-12,7180,6,1,0,,13.5,extreme_heat,4
mysore_palace,2026-04-12,12652,6,1,0,,34.4,cloudy,4
kempty_falls,2026-04-12,5134,6,1,0,,33.0,sunny,4
robbers_cave,2026-04-12,3601,6,1,0,,37.8,sunny,4
taj_mahal,2026-04-13,8684,0,0,0,,31.9,extreme_heat,4
jaipur_city_palace,2026-04-13,5707,0,0,0,,36.5,extreme_heat,4
goa_baga_beach,2026-04-13,9609,0,0,0,,31.9,sunny,4
kerala_backwaters,2026-04-13,3292,0,0,0,,29.5,extreme_heat,4
varanasi_ghats,2026-04-13,5535,0,0,0,,35.2,extreme_heat,4
hampi_ruins,2026-04-13,4551,0,0,0,,32.4,sunny,4
manali,2026-04-13,4300,0,0,0,,10.4,rainy,4
mysore_palace,2026-04-13,7254,0,0,0,,39.2,cloudy,4
kempty_falls,2026-04-13,2542,0,0,0,,34.2,extreme_heat,4
robbers_cave,2026-04-13,1400,0,0,0,,31.7,extreme_heat,4
taj_mahal,2026-04-14,8632,1,0,0,,35.6,extreme_heat,4
jaipur_city_palace,2026-04-14,8096,1,0,0,,31.6,cloudy,4
goa_baga_beach,2026-04-14,6297,1,0,0,,33.0,extreme_heat,4
kerala_backwaters,2026-04-14,3654,1,0,0,,31.3,rainy,4
varanasi_ghats,2026-04-14,7009,1,0,0,,35.1,extreme_heat,4
hampi_ruins,2026-04-14,2698,1,0,0,,36.8,rainy,4
manali,2026-04-14,6842,1,0,0,,11.6,sunny,4
mysore_palace,2026-04-14,7915,1,0,0,,37.4,sunny,4
kempty_falls,2026-04-14,3480,1,0,0,,33.1,sunny,4
robbers_cave,2026-04-14,1139,1,0,0,,36.5,extreme_heat,4
taj_mahal,2026-04-15,12382,2,0,0,,38.9,cloudy,4
jaipur_city_palace,2026-04-15,8633,2,0,0,,30.5,sunny,4
goa_baga_beach,2026-04-15,9877,2,0,0,,30.7,cloudy,4
kerala_backwaters,2026-04-15,3732,2,0,0,,33.9,extreme_heat,4
varanasi_ghats,2026-04-15,6650,2,0,0,,33.8,rainy,4
hampi_ruins,2026-04-15,3687,2,0,0,,32.6,cloudy,4
manali,2026-04-15,5044,2,0,0,,12.0,extreme_heat,4
mysore_palace,2026-04-15,4104,2,0,0,,34.6,rainy,4
kempty_falls,2026-04-15,2447,2,0,0,,33.6,extreme_heat,4
robbers_cave,2026-04-15,2075,2,0,0,,34.5,sunny,4
taj_mahal,2026-04-16,9081,3,0,0,,32.0,extreme_heat,4
jaipur_city_palace,2026-04-16,4891,3,0,0,,33.3,extreme_heat,4
goa_baga_beach,2026-04-16,11145,3,0,0,,33.4,sunny,4
kerala_backwaters,2026-04-16,4969,3,0,0,,33.6,cloudy,4
varanasi_ghats,2026-04-16,6239,3,0,0,,29.4,rainy,4
hampi_ruins,2026-04-16,3886,3,0,0,,34.3,sunny,4
manali,2026-04-16,5672,3,0,0,,11.4,sunny,4
mysore_palace,2026-04-16,7663,3,0,0,,33.8,cloudy,4
kempty_falls,2026-04-16,2763,3,0,0,,29.6,extreme_heat,4
robbers_cave,2026-04-16,2094,3,0,0,,33.6,sunny,4
taj_mahal,2026-04-17,7819,4,0,0,,35.0,extreme_heat,4
jaipur_city_palace,2026-04-17,6047,4,0,0,,35.3,extreme_heat,4
goa_baga_beach,2026-04-17,6789,4,0,0,,32.2,extreme_heat,4
kerala_backwaters,2026-04-17,3420,4,0,0,,36.9,rainy,4
varanasi_ghats,2026-04-17,10699,4,0,0,,33.3,cloudy,4
hampi_ruins,2026-04-17,2964,4,0,0,,31.4,extreme_heat,4
manali,2026-04-17,6414,4,0,0,,15.1,cloudy,4
mysore_palace,2026-04-17,7873,4,0,0,,36.0,sunny,4
kempty_falls,2026-04-17,2282,4,0,0,,36.9,extreme_heat,4
robbers_cave,2026-04-17,1883,4,0,0,,32.7,sunny,4
taj_mahal,2026-04-18,12328,5,1,0,,33.3,rainy,4
jaipur_city_palace,2026-04-18,11070,5,1,0,,32.5,sunny,4
goa_baga_beach,2026-04-18,10845,5,1,0,,31.9,extreme_heat,4
kerala_backwaters,2026-04-18,5455,5,1,0,,33.7,rainy,4
varanasi_ghats,2026-04-18,9028,5,1,0,,35.5,extreme_heat,4
hampi_ruins,2026-04-18,6550,5,1,0,,35.1,sunny,4
manali,2026-04-18,6919,5,1,0,,8.9,extreme_heat,4
mysore_palace,2026-04-18,11555,5,1,0,,34.3,sunny,4
kempty_falls,2026-04-18,5747,5,1,0,,33.8,sunny,4
robbers_cave,2026-04-18,3070,5,1,0,,31.8,cloudy,4
taj_mahal,2026-04-19,13982,6,1,0,,35.2,extreme_heat,4
jaipur_city_palace,2026-04-19,10949,6,1,0,,30.8,cloudy,4
goa_baga_beach,2026-04-19,15699,6,1,0,,34.0,cloudy,4
kerala_backwaters,2026-04-19,8260,6,1,0,,34.6,sunny,4
varanasi_ghats,2026-04-19,14708,6,1,0,,33.6,sunny,4
hampi_ruins,2026-04-19,7058,6,1,0,,34.0,sunny,4
manali,2026-04-19,10881,6,1,0,,12.2,sunny,4
mysore_palace,2026-04-19,8344,6,1,0,,33.5,extreme_heat,4
kempty_falls,2026-04-19,6214,6,1,0,,31.2,sunny,4
robbers_cave,2026-04-19,2075,6,1,0,,36.4,rainy,4
taj_mahal,2026-04-20,8764,0,0,0,,33.9,extreme_heat,4
jaipur_city_palace,2026-04-20,6102,0,0,0,,33.3,extreme_heat,4
goa_baga_beach,2026-04-20,9509,0,0,0,,30.8,cloudy,4
kerala_backwaters,2026-04-20,3812,0,0,0,,31.7,extreme_heat,4
varanasi_ghats,2026-04-20,5952,0,0,0,,35.8,extreme_heat,4
hampi_ruins,2026-04-20,2882,0,0,0,,33.1,extreme_heat,4
manali,2026-04-20,5954,0,0,0,,8.6,cloudy,4
mysore_palace,2026-04-20,4290,0,0,0,,32.7,extreme_heat,4
kempty_falls,2026-04-20,2996,0,0,0,,34.6,cloudy,4
robbers_cave,2026-04-20,1640,0,0,0,,33.1,extreme_heat,4
taj_mahal,2026-04-21,8035,1,0,0,,36.1,extreme_heat,4
jaipur_city_palace,2026-04-21,8622,1,0,0,,30.8,sunny,4
goa_baga_beach,2026-04-21,9465,1,0,0,,29.3,sunny,4
kerala_backwaters,2026-04-21,4812,1,0,0,,34.7,cloudy,4
varanasi_ghats,2026-04-21,6389,1,0,0,,34.4,extreme_heat,4
hampi_ruins,2026-04-21,3601,1,0,0,,31.5,cloudy,4
manali,2026-04-21,4639,1,0,0,,13.4,extreme_heat,4
mysore_palace,2026-04-21,7206,1,0,0,,37.5,sunny,4
kempty_falls,2026-04-21,2350,1,0,0,,32.8,extreme_heat,4
robbers_cave,2026-04-21,1714,1,0,0,,34.6,cloudy,4
taj_mahal,2026-04-22,11582,2,0,0,,33.0,cloudy,4
jaipur_city_palace,2026-04-22,5920,2,0,0,,34.4,extreme_heat,4
goa_baga_beach,2026-04-22,9312,2,0,0,,31.8,sunny,4
kerala_backwaters,2026-04-22,4882,2,0,0,,34.6,sunny,4
varanasi_ghats,2026-04-22,6764,2,0,0,,33.7,extreme_heat,4
hampi_ruins,2026-04-22,3008,2,0,0,,34.6,extreme_heat,4
manali,2026-04-22,5826,2,0,0,,13.0,cloudy,4
mysore_palace,2026-04-22,5284,2,0,0,,32.7,extreme_heat,4
kempty_falls,2026-04-22,2157,2,0,0,,36.4,extreme_heat,4
robbers_cave,2026-04-22,1637,2,0,0,,35.6,sunny,4
taj_mahal,2026-04-23,9329,3,0,0,,33.3,extreme_heat,4
jaipur_city_palace,2026-04-23,8031,3,0,0,,32.3,sunny,4
goa_baga_beach,2026-04-23,10797,3,0,0,,30.1,cloudy,4
kerala_backwaters,2026-04-23,4037,3,0,0,,33.7,extreme_heat,4
varanasi_ghats,2026-04-23,6005,3,0,0,,33.1,extreme_heat,4
hampi_ruins,2026-04-23,3314,3,0,0,,36.9,cloudy,4
manali,2026-04-23,4413,3,0,0,,13.7,extreme_heat,4
mysore_palace,2026-04-23,5537,3,0,0,,34.2,extreme_heat,4
kempty_falls,2026-04-23,2536,3,0,0,,33.0,extreme_heat,4
robbers_cave,2026-04-23,1990,3,0,0,,36.8,sunny,4
taj_mahal,2026-04-24,9203,4,0,0,,32.3,extreme_heat,4
jaipur_city_palace,2026-04-24,6948,4,0,0,,30.1,cloudy,4
goa_baga_beach,2026-04-24,9056,4,0,0,,33.3,sunny,4
kerala_backwaters,2026-04-24,5374,4,0,0,,36.2,sunny,4
varanasi_ghats,2026-04-24,6393,4,0,0,,34.9,extreme_heat,4
hampi_ruins,2026-04-24,3080,4,0,0,,33.2,extreme_heat,4
manali,2026-04-24,4525,4,0,0,,11.9,rainy,4
mysore_palace,2026-04-24,6902,4,0,0,,37.7,cloudy,4
kempty_falls,2026-04-24,3695,4,0,0,,37.9,sunny,4
robbers_cave,2026-04-24,1123,4,0,0,,33.0,rainy,4
taj_mahal,2026-04-25,15599,5,1,0,,35.9,sunny,4
jaipur_city_palace,2026-04-25,11568,5,1,0,,36.4,sunny,4
goa_baga_beach,2026-04-25,9344,5,1,0,,32.3,extreme_heat,4
kerala_backwaters,2026-04-25,8069,5,1,0,,35.0,sunny,4
varanasi_ghats,2026-04-25,12810,5,1,0,,33.2,sunny,4
hampi_ruins,2026-04-25,3907,5,1,0,,32.6,extreme_heat,4
manali,2026-04-25,7431,5,1,0,,9.8,extreme_heat,4
mysore_palace,2026-04-25,7365,5,1,0,,35.0,extreme_heat,4
kempty_falls,2026-04-25,5405,5,1,0,,33.5,sunny,4
robbers_cave,2026-04-25,2261,5,1,0,,34.9,extreme_heat,4
taj_mahal,2026-04-26,17787,6,1,0,,30.6,sunny,4
jaipur_city_palace,2026-04-26,11515,6,1,0,,32.3,sunny,4
goa_baga_beach,2026-04-26,10989,6,1,0,,31.4,extreme_heat,4
kerala_backwaters,2026-04-26,6409,6,1,0,,34.3,extreme_heat,4
varanasi_ghats,2026-04-26,15871,6,1,0,,33.1,sunny,4
hampi_ruins,2026-04-26,4699,6,1,0,,35.3,extreme_heat,4
manali,2026-04-26,7244,6,1,0,,12.7,extreme_heat,4
mysore_palace,2026-04-26,6980,6,1,0,,35.5,extreme_heat,4
kempty_falls,2026-04-26,3745,6,1,0,,32.3,extreme_heat,4
robbers_cave,2026-04-26,2136,6,1,0,,36.4,extreme_heat,4
taj_mahal,2026-04-27,8712,0,0,0,,40.4,extreme_heat,4
jaipur_city_palace,2026-04-27,5916,0,0,0,,34.1,extreme_heat,4
goa_baga_beach,2026-04-27,7104,0,0,0,,33.3,extreme_heat,4
kerala_backwaters,2026-04-27,3563,0,0,0,,35.1,rainy,4
varanasi_ghats,2026-04-27,6805,0,0,0,,32.8,extreme_heat,4
hampi_ruins,2026-04-27,4111,0,0,0,,35.5,sunny,4
manali,2026-04-27,6363,0,0,0,,12.4,sunny,4
mysore_palace,2026-04-27,6450,0,0,0,,32.5,cloudy,4
kempty_falls,2026-04-27,3410,0,0,0,,34.1,sunny,4
robbers_cave,2026-04-27,1375,0,0,0,,31.6,extreme_heat,4
taj_mahal,2026-04-28,9426,1,0,0,,31.2,extreme_heat,4
jaipur_city_palace,2026-04-28,7822,1,0,0,,32.8,sunny,4
goa_baga_beach,2026-04-28,6232,1,0,0,,31.7,rainy,4
kerala_backwaters,2026-04-28,5157,1,0,0,,32.4,cloudy,4
varanasi_ghats,2026-04-28,7405,1,0,0,,36.1,extreme_heat,4
hampi_ruins,2026-04-28,3508,1,0,0,,32.7,cloudy,4
manali,2026-04-28,4913,1,0,0,,13.4,extreme_heat,4
mysore_palace,2026-04-28,7345,1,0,0,,37.3,sunny,4
kempty_falls,2026-04-28,2241,1,0,0,,32.2,rainy,4
robbers_cave,2026-04-28,1946,1,0,0,,34.1,sunny,4
taj_mahal,2026-04-29,11030,2,0,0,,34.7,sunny,4
jaipur_city_palace,2026-04-29,6844,2,0,0,,30.2,cloudy,4
goa_baga_beach,2026-04-29,6504,2,0,0,,31.3,rainy,4
kerala_backwaters,2026-04-29,3156,2,0,0,,32.7,rainy,4
varanasi_ghats,2026-04-29,8953,2,0,0,,36.4,sunny,4
hampi_ruins,2026-04-29,3789,2,0,0,,35.2,sunny,4
manali,2026-04-29,4632,2,0,0,,15.6,extreme_heat,4
mysore_palace,2026-04-29,6829,2,0,0,,34.4,cloudy,4
kempty_falls,2026-04-29,1915,2,0,0,,39.3,extreme_heat,4
robbers_cave,2026-04-29,1196,2,0,0,,31.1,rainy,4
taj_mahal,2026-04-30,7691,3,0,0,,35.1,extreme_heat,4
jaipur_city_palace,2026-04-30,4752,3,0,0,,32.1,extreme_heat,4
goa_baga_beach,2026-04-30,9364,3,0,0,,35.1,cloudy,4
kerala_backwaters,2026-04-30,4930,3,0,0,,31.2,cloudy,4
varanasi_ghats,2026-04-30,6147,3,0,0,,31.0,extreme_heat,4
hampi_ruins,2026-04-30,2618,3,0,0,,31.1,rainy,4
manali,2026-04-30,6550,3,0,0,,15.0,sunny,4
mysore_palace,2026-04-30,4915,3,0,0,,34.7,rainy,4
kempty_falls,2026-04-30,3263,3,0,0,,34.5,sunny,4
robbers_cave,2026-04-30,2155,3,0,0,,35.7,sunny,4
taj_mahal,2026-05-01,21332,4,0,1,Summer Vacation,40.8,cloudy,5
jaipur_city_palace,2026-05-01,12442,4,0,1,Summer Vacation,36.6,cloudy,5
goa_baga_beach,2026-05-01,16721,4,0,1,Summer Vacation,33.9,sunny,5
kerala_backwaters,2026-05-01,8334,4,0,1,Summer Vacation,38.5,sunny,5
varanasi_ghats,2026-05-01,14440,4,0,1,Summer Vacation,36.3,cloudy,5
hampi_ruins,2026-05-01,5558,4,0,1,Summer Vacation,39.0,cloudy,5
manali,2026-05-01,18597,4,0,1,Summer Vacation,18.2,cloudy,5
mysore_palace,2026-05-01,12874,4,0,1,Summer Vacation,41.6,cloudy,5
kempty_falls,2026-05-01,10423,4,0,1,Summer Vacation,38.9,sunny,5
robbers_cave,2026-05-01,5500,4,0,1,Summer Vacation,37.1,sunny,5
taj_mahal,2026-05-02,20091,5,1,1,Summer Vacation,39.6,extreme_heat,5
jaipur_city_palace,2026-05-02,18964,5,1,1,Summer Vacation,39.5,cloudy,5
goa_baga_beach,2026-05-02,15602,5,1,1,Summer Vacation,33.7,extreme_heat,5
kerala_backwaters,2026-05-02,13260,5,1,1,Summer Vacation,38.9,sunny,5
varanasi_ghats,2026-05-02,19907,5,1,1,Summer Vacation,36.6,sunny,5
hampi_ruins,2026-05-02,7308,5,1,1,Summer Vacation,35.2,extreme_heat,5
manali,2026-05-02,20237,5,1,1,Summer Vacation,16.2,extreme_heat,5
mysore_palace,2026-05-02,16784,5,1,1,Summer Vacation,38.1,sunny,5
kempty_falls,2026-05-02,8627,5,1,1,Summer Vacation,35.6,rainy,5
robbers_cave,2026-05-02,5500,5,1,1,Summer Vacation,38.2,extreme_heat,5
taj_mahal,2026-05-03,21377,6,1,1,Summer Vacation,38.8,extreme_heat,5
jaipur_city_palace,2026-05-03,21063,6,1,1,Summer Vacation,39.7,sunny,5
goa_baga_beach,2026-05-03,17582,6,1,1,Summer Vacation,32.9,extreme_heat,5
kerala_backwaters,2026-05-03,9359,6,1,1,Summer Vacation,41.3,extreme_heat,5
varanasi_ghats,2026-05-03,16818,6,1,1,Summer Vacation,39.1,extreme_heat,5
hampi_ruins,2026-05-03,7644,6,1,1,Summer Vacation,37.5,extreme_heat,5
manali,2026-05-03,24200,6,1,1,Summer Vacation,12.1,sunny,5
mysore_palace,2026-05-03,18488,6,1,1,Summer Vacation,34.2,sunny,5
kempty_falls,2026-05-03,11000,6,1,1,Summer Vacation,38.2,sunny,5
robbers_cave,2026-05-03,5500,6,1,1,Summer Vacation,34.9,rainy,5
taj_mahal,2026-05-04,15125,0,0,1,Summer Vacation,38.4,cloudy,5
jaipur_city_palace,2026-05-04,11660,0,0,1,Summer Vacation,36.0,cloudy,5
goa_baga_beach,2026-05-04,16774,0,0,1,Summer Vacation,37.4,cloudy,5
kerala_backwaters,2026-05-04,5721,0,0,1,Summer Vacation,36.8,extreme_heat,5
varanasi_ghats,2026-05-04,13232,0,0,1,Summer Vacation,38.2,cloudy,5
hampi_ruins,2026-05-04,4138,0,0,1,Summer Vacation,39.6,rainy,5
manali,2026-05-04,21504,0,0,1,Summer Vacation,10.7,sunny,5
mysore_palace,2026-05-04,8090,0,0,1,Summer Vacation,39.4,extreme_heat,5
kempty_falls,2026-05-04,9249,0,0,1,Summer Vacation,41.4,sunny,5
robbers_cave,2026-05-04,5500,0,0,1,Summer Vacation,39.7,cloudy,5
taj_mahal,2026-05-05,20932,1,0,1,Summer Vacation,37.2,sunny,5
jaipur_city_palace,2026-05-05,11327,1,0,1,Summer Vacation,39.0,cloudy,5
goa_baga_beach,2026-05-05,9130,1,0,1,Summer Vacation,31.6,extreme_heat,5
kerala_backwaters,2026-05-05,7440,1,0,1,Summer Vacation,41.8,cloudy,5
varanasi_ghats,2026-05-05,14541,1,0,1,Summer Vacation,34.1,sunny,5
hampi_ruins,2026-05-05,4601,1,0,1,Summer Vacation,37.3,extreme_heat,5
manali,2026-05-05,16636,1,0,1,Summer Vacation,15.0,cloudy,5
mysore_palace,2026-05-05,8037,1,0,1,Summer Vacation,35.3,rainy,5
kempty_falls,2026-05-05,10250,1,0,1,Summer Vacation,40.9,sunny,5
robbers_cave,2026-05-05,5500,1,0,1,Summer Vacation,36.8,sunny,5
taj_mahal,2026-05-06,13585,2,0,1,Summer Vacation,41.4,extreme_heat,5
jaipur_city_palace,2026-05-06,8226,2,0,1,Summer Vacation,37.2,extreme_heat,5
goa_baga_beach,2026-05-06,14483,2,0,1,Summer Vacation,34.2,cloudy,5
kerala_backwaters,2026-05-06,8534,2,0,1,Summer Vacation,36.6,sunny,5
varanasi_ghats,2026-05-06,16263,2,0,1,Summer Vacation,40.5,sunny,5
hampi_ruins,2026-05-06,6921,2,0,1,Summer Vacation,38.8,sunny,5
manali,2026-05-06,14432,2,0,1,Summer Vacation,13.8,rainy,5
mysore_palace,2026-05-06,8463,2,0,1,Summer Vacation,35.9,extreme_heat,5
kempty_falls,2026-05-06,7122,2,0,1,Summer Vacation,38.2,rainy,5
robbers_cave,2026-05-06,3797,2,0,1,Summer Vacation,39.0,extreme_heat,5
taj_mahal,2026-05-07,13687,3,0,1,Summer Vacation,37.7,extreme_heat,5
jaipur_city_palace,2026-05-07,12542,3,0,1,Summer Vacation,41.9,sunny,5
goa_baga_beach,2026-05-07,17293,3,0,1,Summer Vacation,33.3,sunny,5
kerala_backwaters,2026-05-07,9121,3,0,1,Summer Vacation,41.7,sunny,5
varanasi_ghats,2026-05-07,8860,3,0,1,Summer Vacation,39.3,extreme_heat,5
hampi_ruins,2026-05-07,4531,3,0,1,Summer Vacation,40.0,extreme_heat,5
manali,2026-05-07,18780,3,0,1,Summer Vacation,14.0,cloudy,5
mysore_palace,2026-05-07,8493,3,0,1,Summer Vacation,35.7,extreme_heat,5
kempty_falls,2026-05-07,10126,3,0,1,Summer Vacation,39.4,sunny,5
robbers_cave,2026-05-07,5500,3,0,1,Summer Vacation,39.3,sunny,5
taj_mahal,2026-05-08,13781,4,0,1,Summer Vacation,39.9,extreme_heat,5
jaipur_city_palace,2026-05-08,12000,4,0,1,Summer Vacation,36.3,cloudy,5
goa_baga_beach,2026-05-08,16427,4,0,1,Summer Vacation,34.9,sunny,5
kerala_backwaters,2026-05-08,8359,4,0,1,Summer Vacation,37.1,sunny,5
varanasi_ghats,2026-05-08,13381,4,0,1,Summer Vacation,38.0,cloudy,5
hampi_ruins,2026-05-08,7057,4,0,1,Summer Vacation,37.2,sunny,5
manali,2026-05-08,12478,4,0,1,Summer Vacation,14.2,extreme_heat,5
mysore_palace,2026-05-08,11214,4,0,1,Summer Vacation,35.8,sunny,5
kempty_falls,2026-05-08,6401,4,0,1,Summer Vacation,37.8,rainy,5
robbers_cave,2026-05-08,5500,4,0,1,Summer Vacation,39.2,sunny,5
taj_mahal,2026-05-09,27873,5,1,1,Summer Vacation,38.2,cloudy,5
jaipur_city_palace,2026-05-09,12735,5,1,1,Summer Vacation,38.2,extreme_heat,5
goa_baga_beach,2026-05-09,17455,5,1,1,Summer Vacation,32.2,rainy,5
kerala_backwaters,2026-05-09,9295,5,1,1,Summer Vacation,42.2,cloudy,5
varanasi_ghats,2026-05-09,16522,5,1,1,Summer Vacation,39.9,extreme_heat,5
hampi_ruins,2026-05-09,6662,5,1,1,Summer Vacation,41.3,extreme_heat,5
manali,2026-05-09,20317,5,1,1,Summer Vacation,19.9,extreme_heat,5
mysore_palace,2026-05-09,13236,5,1,1,Summer Vacation,37.1,extreme_heat,5
kempty_falls,2026-05-09,11000,5,1,1,Summer Vacation,38.3,sunny,5
robbers_cave,2026-05-09,5500,5,1,1,Summer Vacation,40.8,cloudy,5
taj_mahal,2026-05-10,22945,6,1,1,Summer Vacation,39.9,extreme_heat,5
jaipur_city_palace,2026-05-10,14511,6,1,1,Summer Vacation,39.2,extreme_heat,5
goa_baga_beach,2026-05-10,27477,6,1,1,Summer Vacation,30.8,sunny,5
kerala_backwaters,2026-05-10,8775,6,1,1,Summer Vacation,36.2,extreme_heat,5
varanasi_ghats,2026-05-10,24632,6,1,1,Summer Vacation,38.3,sunny,5
hampi_ruins,2026-05-10,9268,6,1,1,Summer Vacation,33.6,cloudy,5
manali,2026-05-10,20509,6,1,1,Summer Vacation,17.0,extreme_heat,5
mysore_palace,2026-05-10,13299,6,1,1,Summer Vacation,37.9,extreme_heat,5
kempty_falls,2026-05-10,11000,6,1,1,Summer Vacation,36.2,sunny,5
robbers_cave,2026-05-10,5500,6,1,1,Summer Vacation,40.2,extreme_heat,5
taj_mahal,2026-05-11,20174,0,0,1,Summer Vacation,36.5,sunny,5
jaipur_city_palace,2026-05-11,9236,0,0,1,Summer Vacation,36.3,extreme_heat,5
goa_baga_beach,2026-05-11,16375,0,0,1,Summer Vacation,35.5,sunny,5
kerala_backwaters,2026-05-11,8447,0,0,1,Summer Vacation,35.1,sunny,5
varanasi_ghats,2026-05-11,10129,0,0,1,Summer Vacation,37.3,extreme_heat,5
hampi_ruins,2026-05-11,6074,0,0,1,Summer Vacation,36.9,sunny,5
manali,2026-05-11,11862,0,0,1,Summer Vacation,14.8,rainy,5
mysore_palace,2026-05-11,7399,0,0,1,Summer Vacation,36.5,extreme_heat,5
kempty_falls,2026-05-11,8806,0,0,1,Summer Vacation,34.3,cloudy,5
robbers_cave,2026-05-11,5500,0,0,1,Summer Vacation,38.0,sunny,5
taj_mahal,2026-05-12,20350,1,0,1,Summer Vacation,41.0,sunny,5
jaipur_city_palace,2026-05-12,8133,1,0,1,Summer Vacation,36.9,extreme_heat,5
goa_baga_beach,2026-05-12,14026,1,0,1,Summer Vacation,31.4,sunny,5
kerala_backwaters,2026-05-12,8101,1,0,1,Summer Vacation,38.3,cloudy,5
varanasi_ghats,2026-05-12,15805,1,0,1,Summer Vacation,35.4,cloudy,5
hampi_ruins,2026-05-12,4409,1,0,1,Summer Vacation,41.0,extreme_heat,5
manali,2026-05-12,19158,1,0,1,Summer Vacation,15.3,sunny,5
mysore_palace,2026-05-12,10728,1,0,1,Summer Vacation,34.5,cloudy,5
kempty_falls,2026-05-12,6720,1,0,1,Summer Vacation,35.1,extreme_heat,5
robbers_cave,2026-05-12,4550,1,0,1,Summer Vacation,38.0,extreme_heat,5
taj_mahal,2026-05-13,17508,2,0,1,Summer Vacation,35.4,sunny,5
jaipur_city_palace,2026-05-13,12210,2,0,1,Summer Vacation,40.5,sunny,5
goa_baga_beach,2026-05-13,17543,2,0,1,Summer Vacation,35.1,sunny,5
kerala_backwaters,2026-05-13,8123,2,0,1,Summer Vacation,34.7,cloudy,5
varanasi_ghats,2026-05-13,16154,2,0,1,Summer Vacation,37.9,sunny,5
hampi_ruins,2026-05-13,4467,2,0,1,Summer Vacation,40.1,extreme_heat,5
manali,2026-05-13,17005,2,0,1,Summer Vacation,20.5,sunny,5
mysore_palace,2026-05-13,12709,2,0,1,Summer Vacation,37.5,sunny,5
kempty_falls,2026-05-13,5597,2,0,1,Summer Vacation,37.0,rainy,5
robbers_cave,2026-05-13,5441,2,0,1,Summer Vacation,40.2,cloudy,5
taj_mahal,2026-05-14,12949,3,0,1,Summer Vacation,42.3,sunny,5
jaipur_city_palace,2026-05-14,13815,3,0,1,Summer Vacation,37.8,cloudy,5
goa_baga_beach,2026-05-14,17366,3,0,1,Summer Vacation,34.8,sunny,5
kerala_backwaters,2026-05-14,5520,3,0,1,Summer Vacation,36.7,extreme_heat,5
varanasi_ghats,2026-05-14,14222,3,0,1,Summer Vacation,39.0,sunny,5
hampi_ruins,2026-05-14,7469,3,0,1,Summer Vacation,39.2,sunny,5
manali,2026-05-14,19481,3,0,1,Summer Vacation,13.9,cloudy,5
mysore_palace,2026-05-14,6839,3,0,1,Summer Vacation,40.6,rainy,5
kempty_falls,2026-05-14,9505,3,0,1,Summer Vacation,36.2,cloudy,5
robbers_cave,2026-05-14,3920,3,0,1,Summer Vacation,37.9,rainy,5
taj_mahal,2026-05-15,12404,4,0,1,Summer Vacation,39.6,extreme_heat,5
jaipur_city_palace,2026-05-15,8966,4,0,1,Summer Vacation,38.3,extreme_heat,5
goa_baga_beach,2026-05-15,14214,4,0,1,Summer Vacation,31.6,sunny,5
kerala_backwaters,2026-05-15,7612,4,0,1,Summer Vacation,37.1,sunny,5
varanasi_ghats,2026-05-15,8953,4,0,1,Summer Vacation,40.1,extreme_heat,5
hampi_ruins,2026-05-15,4651,4,0,1,Summer Vacation,35.0,extreme_heat,5
manali,2026-05-15,14615,4,0,1,Summer Vacation,18.6,extreme_heat,5
mysore_palace,2026-05-15,11622,4,0,1,Summer Vacation,36.3,cloudy,5
kempty_falls,2026-05-15,10237,4,0,1,Summer Vacation,40.8,cloudy,5
robbers_cave,2026-05-15,5500,4,0,1,Summer Vacation,34.2,sunny,5
taj_mahal,2026-05-16,26319,5,1,1,Summer Vacation,37.6,sunny,5
jaipur_city_palace,2026-05-16,14169,5,1,1,Summer Vacation,38.9,extreme_heat,5
goa_baga_beach,2026-05-16,15399,5,1,1,Summer Vacation,36.2,extreme_heat,5
kerala_backwaters,2026-05-16,13426,5,1,1,Summer Vacation,35.7,cloudy,5
varanasi_ghats,2026-05-16,16383,5,1,1,Summer Vacation,39.8,extreme_heat,5
hampi_ruins,2026-05-16,6607,5,1,1,Summer Vacation,40.6,extreme_heat,5
manali,2026-05-16,23040,5,1,1,Summer Vacation,13.8,extreme_heat,5
mysore_palace,2026-05-16,8803,5,1,1,Summer Vacation,40.2,rainy,5
kempty_falls,2026-05-16,10076,5,1,1,Summer Vacation,36.7,extreme_heat,5
robbers_cave,2026-05-16,5500,5,1,1,Summer Vacation,38.1,cloudy,5
taj_mahal,2026-05-17,20044,6,1,1,Summer Vacation,38.0,extreme_heat,5
jaipur_city_palace,2026-05-17,11606,6,1,1,Summer Vacation,41.7,extreme_heat,5
goa_baga_beach,2026-05-17,18973,6,1,1,Summer Vacation,36.6,extreme_heat,5
kerala_backwaters,2026-05-17,13433,6,1,1,Summer Vacation,36.6,sunny,5
varanasi_ghats,2026-05-17,21243,6,1,1,Summer Vacation,40.0,cloudy,5
hampi_ruins,2026-05-17,8553,6,1,1,Summer Vacation,38.5,sunny,5
manali,2026-05-17,24200,6,1,1,Summer Vacation,14.8,sunny,5
mysore_palace,2026-05-17,21266,6,1,1,Summer Vacation,38.5,sunny,5
kempty_falls,2026-05-17,11000,6,1,1,Summer Vacation,35.8,extreme_heat,5
robbers_cave,2026-05-17,5500,6,1,1,Summer Vacation,37.6,rainy,5
taj_mahal,2026-05-18,19223,0,0,1,Summer Vacation,37.4,cloudy,5
jaipur_city_palace,2026-05-18,9021,0,0,1,Summer Vacation,38.8,extreme_heat,5
goa_baga_beach,2026-05-18,15334,0,0,1,Summer Vacation,34.9,sunny,5
kerala_backwaters,2026-05-18,6861,0,0,1,Summer Vacation,39.6,sunny,5
varanasi_ghats,2026-05-18,10460,0,0,1,Summer Vacation,41.7,extreme_heat,5
hampi_ruins,2026-05-18,4144,0,0,1,Summer Vacation,35.5,extreme_heat,5
manali,2026-05-18,19005,0,0,1,Summer Vacation,17.3,sunny,5
mysore_palace,2026-05-18,12308,0,0,1,Summer Vacation,36.5,sunny,5
kempty_falls,2026-05-18,9573,0,0,1,Summer Vacation,37.0,sunny,5
robbers_cave,2026-05-18,4004,0,0,1,Summer Vacation,37.3,rainy,5
taj_mahal,2026-05-19,15817,1,0,1,Summer Vacation,36.2,extreme_heat,5
jaipur_city_palace,2026-05-19,8106,1,0,1,Summer Vacation,38.4,rainy,5
goa_baga_beach,2026-05-19,17829,1,0,1,Summer Vacation,34.0,sunny,5
kerala_backwaters,2026-05-19,5454,1,0,1,Summer Vacation,40.0,rainy,5
varanasi_ghats,2026-05-19,10304,1,0,1,Summer Vacation,36.9,extreme_heat,5
hampi_ruins,2026-05-19,5734,1,0,1,Summer Vacation,38.5,cloudy,5
manali,2026-05-19,15400,1,0,1,Summer Vacation,18.3,sunny,5
mysore_palace,2026-05-19,8603,1,0,1,Summer Vacation,37.7,extreme_heat,5
kempty_falls,2026-05-19,10296,1,0,1,Summer Vacation,36.8,sunny,5
robbers_cave,2026-05-19,5500,1,0,1,Summer Vacation,34.5,sunny,5
taj_mahal,2026-05-20,14835,2,0,1,Summer Vacation,41.2,extreme_heat,5
jaipur_city_palace,2026-05-20,9311,2,0,1,Summer Vacation,36.5,extreme_heat,5
goa_baga_beach,2026-05-20,10770,2,0,1,Summer Vacation,34.1,rainy,5
kerala_backwaters,2026-05-20,5756,2,0,1,Summer Vacation,38.4,extreme_heat,5
varanasi_ghats,2026-05-20,11899,2,0,1,Summer Vacation,37.1,cloudy,5
hampi_ruins,2026-05-20,3606,2,0,1,Summer Vacation,35.6,extreme_heat,5
manali,2026-05-20,18363,2,0,1,Summer Vacation,12.0,cloudy,5
mysore_palace,2026-05-20,9057,2,0,1,Summer Vacation,37.4,extreme_heat,5
kempty_falls,2026-05-20,8340,2,0,1,Summer Vacation,35.1,cloudy,5
robbers_cave,2026-05-20,3946,2,0,1,Summer Vacation,40.6,extreme_heat,5
taj_mahal,2026-05-21,16954,3,0,1,Summer Vacation,36.9,sunny,5
jaipur_city_palace,2026-05-21,9154,3,0,1,Summer Vacation,38.8,extreme_heat,5
goa_baga_beach,2026-05-21,12461,3,0,1,Summer Vacation,34.0,cloudy,5
kerala_backwaters,2026-05-21,5896,3,0,1,Summer Vacation,37.5,extreme_heat,5
varanasi_ghats,2026-05-21,9191,3,0,1,Summer Vacation,37.5,extreme_heat,5
hampi_ruins,2026-05-21,5222,3,0,1,Summer Vacation,40.4,extreme_heat,5
manali,2026-05-21,19591,3,0,1,Summer Vacation,16.1,sunny,5
mysore_palace,2026-05-21,11899,3,0,1,Summer Vacation,38.7,cloudy,5
kempty_falls,2026-05-21,7107,3,0,1,Summer Vacation,34.5,extreme_heat,5
robbers_cave,2026-05-21,4676,3,0,1,Summer Vacation,38.1,extreme_heat,5
taj_mahal,2026-05-22,11073,4,0,1,Summer Vacation,39.8,rainy,5
jaipur_city_palace,2026-05-22,7362,4,0,1,Summer Vacation,39.5,extreme_heat,5
goa_baga_beach,2026-05-22,13423,4,0,1,Summer Vacation,35.2,sunny,5
kerala_backwaters,2026-05-22,5694,4,0,1,Summer Vacation,38.9,extreme_heat,5
varanasi_ghats,2026-05-22,9705,4,0,1,Summer Vacation,35.9,extreme_heat,5
hampi_ruins,2026-05-22,6162,4,0,1,Summer Vacation,40.3,cloudy,5
manali,2026-05-22,20770,4,0,1,Summer Vacation,16.8,cloudy,5
mysore_palace,2026-05-22,9738,4,0,1,Summer Vacation,36.4,cloudy,5
kempty_falls,2026-05-22,7059,4,0,1,Summer Vacation,35.2,extreme_heat,5
robbers_cave,2026-05-22,5500,4,0,1,Summer Vacation,41.4,sunny,5
taj_mahal,2026-05-23,20985,5,1,1,Summer Vacation,38.6,extreme_heat,5
jaipur_city_palace,2026-05-23,18667,5,1,1,Summer Vacation,37.7,sunny,5
goa_baga_beach,2026-05-23,23315,5,1,1,Summer Vacation,32.6,sunny,5
kerala_backwaters,2026-05-23,12750,5,1,1,Summer Vacation,37.2,cloudy,5
varanasi_ghats,2026-05-23,21490,5,1,1,Summer Vacation,39.0,cloudy,5
hampi_ruins,2026-05-23,6616,5,1,1,Summer Vacation,37.2,extreme_heat,5
manali,2026-05-23,18095,5,1,1,Summer Vacation,17.1,extreme_heat,5
mysore_palace,2026-05-23,11886,5,1,1,Summer Vacation,36.5,rainy,5
kempty_falls,2026-05-23,10435,5,1,1,Summer Vacation,35.0,extreme_heat,5
robbers_cave,2026-05-23,5500,5,1,1,Summer Vacation,37.1,cloudy,5
taj_mahal,2026-05-24,23274,6,1,1,Summer Vacation,38.3,extreme_heat,5
jaipur_city_palace,2026-05-24,15844,6,1,1,Summer Vacation,35.8,cloudy,5
goa_baga_beach,2026-05-24,19923,6,1,1,Summer Vacation,33.2,extreme_heat,5
kerala_backwaters,2026-05-24,13640,6,1,1,Summer Vacation,34.4,sunny,5
varanasi_ghats,2026-05-24,17342,6,1,1,Summer Vacation,34.8,extreme_heat,5
hampi_ruins,2026-05-24,6393,6,1,1,Summer Vacation,35.4,extreme_heat,5
manali,2026-05-24,24200,6,1,1,Summer Vacation,18.8,sunny,5
mysore_palace,2026-05-24,14389,6,1,1,Summer Vacation,35.5,extreme_heat,5
kempty_falls,2026-05-24,10350,6,1,1,Summer Vacation,36.5,extreme_heat,5
robbers_cave,2026-05-24,5500,6,1,1,Summer Vacation,41.1,extreme_heat,5
taj_mahal,2026-05-25,12824,0,0,1,Summer Vacation,37.2,extreme_heat,5
jaipur_city_palace,2026-05-25,12937,0,0,1,Summer Vacation,38.5,cloudy,5
goa_baga_beach,2026-05-25,16532,0,0,1,Summer Vacation,35.2,sunny,5
kerala_backwaters,2026-05-25,6574,0,0,1,Summer Vacation,37.3,extreme_heat,5
varanasi_ghats,2026-05-25,10628,0,0,1,Summer Vacation,36.7,extreme_heat,5
hampi_ruins,2026-05-25,6082,0,0,1,Summer Vacation,37.6,cloudy,5
manali,2026-05-25,17002,0,0,1,Summer Vacation,13.7,cloudy,5
mysore_palace,2026-05-25,12044,0,0,1,Summer Vacation,37.4,sunny,5
kempty_falls,2026-05-25,6466,0,0,1,Summer Vacation,35.1,rainy,5
robbers_cave,2026-05-25,3695,0,0,1,Summer Vacation,39.5,extreme_heat,5
taj_mahal,2026-05-26,13430,1,0,1,Summer Vacation,37.9,extreme_heat,5
jaipur_city_palace,2026-05-26,8719,1,0,1,Summer Vacation,36.2,extreme_heat,5
goa_baga_beach,2026-05-26,16229,1,0,1,Summer Vacation,33.4,cloudy,5
kerala_backwaters,2026-05-26,5319,1,0,1,Summer Vacation,39.1,extreme_heat,5
varanasi_ghats,2026-05-26,11086,1,0,1,Summer Vacation,40.2,extreme_heat,5
hampi_ruins,2026-05-26,4330,1,0,1,Summer Vacation,38.1,extreme_heat,5
manali,2026-05-26,12374,1,0,1,Summer Vacation,20.6,extreme_heat,5
mysore_palace,2026-05-26,12669,1,0,1,Summer Vacation,37.3,sunny,5
kempty_falls,2026-05-26,9914,1,0,1,Summer Vacation,35.3,sunny,5
robbers_cave,2026-05-26,4633,1,0,1,Summer Vacation,40.5,extreme_heat,5
taj_mahal,2026-05-27,13079,2,0,1,Summer Vacation,38.7,rainy,5
jaipur_city_palace,2026-05-27,13536,2,0,1,Summer Vacation,35.3,sunny,5
goa_baga_beach,2026-05-27,10237,2,0,1,Summer Vacation,33.4,extreme_heat,5
kerala_backwaters,2026-05-27,5844,2,0,1,Summer Vacation,40.6,extreme_heat,5
varanasi_ghats,2026-05-27,9551,2,0,1,Summer Vacation,38.4,extreme_heat,5
hampi_ruins,2026-05-27,5761,2,0,1,Summer Vacation,37.2,cloudy,5
manali,2026-05-27,15554,2,0,1,Summer Vacation,13.1,cloudy,5
mysore_palace,2026-05-27,8399,2,0,1,Summer Vacation,39.7,extreme_heat,5
kempty_falls,2026-05-27,6879,2,0,1,Summer Vacation,39.6,extreme_heat,5
robbers_cave,2026-05-27,3808,2,0,1,Summer Vacation,33.8,extreme_heat,5
taj_mahal,2026-05-28,15803,3,0,1,Summer Vacation,35.7,extreme_heat,5
jaipur_city_palace,2026-05-28,11275,3,0,1,Summer Vacation,38.9,cloudy,5
goa_baga_beach,2026-05-28,10429,3,0,1,Summer Vacation,33.0,rainy,5
kerala_backwaters,2026-05-28,7563,3,0,1,Summer Vacation,36.1,cloudy,5
varanasi_ghats,2026-05-28,13758,3,0,1,Summer Vacation,40.1,sunny,5
hampi_ruins,2026-05-28,3925,3,0,1,Summer Vacation,39.4,rainy,5
manali,2026-05-28,14985,3,0,1,Summer Vacation,17.5,extreme_heat,5
mysore_palace,2026-05-28,6967,3,0,1,Summer Vacation,39.4,extreme_heat,5
kempty_falls,2026-05-28,6863,3,0,1,Summer Vacation,38.4,extreme_heat,5
robbers_cave,2026-05-28,5432,3,0,1,Summer Vacation,32.0,sunny,5
taj_mahal,2026-05-29,11994,4,0,1,Summer Vacation,39.4,rainy,5
jaipur_city_palace,2026-05-29,8504,4,0,1,Summer Vacation,38.9,rainy,5
goa_baga_beach,2026-05-29,14558,4,0,1,Summer Vacation,33.2,sunny,5
kerala_backwaters,2026-05-29,5802,4,0,1,Summer Vacation,41.2,rainy,5
varanasi_ghats,2026-05-29,13598,4,0,1,Summer Vacation,38.8,sunny,5
hampi_ruins,2026-05-29,6580,4,0,1,Summer Vacation,38.2,cloudy,5
manali,2026-05-29,12948,4,0,1,Summer Vacation,21.3,extreme_heat,5
mysore_palace,2026-05-29,10796,4,0,1,Summer Vacation,35.6,sunny,5
kempty_falls,2026-05-29,7227,4,0,1,Summer Vacation,32.2,extreme_heat,5
robbers_cave,2026-05-29,5099,4,0,1,Summer Vacation,38.2,sunny,5
taj_mahal,2026-05-30,28220,5,1,1,Summer Vacation,40.1,sunny,5
jaipur_city_palace,2026-05-30,13640,5,1,1,Summer Vacation,33.6,extreme_heat,5
goa_baga_beach,2026-05-30,17382,5,1,1,Summer Vacation,32.9,extreme_heat,5
kerala_backwaters,2026-05-30,11122,5,1,1,Summer Vacation,38.3,cloudy,5
varanasi_ghats,2026-05-30,16220,5,1,1,Summer Vacation,35.6,extreme_heat,5
hampi_ruins,2026-05-30,9172,5,1,1,Summer Vacation,39.0,sunny,5
manali,2026-05-30,24200,5,1,1,Summer Vacation,16.4,sunny,5
mysore_palace,2026-05-30,16289,5,1,1,Summer Vacation,43.2,sunny,5
kempty_falls,2026-05-30,9273,5,1,1,Summer Vacation,35.5,extreme_heat,5
robbers_cave,2026-05-30,5500,5,1,1,Summer Vacation,38.6,extreme_heat,5
taj_mahal,2026-05-31,17756,6,1,1,Summer Vacation,39.9,extreme_heat,5
jaipur_city_palace,2026-05-31,13616,6,1,1,Summer Vacation,39.3,extreme_heat,5
goa_baga_beach,2026-05-31,23637,6,1,1,Summer Vacation,32.2,sunny,5
kerala_backwaters,2026-05-31,14922,6,1,1,Summer Vacation,38.8,cloudy,5
varanasi_ghats,2026-05-31,22881,6,1,1,Summer Vacation,40.8,cloudy,5
hampi_ruins,2026-05-31,7574,6,1,1,Summer Vacation,37.2,extreme_heat,5
manali,2026-05-31,24200,6,1,1,Summer Vacation,15.4,cloudy,5
mysore_palace,2026-05-31,19148,6,1,1,Summer Vacation,40.7,cloudy,5
kempty_falls,2026-05-31,11000,6,1,1,Summer Vacation,36.6,sunny,5
robbers_cave,2026-05-31,5500,6,1,1,Summer Vacation,36.7,sunny,5
taj_mahal,2026-06-01,16800,0,0,1,Summer Vacation,37.7,cloudy,6
jaipur_city_palace,2026-06-01,9714,0,0,1,Summer Vacation,34.7,extreme_heat,6
goa_baga_beach,2026-06-01,10914,0,0,1,Summer Vacation,29.9,rainy,6
kerala_backwaters,2026-06-01,5149,0,0,1,Summer Vacation,40.3,rainy,6
varanasi_ghats,2026-06-01,9329,0,0,1,Summer Vacation,35.0,rainy,6
hampi_ruins,2026-06-01,4081,0,0,1,Summer Vacation,36.6,rainy,6
manali,2026-06-01,17113,0,0,1,Summer Vacation,20.2,cloudy,6
mysore_palace,2026-06-01,11717,0,0,1,Summer Vacation,35.7,sunny,6
kempty_falls,2026-06-01,6345,0,0,1,Summer Vacation,35.6,rainy,6
robbers_cave,2026-06-01,4333,0,0,1,Summer Vacation,35.1,rainy,6
taj_mahal,2026-06-02,18887,1,0,1,Summer Vacation,32.9,sunny,6
jaipur_city_palace,2026-06-02,8749,1,0,1,Summer Vacation,34.7,extreme_heat,6
goa_baga_beach,2026-06-02,15564,1,0,1,Summer Vacation,30.5,sunny,6
kerala_backwaters,2026-06-02,4673,1,0,1,Summer Vacation,33.4,rainy,6
varanasi_ghats,2026-06-02,15239,1,0,1,Summer Vacation,34.7,cloudy,6
hampi_ruins,2026-06-02,3798,1,0,1,Summer Vacation,40.7,rainy,6
manali,2026-06-02,14251,1,0,1,Summer Vacation,21.0,rainy,6
mysore_palace,2026-06-02,7990,1,0,1,Summer Vacation,33.9,rainy,6
kempty_falls,2026-06-02,6119,1,0,1,Summer Vacation,37.8,rainy,6
robbers_cave,2026-06-02,3524,1,0,1,Summer Vacation,37.2,rainy,6
taj_mahal,2026-06-03,11515,2,0,1,Summer Vacation,38.7,rainy,6
jaipur_city_palace,2026-06-03,13410,2,0,1,Summer Vacation,37.8,sunny,6
goa_baga_beach,2026-06-03,16110,2,0,1,Summer Vacation,33.2,sunny,6
kerala_backwaters,2026-06-03,5884,2,0,1,Summer Vacation,30.7,rainy,6
varanasi_ghats,2026-06-03,15775,2,0,1,Summer Vacation,38.7,sunny,6
hampi_ruins,2026-06-03,4425,2,0,1,Summer Vacation,38.0,rainy,6
manali,2026-06-03,13288,2,0,1,Summer Vacation,20.9,rainy,6
mysore_palace,2026-06-03,11254,2,0,1,Summer Vacation,34.5,cloudy,6
kempty_falls,2026-06-03,6440,2,0,1,Summer Vacation,35.9,rainy,6
robbers_cave,2026-06-03,5500,2,0,1,Summer Vacation,37.6,cloudy,6
taj_mahal,2026-06-04,17689,3,0,1,Summer Vacation,34.2,cloudy,6
jaipur_city_palace,2026-06-04,11341,3,0,1,Summer Vacation,37.3,cloudy,6
goa_baga_beach,2026-06-04,8818,3,0,1,Summer Vacation,29.3,rainy,6
kerala_backwaters,2026-06-04,5692,3,0,1,Summer Vacation,37.4,rainy,6
varanasi_ghats,2026-06-04,9813,3,0,1,Summer Vacation,39.9,rainy,6
hampi_ruins,2026-06-04,6289,3,0,1,Summer Vacation,35.1,cloudy,6
manali,2026-06-04,11472,3,0,1,Summer Vacation,20.0,rainy,6
mysore_palace,2026-06-04,7752,3,0,1,Summer Vacation,36.4,extreme_heat,6
kempty_falls,2026-06-04,6933,3,0,1,Summer Vacation,31.1,rainy,6
robbers_cave,2026-06-04,4219,3,0,1,Summer Vacation,36.2,rainy,6
taj_mahal,2026-06-05,17391,4,0,1,Summer Vacation,37.0,cloudy,6
jaipur_city_palace,2026-06-05,8519,4,0,1,Summer Vacation,37.1,rainy,6
goa_baga_beach,2026-06-05,11095,4,0,1,Summer Vacation,31.2,rainy,6
kerala_backwaters,2026-06-05,7330,4,0,1,Summer Vacation,35.5,cloudy,6
varanasi_ghats,2026-06-05,8835,4,0,1,Summer Vacation,35.5,rainy,6
hampi_ruins,2026-06-05,3358,4,0,1,Summer Vacation,36.9,rainy,6
manali,2026-06-05,14020,4,0,1,Summer Vacation,21.1,extreme_heat,6
mysore_palace,2026-06-05,11220,4,0,1,Summer Vacation,38.0,cloudy,6
kempty_falls,2026-06-05,9617,4,0,1,Summer Vacation,34.3,sunny,6
robbers_cave,2026-06-05,4154,4,0,1,Summer Vacation,32.0,rainy,6
taj_mahal,2026-06-06,29997,5,1,1,Summer Vacation,39.0,sunny,6
jaipur_city_palace,2026-06-06,11372,5,1,1,Summer Vacation,37.0,rainy,6
goa_baga_beach,2026-06-06,16865,5,1,1,Summer Vacation,26.7,rainy,6
kerala_backwaters,2026-06-06,8535,5,1,1,Summer Vacation,34.7,rainy,6
varanasi_ghats,2026-06-06,14673,5,1,1,Summer Vacation,36.5,rainy,6
hampi_ruins,2026-06-06,6677,5,1,1,Summer Vacation,35.2,rainy,6
manali,2026-06-06,19565,5,1,1,Summer Vacation,19.2,rainy,6
mysore_palace,2026-06-06,12689,5,1,1,Summer Vacation,32.7,rainy,6
kempty_falls,2026-06-06,11000,5,1,1,Summer Vacation,34.4,sunny,6
robbers_cave,2026-06-06,5500,5,1,1,Summer Vacation,33.6,cloudy,6
taj_mahal,2026-06-07,27398,6,1,1,Summer Vacation,34.3,cloudy,6
jaipur_city_palace,2026-06-07,20247,6,1,1,Summer Vacation,39.5,cloudy,6
goa_baga_beach,2026-06-07,16130,6,1,1,Summer Vacation,31.6,extreme_heat,6
kerala_backwaters,2026-06-07,8320,6,1,1,Summer Vacation,34.3,rainy,6
varanasi_ghats,2026-06-07,19809,6,1,1,Summer Vacation,37.4,cloudy,6
hampi_ruins,2026-06-07,9688,6,1,1,Summer Vacation,35.3,sunny,6
manali,2026-06-07,20427,6,1,1,Summer Vacation,18.8,rainy,6
mysore_palace,2026-06-07,12953,6,1,1,Summer Vacation,36.3,extreme_heat,6
kempty_falls,2026-06-07,9243,6,1,1,Summer Vacation,38.2,rainy,6
robbers_cave,2026-06-07,5500,6,1,1,Summer Vacation,35.4,cloudy,6
taj_mahal,2026-06-08,12979,0,0,1,Summer Vacation,38.9,rainy,6
jaipur_city_palace,2026-06-08,8641,0,0,1,Summer Vacation,38.7,extreme_heat,6
goa_baga_beach,2026-06-08,15518,0,0,1,Summer Vacation,35.5,cloudy,6
kerala_backwaters,2026-06-08,7540,0,0,1,Summer Vacation,37.8,cloudy,6
varanasi_ghats,2026-06-08,9240,0,0,1,Summer Vacation,34.0,rainy,6
hampi_ruins,2026-06-08,5461,0,0,1,Summer Vacation,36.2,sunny,6
manali,2026-06-08,11956,0,0,1,Summer Vacation,21.8,rainy,6
mysore_palace,2026-06-08,7601,0,0,1,Summer Vacation,33.4,rainy,6
kempty_falls,2026-06-08,6064,0,0,1,Summer Vacation,38.5,rainy,6
robbers_cave,2026-06-08,5500,0,0,1,Summer Vacation,32.5,cloudy,6
taj_mahal,2026-06-09,12780,1,0,1,Summer Vacation,37.5,rainy,6
jaipur_city_palace,2026-06-09,8205,1,0,1,Summer Vacation,34.1,rainy,6
goa_baga_beach,2026-06-09,9309,1,0,1,Summer Vacation,31.3,rainy,6
kerala_backwaters,2026-06-09,8336,1,0,1,Summer Vacation,35.8,cloudy,6
varanasi_ghats,2026-06-09,13893,1,0,1,Summer Vacation,38.2,cloudy,6
hampi_ruins,2026-06-09,4662,1,0,1,Summer Vacation,38.2,rainy,6
manali,2026-06-09,14081,1,0,1,Summer Vacation,17.9,rainy,6
mysore_palace,2026-06-09,10032,1,0,1,Summer Vacation,34.6,cloudy,6
kempty_falls,2026-06-09,10425,1,0,1,Summer Vacation,40.7,cloudy,6
robbers_cave,2026-06-09,3792,1,0,1,Summer Vacation,36.2,rainy,6
taj_mahal,2026-06-10,13793,2,0,1,Summer Vacation,38.2,rainy,6
jaipur_city_palace,2026-06-10,12086,2,0,1,Summer Vacation,35.1,sunny,6
goa_baga_beach,2026-06-10,10599,2,0,1,Summer Vacation,30.4,rainy,6
kerala_backwaters,2026-06-10,6101,2,0,1,Summer Vacation,35.0,rainy,6
varanasi_ghats,2026-06-10,11178,2,0,1,Summer Vacation,36.2,extreme_heat,6
hampi_ruins,2026-06-10,3538,2,0,1,Summer Vacation,40.3,rainy,6
manali,2026-06-10,11727,2,0,1,Summer Vacation,18.6,rainy,6
mysore_palace,2026-06-10,6368,2,0,1,Summer Vacation,31.6,rainy,6
kempty_falls,2026-06-10,5952,2,0,1,Summer Vacation,37.9,rainy,6
robbers_cave,2026-06-10,5500,2,0,1,Summer Vacation,36.8,sunny,6
taj_mahal,2026-06-11,19496,3,0,1,Summer Vacation,33.6,cloudy,6
jaipur_city_palace,2026-06-11,8971,3,0,1,Summer Vacation,35.9,rainy,6
goa_baga_beach,2026-06-11,10676,3,0,1,Summer Vacation,27.4,rainy,6
kerala_backwaters,2026-06-11,8418,3,0,1,Summer Vacation,36.2,cloudy,6
varanasi_ghats,2026-06-11,9681,3,0,1,Summer Vacation,35.6,rainy,6
hampi_ruins,2026-06-11,3939,3,0,1,Summer Vacation,36.1,rainy,6
manali,2026-06-11,15739,3,0,1,Summer Vacation,20.4,cloudy,6
mysore_palace,2026-06-11,7565,3,0,1,Summer Vacation,38.3,rainy,6
kempty_falls,2026-06-11,8506,3,0,1,Summer Vacation,34.5,cloudy,6
robbers_cave,2026-06-11,5500,3,0,1,Summer Vacation,37.9,cloudy,6
taj_mahal,2026-06-12,13020,4,0,1,Summer Vacation,34.9,rainy,6
jaipur_city_palace,2026-06-12,11955,4,0,1,Summer Vacation,34.6,cloudy,6
goa_baga_beach,2026-06-12,13262,4,0,1,Summer Vacation,29.3,cloudy,6
kerala_backwaters,2026-06-12,8712,4,0,1,Summer Vacation,36.7,sunny,6
varanasi_ghats,2026-06-12,8887,4,0,1,Summer Vacation,36.3,rainy,6
hampi_ruins,2026-06-12,3876,4,0,1,Summer Vacation,36.5,rainy,6
manali,2026-06-12,11849,4,0,1,Summer Vacation,22.3,rainy,6
mysore_palace,2026-06-12,7388,4,0,1,Summer Vacation,32.6,rainy,6
kempty_falls,2026-06-12,9300,4,0,1,Summer Vacation,37.7,sunny,6
robbers_cave,2026-06-12,3903,4,0,1,Summer Vacation,32.9,rainy,6
taj_mahal,2026-06-13,29436,5,1,1,Summer Vacation,37.8,cloudy,6
jaipur_city_palace,2026-06-13,16169,5,1,1,Summer Vacation,34.1,cloudy,6
goa_baga_beach,2026-06-13,16655,5,1,1,Summer Vacation,29.4,extreme_heat,6
kerala_backwaters,2026-06-13,9366,5,1,1,Summer Vacation,32.4,rainy,6
varanasi_ghats,2026-06-13,15269,5,1,1,Summer Vacation,35.5,rainy,6
hampi_ruins,2026-06-13,7784,5,1,1,Summer Vacation,39.9,cloudy,6
manali,2026-06-13,24200,5,1,1,Summer Vacation,21.5,cloudy,6
mysore_palace,2026-06-13,12401,5,1,1,Summer Vacation,38.6,rainy,6
kempty_falls,2026-06-13,8839,5,1,1,Summer Vacation,33.9,rainy,6
robbers_cave,2026-06-13,5450,5,1,1,Summer Vacation,36.5,extreme_heat,6
taj_mahal,2026-06-14,19700,6,1,1,Summer Vacation,33.3,rainy,6
jaipur_city_palace,2026-06-14,14217,6,1,1,Summer Vacation,38.3,extreme_heat,6
goa_baga_beach,2026-06-14,14083,6,1,1,Summer Vacation,31.4,rainy,6
kerala_backwaters,2026-06-14,7825,6,1,1,Summer Vacation,41.6,rainy,6
varanasi_ghats,2026-06-14,17833,6,1,1,Summer Vacation,36.6,extreme_heat,6
hampi_ruins,2026-06-14,8284,6,1,1,Summer Vacation,37.9,cloudy,6
manali,2026-06-14,22441,6,1,1,Summer Vacation,20.9,rainy,6
mysore_palace,2026-06-14,16690,6,1,1,Summer Vacation,34.5,cloudy,6
kempty_falls,2026-06-14,11000,6,1,1,Summer Vacation,35.0,cloudy,6
robbers_cave,2026-06-14,5500,6,1,1,Summer Vacation,34.8,cloudy,6
taj_mahal,2026-06-15,18111,0,0,1,Summer Vacation,35.5,cloudy,6
jaipur_city_palace,2026-06-15,12282,0,0,1,Summer Vacation,34.2,sunny,6
goa_baga_beach,2026-06-15,15609,0,0,1,Summer Vacation,31.1,cloudy,6
kerala_backwaters,2026-06-15,5626,0,0,1,Summer Vacation,35.2,rainy,6
varanasi_ghats,2026-06-15,9572,0,0,1,Summer Vacation,35.0,rainy,6
hampi_ruins,2026-06-15,3754,0,0,1,Summer Vacation,33.3,rainy,6
manali,2026-06-15,19435,0,0,1,Summer Vacation,22.1,sunny,6
mysore_palace,2026-06-15,12301,0,0,1,Summer Vacation,36.6,sunny,6
kempty_falls,2026-06-15,6250,0,0,1,Summer Vacation,37.0,rainy,6
robbers_cave,2026-06-15,4610,0,0,1,Summer Vacation,34.7,extreme_heat,6
taj_mahal,2026-06-16,8000,1,0,0,,38.2,rainy,6
jaipur_city_palace,2026-06-16,8544,1,0,0,,34.1,cloudy,6
goa_baga_beach,2026-06-16,6167,1,0,0,,26.3,rainy,6
kerala_backwaters,2026-06-16,3713,1,0,0,,39.8,rainy,6
varanasi_ghats,2026-06-16,5972,1,0,0,,40.8,rainy,6
hampi_ruins,2026-06-16,2563,1,0,0,,34.6,rainy,6
manali,2026-06-16,8052,1,0,0,,18.9,rainy,6
mysore_palace,2026-06-16,4764,1,0,0,,36.9,rainy,6
kempty_falls,2026-06-16,4728,1,0,0,,38.8,rainy,6
robbers_cave,2026-06-16,2917,1,0,0,,34.7,extreme_heat,6
taj_mahal,2026-06-17,8032,2,0,0,,39.2,extreme_heat,6
jaipur_city_palace,2026-06-17,6527,2,0,0,,34.4,extreme_heat,6
goa_baga_beach,2026-06-17,8816,2,0,0,,29.2,cloudy,6
kerala_backwaters,2026-06-17,3419,2,0,0,,33.7,rainy,6
varanasi_ghats,2026-06-17,8925,2,0,0,,35.5,cloudy,6
hampi_ruins,2026-06-17,4124,2,0,0,,39.1,cloudy,6
manali,2026-06-17,6938,2,0,0,,13.1,rainy,6
mysore_palace,2026-06-17,4427,2,0,0,,38.5,rainy,6
kempty_falls,2026-06-17,6984,2,0,0,,36.6,sunny,6
robbers_cave,2026-06-17,2456,2,0,0,,35.2,extreme_heat,6
taj_mahal,2026-06-18,7863,3,0,0,,37.5,rainy,6
jaipur_city_palace,2026-06-18,7945,3,0,0,,34.8,cloudy,6
goa_baga_beach,2026-06-18,7108,3,0,0,,27.5,rainy,6
kerala_backwaters,2026-06-18,3295,3,0,0,,35.9,extreme_heat,6
varanasi_ghats,2026-06-18,8775,3,0,0,,33.1,cloudy,6
hampi_ruins,2026-06-18,4849,3,0,0,,36.7,sunny,6
manali,2026-06-18,11884,3,0,0,,18.5,sunny,6
mysore_palace,2026-06-18,4653,3,0,0,,38.2,rainy,6
kempty_falls,2026-06-18,6819,3,0,0,,40.1,sunny,6
robbers_cave,2026-06-18,3757,3,0,0,,38.9,cloudy,6
taj_mahal,2026-06-19,11079,4,0,0,,30.5,sunny,6
jaipur_city_palace,2026-06-19,8385,4,0,0,,37.1,cloudy,6
goa_baga_beach,2026-06-19,9326,4,0,0,,31.8,cloudy,6
kerala_backwaters,2026-06-19,3451,4,0,0,,35.9,rainy,6
varanasi_ghats,2026-06-19,7727,4,0,0,,35.4,cloudy,6
hampi_ruins,2026-06-19,4101,4,0,0,,33.4,cloudy,6
manali,2026-06-19,6432,4,0,0,,19.4,rainy,6
mysore_palace,2026-06-19,4372,4,0,0,,36.5,rainy,6
kempty_falls,2026-06-19,3776,4,0,0,,35.1,rainy,6
robbers_cave,2026-06-19,3355,4,0,0,,36.2,cloudy,6
taj_mahal,2026-06-20,11608,5,1,0,,38.0,rainy,6
jaipur_city_palace,2026-06-20,6832,5,1,0,,40.7,rainy,6
goa_baga_beach,2026-06-20,9796,5,1,0,,29.2,extreme_heat,6
kerala_backwaters,2026-06-20,5540,5,1,0,,36.1,rainy,6
varanasi_ghats,2026-06-20,9232,5,1,0,,37.6,rainy,6
hampi_ruins,2026-06-20,3822,5,1,0,,34.4,rainy,6
manali,2026-06-20,11911,5,1,0,,19.0,rainy,6
mysore_palace,2026-06-20,7147,5,1,0,,39.4,rainy,6
kempty_falls,2026-06-20,9445,5,1,0,,32.4,sunny,6
robbers_cave,2026-06-20,3953,5,1,0,,31.5,extreme_heat,6
taj_mahal,2026-06-21,15584,6,1,0,,34.1,sunny,6
jaipur_city_palace,2026-06-21,13243,6,1,0,,34.6,cloudy,6
goa_baga_beach,2026-06-21,16913,6,1,0,,34.5,sunny,6
kerala_backwaters,2026-06-21,9026,6,1,0,,41.5,sunny,6
varanasi_ghats,2026-06-21,13639,6,1,0,,33.5,cloudy,6
hampi_ruins,2026-06-21,6570,6,1,0,,36.5,sunny,6
manali,2026-06-21,15050,6,1,0,,19.1,rainy,6
mysore_palace,2026-06-21,10956,6,1,0,,40.6,cloudy,6
kempty_falls,2026-06-21,9742,6,1,0,,34.4,cloudy,6
robbers_cave,2026-06-21,4658,6,1,0,,38.2,rainy,6
taj_mahal,2026-06-22,9072,0,0,0,,35.5,rainy,6
jaipur_city_palace,2026-06-22,9095,0,0,0,,37.8,sunny,6
goa_baga_beach,2026-06-22,6711,0,0,0,,31.0,rainy,6
kerala_backwaters,2026-06-22,3419,0,0,0,,37.8,rainy,6
varanasi_ghats,2026-06-22,6755,0,0,0,,35.6,extreme_heat,6
hampi_ruins,2026-06-22,2717,0,0,0,,35.1,rainy,6
manali,2026-06-22,11428,0,0,0,,20.4,cloudy,6
mysore_palace,2026-06-22,4780,0,0,0,,35.4,rainy,6
kempty_falls,2026-06-22,5940,0,0,0,,34.0,sunny,6
robbers_cave,2026-06-22,2412,0,0,0,,31.9,rainy,6
taj_mahal,2026-06-23,13801,1,0,0,,38.9,sunny,6
jaipur_city_palace,2026-06-23,7392,1,0,0,,33.7,sunny,6
goa_baga_beach,2026-06-23,7017,1,0,0,,35.2,rainy,6
kerala_backwaters,2026-06-23,3655,1,0,0,,36.9,rainy,6
varanasi_ghats,2026-06-23,6222,1,0,0,,38.7,rainy,6
hampi_ruins,2026-06-23,2545,1,0,0,,37.0,rainy,6
manali,2026-06-23,7520,1,0,0,,16.3,rainy,6
mysore_palace,2026-06-23,4817,1,0,0,,34.2,rainy,6
kempty_falls,2026-06-23,3856,1,0,0,,36.5,rainy,6
robbers_cave,2026-06-23,2768,1,0,0,,38.0,rainy,6
taj_mahal,2026-06-24,8722,2,0,0,,37.7,rainy,6
jaipur_city_palace,2026-06-24,8138,2,0,0,,36.5,cloudy,6
goa_baga_beach,2026-06-24,6512,2,0,0,,29.8,rainy,6
kerala_backwaters,2026-06-24,4845,2,0,0,,34.3,cloudy,6
varanasi_ghats,2026-06-24,9549,2,0,0,,36.4,cloudy,6
hampi_ruins,2026-06-24,2595,2,0,0,,35.4,rainy,6
manali,2026-06-24,7178,2,0,0,,18.0,rainy,6
mysore_palace,2026-06-24,5117,2,0,0,,38.7,rainy,6
kempty_falls,2026-06-24,4353,2,0,0,,35.9,extreme_heat,6
robbers_cave,2026-06-24,2592,2,0,0,,37.2,rainy,6
taj_mahal,2026-06-25,7642,3,0,0,,38.4,rainy,6
jaipur_city_palace,2026-06-25,5317,3,0,0,,41.6,extreme_heat,6
goa_baga_beach,2026-06-25,6486,3,0,0,,30.4,rainy,6
kerala_backwaters,2026-06-25,3616,3,0,0,,35.0,extreme_heat,6
varanasi_ghats,2026-06-25,6560,3,0,0,,34.0,rainy,6
hampi_ruins,2026-06-25,3604,3,0,0,,38.2,sunny,6
manali,2026-06-25,12844,3,0,0,,20.2,sunny,6
mysore_palace,2026-06-25,7002,3,0,0,,37.3,cloudy,6
kempty_falls,2026-06-25,4412,3,0,0,,37.5,rainy,6
robbers_cave,2026-06-25,3940,3,0,0,,37.3,sunny,6
taj_mahal,2026-06-26,10783,4,0,0,,38.2,cloudy,6
jaipur_city_palace,2026-06-26,7184,4,0,0,,36.4,cloudy,6
goa_baga_beach,2026-06-26,10252,4,0,0,,28.0,cloudy,6
kerala_backwaters,2026-06-26,4634,4,0,0,,40.3,cloudy,6
varanasi_ghats,2026-06-26,5157,4,0,0,,40.1,rainy,6
hampi_ruins,2026-06-26,3025,4,0,0,,33.9,extreme_heat,6
manali,2026-06-26,8702,4,0,0,,15.2,rainy,6
mysore_palace,2026-06-26,5161,4,0,0,,30.3,rainy,6
kempty_falls,2026-06-26,3813,4,0,0,,34.3,rainy,6
robbers_cave,2026-06-26,2500,4,0,0,,30.7,rainy,6
taj_mahal,2026-06-27,17456,5,1,0,,33.6,cloudy,6
jaipur_city_palace,2026-06-27,8367,5,1,0,,36.5,rainy,6
goa_baga_beach,2026-06-27,10473,5,1,0,,32.6,rainy,6
kerala_backwaters,2026-06-27,5971,5,1,0,,37.5,rainy,6
varanasi_ghats,2026-06-27,10679,5,1,0,,34.5,extreme_heat,6
hampi_ruins,2026-06-27,4160,5,1,0,,34.4,extreme_heat,6
manali,2026-06-27,14063,5,1,0,,18.6,rainy,6
mysore_palace,2026-06-27,8319,5,1,0,,35.3,rainy,6
kempty_falls,2026-06-27,9053,5,1,0,,36.9,cloudy,6
robbers_cave,2026-06-27,4184,5,1,0,,34.4,extreme_heat,6
taj_mahal,2026-06-28,19596,6,1,0,,35.1,sunny,6
jaipur_city_palace,2026-06-28,8886,6,1,0,,33.9,rainy,6
goa_baga_beach,2026-06-28,9082,6,1,0,,30.7,rainy,6
kerala_backwaters,2026-06-28,5711,6,1,0,,35.0,rainy,6
varanasi_ghats,2026-06-28,15827,6,1,0,,36.7,cloudy,6
hampi_ruins,2026-06-28,4719,6,1,0,,33.0,extreme_heat,6
manali,2026-06-28,14458,6,1,0,,20.5,rainy,6
mysore_palace,2026-06-28,9992,6,1,0,,39.1,cloudy,6
kempty_falls,2026-06-28,9433,6,1,0,,36.3,cloudy,6
robbers_cave,2026-06-28,4625,6,1,0,,38.7,rainy,6
taj_mahal,2026-06-29,9131,0,0,0,,37.6,extreme_heat,6
jaipur_city_palace,2026-06-29,5233,0,0,0,,39.1,rainy,6
goa_baga_beach,2026-06-29,5704,0,0,0,,28.7,extreme_heat,6
kerala_backwaters,2026-06-29,3416,0,0,0,,36.3,rainy,6
varanasi_ghats,2026-06-29,10883,0,0,0,,38.1,sunny,6
hampi_ruins,2026-06-29,2368,0,0,0,,34.9,rainy,6
manali,2026-06-29,7801,0,0,0,,21.4,rainy,6
mysore_palace,2026-06-29,4266,0,0,0,,33.9,rainy,6
kempty_falls,2026-06-29,4550,0,0,0,,38.0,extreme_heat,6
robbers_cave,2026-06-29,2399,0,0,0,,38.2,rainy,6
taj_mahal,2026-06-30,10224,1,0,0,,38.8,rainy,6
jaipur_city_palace,2026-06-30,8307,1,0,0,,32.6,cloudy,6
goa_baga_beach,2026-06-30,8774,1,0,0,,29.9,cloudy,6
kerala_backwaters,2026-06-30,3357,1,0,0,,36.1,rainy,6
varanasi_ghats,2026-06-30,6337,1,0,0,,36.5,rainy,6
hampi_ruins,2026-06-30,2541,1,0,0,,38.9,extreme_heat,6
manali,2026-06-30,13447,1,0,0,,22.4,sunny,6
mysore_palace,2026-06-30,5392,1,0,0,,36.1,rainy,6
kempty_falls,2026-06-30,4954,1,0,0,,37.9,cloudy,6
robbers_cave,2026-06-30,3527,1,0,0,,37.4,cloudy,6
taj_mahal,2026-07-01,11309,2,0,0,,32.0,cloudy,7
jaipur_city_palace,2026-07-01,5571,2,0,0,,29.2,rainy,7
goa_baga_beach,2026-07-01,10945,2,0,0,,29.5,cloudy,7
kerala_backwaters,2026-07-01,3747,2,0,0,,30.2,rainy,7
varanasi_ghats,2026-07-01,8172,2,0,0,,31.5,cloudy,7
hampi_ruins,2026-07-01,2600,2,0,0,,33.2,rainy,7
manali,2026-07-01,4477,2,0,0,,19.2,rainy,7
mysore_palace,2026-07-01,7086,2,0,0,,34.2,cloudy,7
kempty_falls,2026-07-01,3630,2,0,0,,30.6,sunny,7
robbers_cave,2026-07-01,1926,2,0,0,,32.7,cloudy,7
taj_mahal,2026-07-02,8606,3,0,0,,28.9,rainy,7
jaipur_city_palace,2026-07-02,5613,3,0,0,,31.0,rainy,7
goa_baga_beach,2026-07-02,6352,3,0,0,,29.8,rainy,7
kerala_backwaters,2026-07-02,2913,3,0,0,,31.7,rainy,7
varanasi_ghats,2026-07-02,9385,3,0,0,,34.5,sunny,7
hampi_ruins,2026-07-02,3443,3,0,0,,31.8,cloudy,7
manali,2026-07-02,3952,3,0,0,,22.3,extreme_heat,7
mysore_palace,2026-07-02,5493,3,0,0,,29.4,extreme_heat,7
kempty_falls,2026-07-02,3390,3,0,0,,32.6,cloudy,7
robbers_cave,2026-07-02,1179,3,0,0,,29.6,rainy,7
taj_mahal,2026-07-03,8375,4,0,0,,31.7,rainy,7
jaipur_city_palace,2026-07-03,6165,4,0,0,,32.9,extreme_heat,7
goa_baga_beach,2026-07-03,9627,4,0,0,,26.1,sunny,7
kerala_backwaters,2026-07-03,3876,4,0,0,,33.5,rainy,7
varanasi_ghats,2026-07-03,5931,4,0,0,,32.2,rainy,7
hampi_ruins,2026-07-03,3257,4,0,0,,35.1,cloudy,7
manali,2026-07-03,6357,4,0,0,,22.9,sunny,7
mysore_palace,2026-07-03,7735,4,0,0,,31.5,sunny,7
kempty_falls,2026-07-03,3204,4,0,0,,32.1,cloudy,7
robbers_cave,2026-07-03,2061,4,0,0,,30.5,cloudy,7
taj_mahal,2026-07-04,12807,5,1,0,,31.8,rainy,7
jaipur_city_palace,2026-07-04,13586,5,1,0,,31.7,sunny,7
goa_baga_beach,2026-07-04,10942,5,1,0,,27.0,rainy,7
kerala_backwaters,2026-07-04,7840,5,1,0,,32.5,cloudy,7
varanasi_ghats,2026-07-04,14040,5,1,0,,31.5,cloudy,7
hampi_ruins,2026-07-04,5917,5,1,0,,30.0,sunny,7
manali,2026-07-04,6461,5,1,0,,19.3,rainy,7
mysore_palace,2026-07-04,10236,5,1,0,,34.6,cloudy,7
kempty_falls,2026-07-04,4827,5,1,0,,30.2,cloudy,7
robbers_cave,2026-07-04,2305,5,1,0,,33.5,rainy,7
taj_mahal,2026-07-05,17002,6,1,0,,32.9,cloudy,7
jaipur_city_palace,2026-07-05,8886,6,1,0,,33.1,rainy,7
goa_baga_beach,2026-07-05,9866,6,1,0,,29.8,rainy,7
kerala_backwaters,2026-07-05,5380,6,1,0,,33.8,rainy,7
varanasi_ghats,2026-07-05,13685,6,1,0,,31.7,cloudy,7
hampi_ruins,2026-07-05,4568,6,1,0,,32.6,rainy,7
manali,2026-07-05,6764,6,1,0,,22.2,rainy,7
mysore_palace,2026-07-05,7932,6,1,0,,31.0,rainy,7
kempty_falls,2026-07-05,3286,6,1,0,,33.4,rainy,7
robbers_cave,2026-07-05,2273,6,1,0,,32.1,rainy,7
taj_mahal,2026-07-06,14034,0,0,0,,31.9,cloudy,7
jaipur_city_palace,2026-07-06,5557,0,0,0,,31.0,rainy,7
goa_baga_beach,2026-07-06,9697,0,0,0,,26.2,cloudy,7
kerala_backwaters,2026-07-06,4807,0,0,0,,32.7,cloudy,7
varanasi_ghats,2026-07-06,9654,0,0,0,,28.0,cloudy,7
hampi_ruins,2026-07-06,3138,0,0,0,,33.3,cloudy,7
manali,2026-07-06,4316,0,0,0,,20.5,extreme_heat,7
mysore_palace,2026-07-06,4845,0,0,0,,28.6,rainy,7
kempty_falls,2026-07-06,2556,0,0,0,,32.1,rainy,7
robbers_cave,2026-07-06,1506,0,0,0,,33.4,rainy,7
taj_mahal,2026-07-07,11288,1,0,0,,28.8,sunny,7
jaipur_city_palace,2026-07-07,5158,1,0,0,,33.6,extreme_heat,7
goa_baga_beach,2026-07-07,9119,1,0,0,,26.5,sunny,7
kerala_backwaters,2026-07-07,6164,1,0,0,,35.1,sunny,7
varanasi_ghats,2026-07-07,9141,1,0,0,,30.2,cloudy,7
hampi_ruins,2026-07-07,4369,1,0,0,,33.8,sunny,7
manali,2026-07-07,4645,1,0,0,,23.1,rainy,7
mysore_palace,2026-07-07,5486,1,0,0,,31.8,extreme_heat,7
kempty_falls,2026-07-07,2132,1,0,0,,33.8,rainy,7
robbers_cave,2026-07-07,1390,1,0,0,,29.2,extreme_heat,7
taj_mahal,2026-07-08,8800,2,0,0,,33.6,rainy,7
jaipur_city_palace,2026-07-08,5143,2,0,0,,31.6,rainy,7
goa_baga_beach,2026-07-08,6513,2,0,0,,30.0,rainy,7
kerala_backwaters,2026-07-08,5144,2,0,0,,30.9,cloudy,7
varanasi_ghats,2026-07-08,6137,2,0,0,,31.8,rainy,7
hampi_ruins,2026-07-08,4280,2,0,0,,33.1,cloudy,7
manali,2026-07-08,6795,2,0,0,,21.4,cloudy,7
mysore_palace,2026-07-08,8373,2,0,0,,31.4,cloudy,7
kempty_falls,2026-07-08,3080,2,0,0,,30.0,cloudy,7
robbers_cave,2026-07-08,1379,2,0,0,,34.7,rainy,7
taj_mahal,2026-07-09,7441,3,0,0,,31.7,rainy,7
jaipur_city_palace,2026-07-09,8224,3,0,0,,32.0,sunny,7
goa_baga_beach,2026-07-09,7246,3,0,0,,25.2,rainy,7
kerala_backwaters,2026-07-09,4230,3,0,0,,33.9,rainy,7
varanasi_ghats,2026-07-09,8353,3,0,0,,30.8,sunny,7
hampi_ruins,2026-07-09,3932,3,0,0,,31.2,sunny,7
manali,2026-07-09,6612,3,0,0,,18.9,cloudy,7
mysore_palace,2026-07-09,6827,3,0,0,,33.7,sunny,7
kempty_falls,2026-07-09,2181,3,0,0,,31.6,rainy,7
robbers_cave,2026-07-09,1361,3,0,0,,32.8,rainy,7
taj_mahal,2026-07-10,8600,4,0,0,,32.0,extreme_heat,7
jaipur_city_palace,2026-07-10,8666,4,0,0,,31.2,sunny,7
goa_baga_beach,2026-07-10,9344,4,0,0,,29.0,sunny,7
kerala_backwaters,2026-07-10,3358,4,0,0,,30.7,rainy,7
varanasi_ghats,2026-07-10,5934,4,0,0,,33.9,rainy,7
hampi_ruins,2026-07-10,2828,4,0,0,,33.2,extreme_heat,7
manali,2026-07-10,4406,4,0,0,,24.3,rainy,7
mysore_palace,2026-07-10,4632,4,0,0,,29.9,extreme_heat,7
kempty_falls,2026-07-10,3293,4,0,0,,30.0,sunny,7
robbers_cave,2026-07-10,1503,4,0,0,,31.5,rainy,7
taj_mahal,2026-07-11,11895,5,1,0,,29.7,extreme_heat,7
jaipur_city_palace,2026-07-11,8288,5,1,0,,31.9,rainy,7
goa_baga_beach,2026-07-11,9559,5,1,0,,29.9,rainy,7
kerala_backwaters,2026-07-11,5291,5,1,0,,35.3,rainy,7
varanasi_ghats,2026-07-11,7990,5,1,0,,32.9,rainy,7
hampi_ruins,2026-07-11,4941,5,1,0,,31.2,cloudy,7
manali,2026-07-11,10547,5,1,0,,21.6,cloudy,7
mysore_palace,2026-07-11,7125,5,1,0,,30.9,rainy,7
kempty_falls,2026-07-11,4735,5,1,0,,33.1,cloudy,7
robbers_cave,2026-07-11,2078,5,1,0,,34.2,rainy,7
taj_mahal,2026-07-12,11518,6,1,0,,34.1,rainy,7
jaipur_city_palace,2026-07-12,13513,6,1,0,,31.6,sunny,7
goa_baga_beach,2026-07-12,14622,6,1,0,,28.2,sunny,7
kerala_backwaters,2026-07-12,8676,6,1,0,,31.5,cloudy,7
varanasi_ghats,2026-07-12,9875,6,1,0,,33.1,rainy,7
hampi_ruins,2026-07-12,6698,6,1,0,,38.7,sunny,7
manali,2026-07-12,7143,6,1,0,,22.5,rainy,7
mysore_palace,2026-07-12,7898,6,1,0,,32.6,rainy,7
kempty_falls,2026-07-12,5111,6,1,0,,32.2,cloudy,7
robbers_cave,2026-07-12,3118,6,1,0,,30.5,cloudy,7
taj_mahal,2026-07-13,7799,0,0,0,,31.7,rainy,7
jaipur_city_palace,2026-07-13,5573,0,0,0,,30.8,rainy,7
goa_baga_beach,2026-07-13,6866,0,0,0,,26.7,rainy,7
kerala_backwaters,2026-07-13,5232,0,0,0,,31.5,cloudy,7
varanasi_ghats,2026-07-13,5681,0,0,0,,29.5,rainy,7
hampi_ruins,2026-07-13,2399,0,0,0,,30.3,rainy,7
manali,2026-07-13,4529,0,0,0,,21.3,extreme_heat,7
mysore_palace,2026-07-13,7205,0,0,0,,33.3,sunny,7
kempty_falls,2026-07-13,2167,0,0,0,,30.2,extreme_heat,7
robbers_cave,2026-07-13,1436,0,0,0,,36.1,rainy,7
taj_mahal,2026-07-14,12203,1,0,0,,33.8,sunny,7
jaipur_city_palace,2026-07-14,5178,1,0,0,,35.7,rainy,7
goa_baga_beach,2026-07-14,9178,1,0,0,,28.3,sunny,7
kerala_backwaters,2026-07-14,4469,1,0,0,,32.9,cloudy,7
varanasi_ghats,2026-07-14,8546,1,0,0,,32.9,cloudy,7
hampi_ruins,2026-07-14,2971,1,0,0,,30.7,rainy,7
manali,2026-07-14,5986,1,0,0,,22.8,cloudy,7
mysore_palace,2026-07-14,4302,1,0,0,,31.2,rainy,7
kempty_falls,2026-07-14,3196,1,0,0,,32.4,cloudy,7
robbers_cave,2026-07-14,1828,1,0,0,,32.6,cloudy,7
taj_mahal,2026-07-15,8722,2,0,0,,29.6,rainy,7
jaipur_city_palace,2026-07-15,5111,2,0,0,,34.0,rainy,7
goa_baga_beach,2026-07-15,6733,2,0,0,,27.1,rainy,7
kerala_backwaters,2026-07-15,3529,2,0,0,,34.1,extreme_heat,7
varanasi_ghats,2026-07-15,9201,2,0,0,,33.3,sunny,7
hampi_ruins,2026-07-15,3079,2,0,0,,29.9,rainy,7
manali,2026-07-15,6389,2,0,0,,22.5,cloudy,7
mysore_palace,2026-07-15,4833,2,0,0,,31.7,rainy,7
kempty_falls,2026-07-15,1622,2,0,0,,33.4,rainy,7
robbers_cave,2026-07-15,1332,2,0,0,,32.6,extreme_heat,7
taj_mahal,2026-07-16,11166,3,0,0,,30.5,cloudy,7
jaipur_city_palace,2026-07-16,7528,3,0,0,,33.9,cloudy,7
goa_baga_beach,2026-07-16,9507,3,0,0,,27.0,cloudy,7
kerala_backwaters,2026-07-16,3996,3,0,0,,28.5,extreme_heat,7
varanasi_ghats,2026-07-16,9314,3,0,0,,31.1,sunny,7
hampi_ruins,2026-07-16,3181,3,0,0,,30.8,cloudy,7
manali,2026-07-16,6314,3,0,0,,21.1,cloudy,7
mysore_palace,2026-07-16,7912,3,0,0,,31.5,cloudy,7
kempty_falls,2026-07-16,2763,3,0,0,,31.0,cloudy,7
robbers_cave,2026-07-16,1417,3,0,0,,31.0,rainy,7
taj_mahal,2026-07-17,12896,4,0,0,,31.8,cloudy,7
jaipur_city_palace,2026-07-17,8515,4,0,0,,30.3,cloudy,7
goa_baga_beach,2026-07-17,7125,4,0,0,,28.4,rainy,7
kerala_backwaters,2026-07-17,5703,4,0,0,,33.8,cloudy,7
varanasi_ghats,2026-07-17,6056,4,0,0,,31.9,rainy,7
hampi_ruins,2026-07-17,2278,4,0,0,,34.0,rainy,7
manali,2026-07-17,3995,4,0,0,,23.3,rainy,7
mysore_palace,2026-07-17,4694,4,0,0,,34.5,rainy,7
kempty_falls,2026-07-17,3376,4,0,0,,25.9,cloudy,7
robbers_cave,2026-07-17,1297,4,0,0,,33.0,rainy,7
taj_mahal,2026-07-18,12046,5,1,0,,31.2,extreme_heat,7
jaipur_city_palace,2026-07-18,8397,5,1,0,,32.6,rainy,7
goa_baga_beach,2026-07-18,9572,5,1,0,,25.2,rainy,7
kerala_backwaters,2026-07-18,5076,5,1,0,,30.0,extreme_heat,7
varanasi_ghats,2026-07-18,15981,5,1,0,,34.4,sunny,7
hampi_ruins,2026-07-18,4610,5,1,0,,33.0,rainy,7
manali,2026-07-18,6547,5,1,0,,22.5,rainy,7
mysore_palace,2026-07-18,9848,5,1,0,,32.9,cloudy,7
kempty_falls,2026-07-18,3444,5,1,0,,31.6,rainy,7
robbers_cave,2026-07-18,1887,5,1,0,,33.2,rainy,7
taj_mahal,2026-07-19,19478,6,1,0,,30.8,cloudy,7
jaipur_city_palace,2026-07-19,13298,6,1,0,,30.8,sunny,7
goa_baga_beach,2026-07-19,14375,6,1,0,,28.0,cloudy,7
kerala_backwaters,2026-07-19,6048,6,1,0,,32.5,extreme_heat,7
varanasi_ghats,2026-07-19,13803,6,1,0,,34.3,cloudy,7
hampi_ruins,2026-07-19,4137,6,1,0,,31.7,rainy,7
manali,2026-07-19,7190,6,1,0,,22.1,rainy,7
mysore_palace,2026-07-19,7769,6,1,0,,31.3,rainy,7
kempty_falls,2026-07-19,3120,6,1,0,,33.3,rainy,7
robbers_cave,2026-07-19,3504,6,1,0,,35.5,sunny,7
taj_mahal,2026-07-20,10330,0,0,0,,30.5,cloudy,7
jaipur_city_palace,2026-07-20,5278,0,0,0,,31.3,rainy,7
goa_baga_beach,2026-07-20,9620,0,0,0,,27.5,cloudy,7
kerala_backwaters,2026-07-20,3508,0,0,0,,32.6,rainy,7
varanasi_ghats,2026-07-20,6503,0,0,0,,30.6,rainy,7
hampi_ruins,2026-07-20,2945,0,0,0,,32.6,rainy,7
manali,2026-07-20,4162,0,0,0,,24.7,rainy,7
mysore_palace,2026-07-20,5168,0,0,0,,32.9,rainy,7
kempty_falls,2026-07-20,2452,0,0,0,,32.8,rainy,7
robbers_cave,2026-07-20,1115,0,0,0,,29.8,rainy,7
taj_mahal,2026-07-21,7144,1,0,0,,27.7,rainy,7
jaipur_city_palace,2026-07-21,5151,1,0,0,,35.3,rainy,7
goa_baga_beach,2026-07-21,7484,1,0,0,,27.3,rainy,7
kerala_backwaters,2026-07-21,3425,1,0,0,,30.1,rainy,7
varanasi_ghats,2026-07-21,6365,1,0,0,,32.9,rainy,7
hampi_ruins,2026-07-21,2539,1,0,0,,35.9,rainy,7
manali,2026-07-21,4614,1,0,0,,19.2,extreme_heat,7
mysore_palace,2026-07-21,4885,1,0,0,,30.5,rainy,7
kempty_falls,2026-07-21,2156,1,0,0,,32.6,rainy,7
robbers_cave,2026-07-21,1360,1,0,0,,31.3,rainy,7
taj_mahal,2026-07-22,7349,2,0,0,,28.2,rainy,7
jaipur_city_palace,2026-07-22,7868,2,0,0,,31.3,sunny,7
goa_baga_beach,2026-07-22,9164,2,0,0,,28.6,sunny,7
kerala_backwaters,2026-07-22,3371,2,0,0,,32.8,rainy,7
varanasi_ghats,2026-07-22,8333,2,0,0,,32.0,cloudy,7
hampi_ruins,2026-07-22,2506,2,0,0,,32.5,rainy,7
manali,2026-07-22,4244,2,0,0,,27.3,extreme_heat,7
mysore_palace,2026-07-22,7239,2,0,0,,34.6,cloudy,7
kempty_falls,2026-07-22,2544,2,0,0,,30.1,extreme_heat,7
robbers_cave,2026-07-22,1302,2,0,0,,31.5,extreme_heat,7
taj_mahal,2026-07-23,9724,3,0,0,,28.9,rainy,7
jaipur_city_palace,2026-07-23,5512,3,0,0,,33.7,rainy,7
goa_baga_beach,2026-07-23,6822,3,0,0,,27.0,rainy,7
kerala_backwaters,2026-07-23,3152,3,0,0,,32.7,rainy,7
varanasi_ghats,2026-07-23,9689,3,0,0,,30.2,cloudy,7
hampi_ruins,2026-07-23,3982,3,0,0,,29.4,sunny,7
manali,2026-07-23,6691,3,0,0,,18.9,cloudy,7
mysore_palace,2026-07-23,5007,3,0,0,,29.0,rainy,7
kempty_falls,2026-07-23,2002,3,0,0,,32.7,rainy,7
robbers_cave,2026-07-23,1248,3,0,0,,30.7,rainy,7
taj_mahal,2026-07-24,12589,4,0,0,,32.4,sunny,7
jaipur_city_palace,2026-07-24,5701,4,0,0,,33.1,extreme_heat,7
goa_baga_beach,2026-07-24,6269,4,0,0,,25.0,rainy,7
kerala_backwaters,2026-07-24,3901,4,0,0,,37.6,rainy,7
varanasi_ghats,2026-07-24,6582,4,0,0,,33.2,rainy,7
hampi_ruins,2026-07-24,4210,4,0,0,,30.7,cloudy,7
manali,2026-07-24,4452,4,0,0,,23.4,rainy,7
mysore_palace,2026-07-24,5644,4,0,0,,35.4,rainy,7
kempty_falls,2026-07-24,1987,4,0,0,,33.1,rainy,7
robbers_cave,2026-07-24,1307,4,0,0,,30.4,rainy,7
taj_mahal,2026-07-25,11951,5,1,0,,29.5,rainy,7
jaipur_city_palace,2026-07-25,6230,5,1,0,,32.1,rainy,7
goa_baga_beach,2026-07-25,8118,5,1,0,,25.7,rainy,7
kerala_backwaters,2026-07-25,5061,5,1,0,,35.2,extreme_heat,7
varanasi_ghats,2026-07-25,13596,5,1,0,,34.8,cloudy,7
hampi_ruins,2026-07-25,3980,5,1,0,,32.7,rainy,7
manali,2026-07-25,6804,5,1,0,,18.9,rainy,7
mysore_palace,2026-07-25,7341,5,1,0,,34.3,extreme_heat,7
kempty_falls,2026-07-25,2671,5,1,0,,32.8,rainy,7
robbers_cave,2026-07-25,3006,5,1,0,,32.4,sunny,7
taj_mahal,2026-07-26,18612,6,1,0,,33.1,cloudy,7
jaipur_city_palace,2026-07-26,11441,6,1,0,,32.3,cloudy,7
goa_baga_beach,2026-07-26,9929,6,1,0,,29.5,rainy,7
kerala_backwaters,2026-07-26,8105,6,1,0,,34.4,cloudy,7
varanasi_ghats,2026-07-26,14327,6,1,0,,36.7,sunny,7
hampi_ruins,2026-07-26,4686,6,1,0,,30.9,rainy,7
manali,2026-07-26,7472,6,1,0,,20.0,rainy,7
mysore_palace,2026-07-26,11287,6,1,0,,28.6,cloudy,7
kempty_falls,2026-07-26,3634,6,1,0,,31.9,rainy,7
robbers_cave,2026-07-26,2402,6,1,0,,33.1,rainy,7
taj_mahal,2026-07-27,8922,0,0,0,,32.7,rainy,7
jaipur_city_palace,2026-07-27,5060,0,0,0,,31.0,rainy,7
goa_baga_beach,2026-07-27,6360,0,0,0,,29.2,rainy,7
kerala_backwaters,2026-07-27,5863,0,0,0,,31.7,sunny,7
varanasi_ghats,2026-07-27,9518,0,0,0,,29.5,sunny,7
hampi_ruins,2026-07-27,3385,0,0,0,,31.8,cloudy,7
manali,2026-07-27,4209,0,0,0,,23.1,rainy,7
mysore_palace,2026-07-27,4957,0,0,0,,29.3,extreme_heat,7
kempty_falls,2026-07-27,2271,0,0,0,,35.3,rainy,7
robbers_cave,2026-07-27,1489,0,0,0,,29.8,rainy,7
taj_mahal,2026-07-28,7604,1,0,0,,33.7,rainy,7
jaipur_city_palace,2026-07-28,6332,1,0,0,,32.2,rainy,7
goa_baga_beach,2026-07-28,6265,1,0,0,,27.0,rainy,7
kerala_backwaters,2026-07-28,3542,1,0,0,,32.5,rainy,7
varanasi_ghats,2026-07-28,6737,1,0,0,,31.6,rainy,7
hampi_ruins,2026-07-28,3128,1,0,0,,31.7,cloudy,7
manali,2026-07-28,3747,1,0,0,,21.7,rainy,7
mysore_palace,2026-07-28,8551,1,0,0,,34.0,sunny,7
kempty_falls,2026-07-28,3557,1,0,0,,34.8,cloudy,7
robbers_cave,2026-07-28,1765,1,0,0,,35.2,cloudy,7
taj_mahal,2026-07-29,10644,2,0,0,,27.7,cloudy,7
jaipur_city_palace,2026-07-29,4937,2,0,0,,32.8,rainy,7
goa_baga_beach,2026-07-29,9186,2,0,0,,26.9,cloudy,7
kerala_backwaters,2026-07-29,5173,2,0,0,,30.5,cloudy,7
varanasi_ghats,2026-07-29,6064,2,0,0,,29.9,rainy,7
hampi_ruins,2026-07-29,2647,2,0,0,,35.0,rainy,7
manali,2026-07-29,6430,2,0,0,,21.0,cloudy,7
mysore_palace,2026-07-29,4546,2,0,0,,33.7,rainy,7
kempty_falls,2026-07-29,2449,2,0,0,,33.2,extreme_heat,7
robbers_cave,2026-07-29,1255,2,0,0,,31.1,rainy,7
taj_mahal,2026-07-30,11446,3,0,0,,30.8,cloudy,7
jaipur_city_palace,2026-07-30,7730,3,0,0,,30.5,cloudy,7
goa_baga_beach,2026-07-30,10181,3,0,0,,28.3,sunny,7
kerala_backwaters,2026-07-30,3646,3,0,0,,31.5,extreme_heat,7
varanasi_ghats,2026-07-30,6492,3,0,0,,32.8,rainy,7
hampi_ruins,2026-07-30,2393,3,0,0,,30.9,rainy,7
manali,2026-07-30,4914,3,0,0,,19.6,rainy,7
mysore_palace,2026-07-30,7642,3,0,0,,30.7,sunny,7
kempty_falls,2026-07-30,2120,3,0,0,,29.8,rainy,7
robbers_cave,2026-07-30,1488,3,0,0,,31.5,extreme_heat,7
taj_mahal,2026-07-31,9896,4,0,0,,29.5,cloudy,7
jaipur_city_palace,2026-07-31,8858,4,0,0,,37.2,sunny,7
goa_baga_beach,2026-07-31,10142,4,0,0,,26.9,sunny,7
kerala_backwaters,2026-07-31,3739,4,0,0,,31.3,rainy,7
varanasi_ghats,2026-07-31,8545,4,0,0,,30.8,sunny,7
hampi_ruins,2026-07-31,2630,4,0,0,,27.4,rainy,7
manali,2026-07-31,6741,4,0,0,,19.7,sunny,7
mysore_palace,2026-07-31,4684,4,0,0,,30.7,rainy,7
kempty_falls,2026-07-31,3140,4,0,0,,32.5,cloudy,7
robbers_cave,2026-07-31,1118,4,0,0,,30.9,rainy,7
taj_mahal,2026-08-01,17068,5,1,0,,30.9,cloudy,8
jaipur_city_palace,2026-08-01,7799,5,1,0,,34.8,rainy,8
goa_baga_beach,2026-08-01,14720,5,1,0,,29.0,cloudy,8
kerala_backwaters,2026-08-01,4895,5,1,0,,26.6,rainy,8
varanasi_ghats,2026-08-01,10306,5,1,0,,27.2,rainy,8
hampi_ruins,2026-08-01,3999,5,1,0,,29.2,rainy,8
manali,2026-08-01,6206,5,1,0,,19.2,rainy,8
mysore_palace,2026-08-01,7718,5,1,0,,30.2,rainy,8
kempty_falls,2026-08-01,3281,5,1,0,,33.4,rainy,8
robbers_cave,2026-08-01,2248,5,1,0,,32.3,rainy,8
taj_mahal,2026-08-02,12608,6,1,0,,28.4,rainy,8
jaipur_city_palace,2026-08-02,14763,6,1,0,,28.8,cloudy,8
goa_baga_beach,2026-08-02,10988,6,1,0,,27.6,extreme_heat,8
kerala_backwaters,2026-08-02,7418,6,1,0,,30.4,cloudy,8
varanasi_ghats,2026-08-02,14522,6,1,0,,34.7,cloudy,8
hampi_ruins,2026-08-02,3731,6,1,0,,29.4,rainy,8
manali,2026-08-02,7800,6,1,0,,19.5,rainy,8
mysore_palace,2026-08-02,6502,6,1,0,,27.7,rainy,8
kempty_falls,2026-08-02,5570,6,1,0,,29.2,cloudy,8
robbers_cave,2026-08-02,3174,6,1,0,,30.6,cloudy,8
taj_mahal,2026-08-03,10997,0,0,0,,30.1,cloudy,8
jaipur_city_palace,2026-08-03,5004,0,0,0,,31.8,rainy,8
goa_baga_beach,2026-08-03,6726,0,0,0,,28.3,rainy,8
kerala_backwaters,2026-08-03,3186,0,0,0,,31.2,rainy,8
varanasi_ghats,2026-08-03,5362,0,0,0,,34.7,rainy,8
hampi_ruins,2026-08-03,4082,0,0,0,,30.2,cloudy,8
manali,2026-08-03,5980,0,0,0,,21.0,cloudy,8
mysore_palace,2026-08-03,5234,0,0,0,,30.4,rainy,8
kempty_falls,2026-08-03,2161,0,0,0,,32.7,rainy,8
robbers_cave,2026-08-03,1668,0,0,0,,31.5,cloudy,8
taj_mahal,2026-08-04,10442,1,0,0,,28.4,cloudy,8
jaipur_city_palace,2026-08-04,5200,1,0,0,,31.1,rainy,8
goa_baga_beach,2026-08-04,10154,1,0,0,,27.4,sunny,8
kerala_backwaters,2026-08-04,4976,1,0,0,,29.7,cloudy,8
varanasi_ghats,2026-08-04,9810,1,0,0,,31.1,sunny,8
hampi_ruins,2026-08-04,2741,1,0,0,,29.6,rainy,8
manali,2026-08-04,4797,1,0,0,,20.2,rainy,8
mysore_palace,2026-08-04,7678,1,0,0,,29.1,cloudy,8
kempty_falls,2026-08-04,2583,1,0,0,,32.0,extreme_heat,8
robbers_cave,2026-08-04,1319,1,0,0,,35.4,extreme_heat,8
taj_mahal,2026-08-05,7967,2,0,0,,32.6,extreme_heat,8
jaipur_city_palace,2026-08-05,8168,2,0,0,,32.0,sunny,8
goa_baga_beach,2026-08-05,7899,2,0,0,,29.8,rainy,8
kerala_backwaters,2026-08-05,3289,2,0,0,,31.5,rainy,8
varanasi_ghats,2026-08-05,8025,2,0,0,,31.0,sunny,8
hampi_ruins,2026-08-05,2937,2,0,0,,27.8,extreme_heat,8
manali,2026-08-05,3998,2,0,0,,18.9,rainy,8
mysore_palace,2026-08-05,5242,2,0,0,,31.5,extreme_heat,8
kempty_falls,2026-08-05,2318,2,0,0,,32.8,rainy,8
robbers_cave,2026-08-05,2098,2,0,0,,32.2,cloudy,8
taj_mahal,2026-08-06,11218,3,0,0,,28.9,cloudy,8
jaipur_city_palace,2026-08-06,5598,3,0,0,,31.7,extreme_heat,8
goa_baga_beach,2026-08-06,7086,3,0,0,,31.2,extreme_heat,8
kerala_backwaters,2026-08-06,5086,3,0,0,,28.8,sunny,8
varanasi_ghats,2026-08-06,6777,3,0,0,,31.1,rainy,8
hampi_ruins,2026-08-06,2807,3,0,0,,31.1,rainy,8
manali,2026-08-06,4447,3,0,0,,18.5,rainy,8
mysore_palace,2026-08-06,4509,3,0,0,,27.5,rainy,8
kempty_falls,2026-08-06,3340,3,0,0,,28.7,cloudy,8
robbers_cave,2026-08-06,2021,3,0,0,,32.5,sunny,8
taj_mahal,2026-08-07,8100,4,0,0,,31.3,rainy,8
jaipur_city_palace,2026-08-07,8260,4,0,0,,31.8,cloudy,8
goa_baga_beach,2026-08-07,6595,4,0,0,,29.0,rainy,8
kerala_backwaters,2026-08-07,3480,4,0,0,,29.8,rainy,8
varanasi_ghats,2026-08-07,5582,4,0,0,,28.8,rainy,8
hampi_ruins,2026-08-07,2260,4,0,0,,31.7,rainy,8
manali,2026-08-07,6736,4,0,0,,19.7,cloudy,8
mysore_palace,2026-08-07,7596,4,0,0,,31.9,sunny,8
kempty_falls,2026-08-07,3242,4,0,0,,31.0,sunny,8
robbers_cave,2026-08-07,1720,4,0,0,,30.1,cloudy,8
taj_mahal,2026-08-08,17786,5,1,0,,30.6,sunny,8
jaipur_city_palace,2026-08-08,13464,5,1,0,,27.8,cloudy,8
goa_baga_beach,2026-08-08,10366,5,1,0,,30.1,rainy,8
kerala_backwaters,2026-08-08,4880,5,1,0,,31.5,rainy,8
varanasi_ghats,2026-08-08,9555,5,1,0,,32.4,extreme_heat,8
hampi_ruins,2026-08-08,3750,5,1,0,,32.1,rainy,8
manali,2026-08-08,6459,5,1,0,,22.6,rainy,8
mysore_palace,2026-08-08,9027,5,1,0,,30.3,cloudy,8
kempty_falls,2026-08-08,5067,5,1,0,,29.5,sunny,8
robbers_cave,2026-08-08,1894,5,1,0,,33.2,rainy,8
taj_mahal,2026-08-09,14759,6,1,0,,29.6,rainy,8
jaipur_city_palace,2026-08-09,10846,6,1,0,,31.1,sunny,8
goa_baga_beach,2026-08-09,15662,6,1,0,,25.6,sunny,8
kerala_backwaters,2026-08-09,5927,6,1,0,,31.3,rainy,8
varanasi_ghats,2026-08-09,9817,6,1,0,,27.3,rainy,8
hampi_ruins,2026-08-09,4278,6,1,0,,29.7,rainy,8
manali,2026-08-09,7376,6,1,0,,19.5,rainy,8
mysore_palace,2026-08-09,6424,6,1,0,,31.1,rainy,8
kempty_falls,2026-08-09,4808,6,1,0,,29.8,cloudy,8
robbers_cave,2026-08-09,2118,6,1,0,,29.0,rainy,8
taj_mahal,2026-08-10,8079,0,0,0,,29.9,rainy,8
jaipur_city_palace,2026-08-10,8363,0,0,0,,29.2,sunny,8
goa_baga_beach,2026-08-10,6807,0,0,0,,26.1,rainy,8
kerala_backwaters,2026-08-10,3825,0,0,0,,32.1,rainy,8
varanasi_ghats,2026-08-10,6651,0,0,0,,26.2,rainy,8
hampi_ruins,2026-08-10,2249,0,0,0,,34.0,rainy,8
manali,2026-08-10,4439,0,0,0,,21.3,rainy,8
mysore_palace,2026-08-10,5042,0,0,0,,30.9,extreme_heat,8
kempty_falls,2026-08-10,1857,0,0,0,,30.5,rainy,8
robbers_cave,2026-08-10,1233,0,0,0,,32.2,rainy,8
taj_mahal,2026-08-11,7590,1,0,0,,30.6,rainy,8
jaipur_city_palace,2026-08-11,8357,1,0,0,,32.0,cloudy,8
goa_baga_beach,2026-08-11,8078,1,0,0,,30.1,rainy,8
kerala_backwaters,2026-08-11,3546,1,0,0,,34.1,rainy,8
varanasi_ghats,2026-08-11,10180,1,0,0,,27.0,cloudy,8
hampi_ruins,2026-08-11,2703,1,0,0,,36.6,rainy,8
manali,2026-08-11,4042,1,0,0,,22.2,rainy,8
mysore_palace,2026-08-11,6393,1,0,0,,36.3,cloudy,8
kempty_falls,2026-08-11,2442,1,0,0,,30.4,extreme_heat,8
robbers_cave,2026-08-11,2026,1,0,0,,27.7,cloudy,8
taj_mahal,2026-08-12,8795,2,0,0,,34.0,rainy,8
jaipur_city_palace,2026-08-12,4326,2,0,0,,29.8,rainy,8
goa_baga_beach,2026-08-12,10512,2,0,0,,27.8,sunny,8
kerala_backwaters,2026-08-12,3440,2,0,0,,27.9,rainy,8
varanasi_ghats,2026-08-12,9286,2,0,0,,30.1,sunny,8
hampi_ruins,2026-08-12,4175,2,0,0,,31.2,cloudy,8
manali,2026-08-12,5388,2,0,0,,23.3,rainy,8
mysore_palace,2026-08-12,4459,2,0,0,,29.5,rainy,8
kempty_falls,2026-08-12,2171,2,0,0,,32.5,extreme_heat,8
robbers_cave,2026-08-12,1893,2,0,0,,30.7,sunny,8
taj_mahal,2026-08-13,12109,3,0,0,,31.8,sunny,8
jaipur_city_palace,2026-08-13,5270,3,0,0,,27.5,rainy,8
goa_baga_beach,2026-08-13,10177,3,0,0,,30.2,sunny,8
kerala_backwaters,2026-08-13,3948,3,0,0,,31.7,rainy,8
varanasi_ghats,2026-08-13,6778,3,0,0,,30.2,rainy,8
hampi_ruins,2026-08-13,4184,3,0,0,,31.5,sunny,8
manali,2026-08-13,4711,3,0,0,,22.3,rainy,8
mysore_palace,2026-08-13,7505,3,0,0,,28.5,cloudy,8
kempty_falls,2026-08-13,2172,3,0,0,,32.2,rainy,8
robbers_cave,2026-08-13,1275,3,0,0,,28.6,rainy,8
taj_mahal,2026-08-14,12530,4,0,0,,33.3,sunny,8
jaipur_city_palace,2026-08-14,8420,4,0,0,,31.0,cloudy,8
goa_baga_beach,2026-08-14,6731,4,0,0,,30.2,rainy,8
kerala_backwaters,2026-08-14,3602,4,0,0,,30.8,rainy,8
varanasi_ghats,2026-08-14,6254,4,0,0,,25.5,rainy,8
hampi_ruins,2026-08-14,3801,4,0,0,,30.7,cloudy,8
manali,2026-08-14,4297,4,0,0,,17.9,rainy,8
mysore_palace,2026-08-14,7559,4,0,0,,26.9,cloudy,8
kempty_falls,2026-08-14,2075,4,0,0,,31.4,rainy,8
robbers_cave,2026-08-14,1730,4,0,0,,30.4,cloudy,8
taj_mahal,2026-08-15,28874,5,1,1,Independence Day,30.9,cloudy,8
jaipur_city_palace,2026-08-15,11539,5,1,1,Independence Day,33.1,rainy,8
goa_baga_beach,2026-08-15,15616,5,1,1,Independence Day,27.2,rainy,8
kerala_backwaters,2026-08-15,14116,5,1,1,Independence Day,31.9,sunny,8
varanasi_ghats,2026-08-15,13400,5,1,1,Independence Day,31.1,extreme_heat,8
hampi_ruins,2026-08-15,9093,5,1,1,Independence Day,34.3,cloudy,8
manali,2026-08-15,16238,5,1,1,Independence Day,21.9,sunny,8
mysore_palace,2026-08-15,11577,5,1,1,Independence Day,30.3,extreme_heat,8
kempty_falls,2026-08-15,5003,5,1,1,Independence Day,29.2,rainy,8
robbers_cave,2026-08-15,3979,5,1,1,Independence Day,33.5,cloudy,8
taj_mahal,2026-08-16,14104,6,1,0,,31.6,rainy,8
jaipur_city_palace,2026-08-16,14172,6,1,0,,29.7,sunny,8
goa_baga_beach,2026-08-16,10729,6,1,0,,25.5,extreme_heat,8
kerala_backwaters,2026-08-16,6025,6,1,0,,28.7,rainy,8
varanasi_ghats,2026-08-16,12538,6,1,0,,30.8,sunny,8
hampi_ruins,2026-08-16,3786,6,1,0,,29.7,rainy,8
manali,2026-08-16,7178,6,1,0,,23.6,rainy,8
mysore_palace,2026-08-16,8050,6,1,0,,30.2,rainy,8
kempty_falls,2026-08-16,2863,6,1,0,,29.8,rainy,8
robbers_cave,2026-08-16,2308,6,1,0,,33.6,rainy,8
taj_mahal,2026-08-17,7541,0,0,0,,32.2,rainy,8
jaipur_city_palace,2026-08-17,5729,0,0,0,,28.3,extreme_heat,8
goa_baga_beach,2026-08-17,6743,0,0,0,,27.1,rainy,8
kerala_backwaters,2026-08-17,5531,0,0,0,,32.3,cloudy,8
varanasi_ghats,2026-08-17,10182,0,0,0,,31.0,sunny,8
hampi_ruins,2026-08-17,4066,0,0,0,,32.4,cloudy,8
manali,2026-08-17,4459,0,0,0,,23.2,rainy,8
mysore_palace,2026-08-17,5411,0,0,0,,32.4,rainy,8
kempty_falls,2026-08-17,3265,0,0,0,,27.6,sunny,8
robbers_cave,2026-08-17,1290,0,0,0,,29.7,extreme_heat,8
taj_mahal,2026-08-18,7296,1,0,0,,35.3,rainy,8
jaipur_city_palace,2026-08-18,5692,1,0,0,,28.9,rainy,8
goa_baga_beach,2026-08-18,9455,1,0,0,,29.1,sunny,8
kerala_backwaters,2026-08-18,3574,1,0,0,,32.3,rainy,8
varanasi_ghats,2026-08-18,10955,1,0,0,,33.2,sunny,8
hampi_ruins,2026-08-18,3826,1,0,0,,30.7,sunny,8
manali,2026-08-18,3669,1,0,0,,21.2,rainy,8
mysore_palace,2026-08-18,7812,1,0,0,,31.2,sunny,8
kempty_falls,2026-08-18,3338,1,0,0,,28.9,cloudy,8
robbers_cave,2026-08-18,1124,1,0,0,,31.4,rainy,8
taj_mahal,2026-08-19,11839,2,0,0,,30.0,sunny,8
jaipur_city_palace,2026-08-19,5882,2,0,0,,30.9,rainy,8
goa_baga_beach,2026-08-19,11603,2,0,0,,27.5,cloudy,8
kerala_backwaters,2026-08-19,3274,2,0,0,,28.2,rainy,8
varanasi_ghats,2026-08-19,9042,2,0,0,,29.6,sunny,8
hampi_ruins,2026-08-19,4236,2,0,0,,33.0,cloudy,8
manali,2026-08-19,4432,2,0,0,,23.2,rainy,8
mysore_palace,2026-08-19,6069,2,0,0,,31.6,cloudy,8
kempty_falls,2026-08-19,2339,2,0,0,,32.5,rainy,8
robbers_cave,2026-08-19,1153,2,0,0,,29.8,rainy,8
taj_mahal,2026-08-20,8804,3,0,0,,27.6,rainy,8
jaipur_city_palace,2026-08-20,8657,3,0,0,,32.1,sunny,8
goa_baga_beach,2026-08-20,6759,3,0,0,,27.2,extreme_heat,8
kerala_backwaters,2026-08-20,5164,3,0,0,,30.4,sunny,8
varanasi_ghats,2026-08-20,8915,3,0,0,,30.9,sunny,8
hampi_ruins,2026-08-20,3694,3,0,0,,30.7,sunny,8
manali,2026-08-20,4457,3,0,0,,21.8,rainy,8
mysore_palace,2026-08-20,7971,3,0,0,,29.7,cloudy,8
kempty_falls,2026-08-20,2010,3,0,0,,33.1,rainy,8
robbers_cave,2026-08-20,1778,3,0,0,,32.0,cloudy,8
taj_mahal,2026-08-21,10335,4,0,0,,29.3,cloudy,8
jaipur_city_palace,2026-08-21,5580,4,0,0,,29.4,rainy,8
goa_baga_beach,2026-08-21,9043,4,0,0,,26.6,cloudy,8
kerala_backwaters,2026-08-21,3115,4,0,0,,33.3,rainy,8
varanasi_ghats,2026-08-21,6519,4,0,0,,28.1,rainy,8
hampi_ruins,2026-08-21,2584,4,0,0,,33.5,rainy,8
manali,2026-08-21,6123,4,0,0,,25.9,cloudy,8
mysore_palace,2026-08-21,7343,4,0,0,,31.0,cloudy,8
kempty_falls,2026-08-21,2142,4,0,0,,29.8,rainy,8
robbers_cave,2026-08-21,2202,4,0,0,,29.5,cloudy,8
taj_mahal,2026-08-22,11544,5,1,0,,30.2,rainy,8
jaipur_city_palace,2026-08-22,11113,5,1,0,,30.8,cloudy,8
goa_baga_beach,2026-08-22,9721,5,1,0,,30.3,rainy,8
kerala_backwaters,2026-08-22,5197,5,1,0,,29.7,rainy,8
varanasi_ghats,2026-08-22,8678,5,1,0,,28.5,rainy,8
hampi_ruins,2026-08-22,5896,5,1,0,,32.7,sunny,8
manali,2026-08-22,6896,5,1,0,,23.3,rainy,8
mysore_palace,2026-08-22,7242,5,1,0,,29.2,rainy,8
kempty_falls,2026-08-22,3634,5,1,0,,31.5,rainy,8
robbers_cave,2026-08-22,2676,5,1,0,,32.6,cloudy,8
taj_mahal,2026-08-23,11431,6,1,0,,30.1,rainy,8
jaipur_city_palace,2026-08-23,7651,6,1,0,,29.2,rainy,8
goa_baga_beach,2026-08-23,9641,6,1,0,,27.9,rainy,8
kerala_backwaters,2026-08-23,6634,6,1,0,,34.1,extreme_heat,8
varanasi_ghats,2026-08-23,8948,6,1,0,,26.5,rainy,8
hampi_ruins,2026-08-23,4124,6,1,0,,29.7,rainy,8
manali,2026-08-23,10037,6,1,0,,18.8,cloudy,8
mysore_palace,2026-08-23,7794,6,1,0,,31.3,extreme_heat,8
kempty_falls,2026-08-23,3470,6,1,0,,29.4,rainy,8
robbers_cave,2026-08-23,2134,6,1,0,,28.9,rainy,8
taj_mahal,2026-08-24,7848,0,0,0,,32.1,rainy,8
jaipur_city_palace,2026-08-24,5638,0,0,0,,31.8,rainy,8
goa_baga_beach,2026-08-24,5998,0,0,0,,28.0,rainy,8
kerala_backwaters,2026-08-24,3722,0,0,0,,30.8,rainy,8
varanasi_ghats,2026-08-24,8808,0,0,0,,30.4,sunny,8
hampi_ruins,2026-08-24,2801,0,0,0,,31.0,extreme_heat,8
manali,2026-08-24,4264,0,0,0,,19.9,rainy,8
mysore_palace,2026-08-24,5370,0,0,0,,29.3,rainy,8
kempty_falls,2026-08-24,1893,0,0,0,,28.3,rainy,8
robbers_cave,2026-08-24,1681,0,0,0,,30.2,cloudy,8
taj_mahal,2026-08-25,11664,1,0,0,,30.1,cloudy,8
jaipur_city_palace,2026-08-25,5387,1,0,0,,31.7,rainy,8
goa_baga_beach,2026-08-25,5777,1,0,0,,26.8,extreme_heat,8
kerala_backwaters,2026-08-25,5983,1,0,0,,30.4,sunny,8
varanasi_ghats,2026-08-25,6327,1,0,0,,31.2,rainy,8
hampi_ruins,2026-08-25,3416,1,0,0,,33.5,cloudy,8
manali,2026-08-25,4466,1,0,0,,17.8,rainy,8
mysore_palace,2026-08-25,4896,1,0,0,,30.5,rainy,8
kempty_falls,2026-08-25,1999,1,0,0,,31.4,rainy,8
robbers_cave,2026-08-25,1716,1,0,0,,27.5,cloudy,8
taj_mahal,2026-08-26,6465,2,0,0,,28.2,rainy,8
jaipur_city_palace,2026-08-26,8740,2,0,0,,31.9,sunny,8
goa_baga_beach,2026-08-26,10991,2,0,0,,28.6,cloudy,8
kerala_backwaters,2026-08-26,3868,2,0,0,,30.4,rainy,8
varanasi_ghats,2026-08-26,5835,2,0,0,,29.3,rainy,8
hampi_ruins,2026-08-26,4515,2,0,0,,31.9,sunny,8
manali,2026-08-26,3558,2,0,0,,22.1,rainy,8
mysore_palace,2026-08-26,6954,2,0,0,,28.9,cloudy,8
kempty_falls,2026-08-26,3558,2,0,0,,27.6,sunny,8
robbers_cave,2026-08-26,1436,2,0,0,,32.1,rainy,8
taj_mahal,2026-08-27,11667,3,0,0,,29.6,cloudy,8
jaipur_city_palace,2026-08-27,7483,3,0,0,,30.7,cloudy,8
goa_baga_beach,2026-08-27,10183,3,0,0,,28.1,cloudy,8
kerala_backwaters,2026-08-27,3347,3,0,0,,29.9,rainy,8
varanasi_ghats,2026-08-27,6224,3,0,0,,32.8,rainy,8
hampi_ruins,2026-08-27,2718,3,0,0,,31.2,extreme_heat,8
manali,2026-08-27,4803,3,0,0,,21.4,rainy,8
mysore_palace,2026-08-27,4183,3,0,0,,30.1,rainy,8
kempty_falls,2026-08-27,2547,3,0,0,,32.3,extreme_heat,8
robbers_cave,2026-08-27,2160,3,0,0,,33.1,sunny,8
taj_mahal,2026-08-28,7252,4,0,0,,32.2,extreme_heat,8
jaipur_city_palace,2026-08-28,8923,4,0,0,,28.8,sunny,8
goa_baga_beach,2026-08-28,6585,4,0,0,,26.4,rainy,8
kerala_backwaters,2026-08-28,2912,4,0,0,,28.5,rainy,8
varanasi_ghats,2026-08-28,5532,4,0,0,,28.6,rainy,8
hampi_ruins,2026-08-28,2871,4,0,0,,33.6,rainy,8
manali,2026-08-28,6212,4,0,0,,21.7,sunny,8
mysore_palace,2026-08-28,8230,4,0,0,,32.9,cloudy,8
kempty_falls,2026-08-28,2245,4,0,0,,32.7,rainy,8
robbers_cave,2026-08-28,1455,4,0,0,,31.8,rainy,8
taj_mahal,2026-08-29,15522,5,1,0,,30.7,sunny,8
jaipur_city_palace,2026-08-29,9529,5,1,0,,28.7,extreme_heat,8
goa_baga_beach,2026-08-29,10844,5,1,0,,31.0,rainy,8
kerala_backwaters,2026-08-29,4841,5,1,0,,29.6,rainy,8
varanasi_ghats,2026-08-29,9521,5,1,0,,26.9,extreme_heat,8
hampi_ruins,2026-08-29,3731,5,1,0,,31.3,rainy,8
manali,2026-08-29,7093,5,1,0,,22.1,extreme_heat,8
mysore_palace,2026-08-29,10598,5,1,0,,28.8,cloudy,8
kempty_falls,2026-08-29,3337,5,1,0,,32.4,rainy,8
robbers_cave,2026-08-29,2159,5,1,0,,32.1,rainy,8
taj_mahal,2026-08-30,21256,6,1,0,,28.5,cloudy,8
jaipur_city_palace,2026-08-30,9005,6,1,0,,32.9,extreme_heat,8
goa_baga_beach,2026-08-30,10298,6,1,0,,30.5,rainy,8
kerala_backwaters,2026-08-30,4960,6,1,0,,30.2,rainy,8
varanasi_ghats,2026-08-30,14451,6,1,0,,32.3,cloudy,8
hampi_ruins,2026-08-30,6188,6,1,0,,30.6,cloudy,8
manali,2026-08-30,9674,6,1,0,,23.9,cloudy,8
mysore_palace,2026-08-30,7881,6,1,0,,33.7,rainy,8
kempty_falls,2026-08-30,3144,6,1,0,,32.7,rainy,8
robbers_cave,2026-08-30,2472,6,1,0,,31.0,rainy,8
taj_mahal,2026-08-31,12337,0,0,0,,29.5,sunny,8
jaipur_city_palace,2026-08-31,4586,0,0,0,,33.5,rainy,8
goa_baga_beach,2026-08-31,10242,0,0,0,,30.8,cloudy,8
kerala_backwaters,2026-08-31,3404,0,0,0,,32.7,rainy,8
varanasi_ghats,2026-08-31,5654,0,0,0,,29.7,rainy,8
hampi_ruins,2026-08-31,3496,0,0,0,,31.1,cloudy,8
manali,2026-08-31,4368,0,0,0,,21.1,rainy,8
mysore_palace,2026-08-31,4527,0,0,0,,28.7,rainy,8
kempty_falls,2026-08-31,2212,0,0,0,,34.0,rainy,8
robbers_cave,2026-08-31,1298,0,0,0,,34.1,extreme_heat,8
taj_mahal,2026-09-01,9567,1,0,0,,31.3,rainy,9
jaipur_city_palace,2026-09-01,7119,1,0,0,,30.2,cloudy,9
goa_baga_beach,2026-09-01,6209,1,0,0,,28.5,rainy,9
kerala_backwaters,2026-09-01,3520,1,0,0,,32.0,rainy,9
varanasi_ghats,2026-09-01,5799,1,0,0,,32.6,rainy,9
hampi_ruins,2026-09-01,2521,1,0,0,,30.5,rainy,9
manali,2026-09-01,4464,1,0,0,,14.4,rainy,9
mysore_palace,2026-09-01,4926,1,0,0,,31.6,rainy,9
kempty_falls,2026-09-01,2292,1,0,0,,29.4,rainy,9
robbers_cave,2026-09-01,1186,1,0,0,,28.8,rainy,9
taj_mahal,2026-09-02,12670,2,0,0,,29.7,sunny,9
jaipur_city_palace,2026-09-02,5046,2,0,0,,33.6,rainy,9
goa_baga_beach,2026-09-02,9753,2,0,0,,28.2,cloudy,9
kerala_backwaters,2026-09-02,5250,2,0,0,,32.1,sunny,9
varanasi_ghats,2026-09-02,6289,2,0,0,,28.3,rainy,9
hampi_ruins,2026-09-02,2621,2,0,0,,27.4,rainy,9
manali,2026-09-02,4146,2,0,0,,16.1,rainy,9
mysore_palace,2026-09-02,5905,2,0,0,,30.1,extreme_heat,9
kempty_falls,2026-09-02,2233,2,0,0,,32.7,rainy,9
robbers_cave,2026-09-02,1299,2,0,0,,33.2,rainy,9
taj_mahal,2026-09-03,7866,3,0,0,,31.8,rainy,9
jaipur_city_palace,2026-09-03,7509,3,0,0,,32.7,cloudy,9
goa_baga_beach,2026-09-03,7701,3,0,0,,27.2,extreme_heat,9
kerala_backwaters,2026-09-03,5066,3,0,0,,31.4,cloudy,9
varanasi_ghats,2026-09-03,6291,3,0,0,,34.1,rainy,9
hampi_ruins,2026-09-03,2602,3,0,0,,29.5,rainy,9
manali,2026-09-03,4810,3,0,0,,15.0,extreme_heat,9
mysore_palace,2026-09-03,5450,3,0,0,,31.5,extreme_heat,9
kempty_falls,2026-09-03,2139,3,0,0,,32.3,rainy,9
robbers_cave,2026-09-03,1453,3,0,0,,34.0,rainy,9
taj_mahal,2026-09-04,7204,4,0,0,,31.5,rainy,9
jaipur_city_palace,2026-09-04,6307,4,0,0,,31.9,extreme_heat,9
goa_baga_beach,2026-09-04,10596,4,0,0,,26.3,sunny,9
kerala_backwaters,2026-09-04,5564,4,0,0,,34.4,cloudy,9
varanasi_ghats,2026-09-04,10971,4,0,0,,31.8,sunny,9
hampi_ruins,2026-09-04,4409,4,0,0,,35.4,sunny,9
manali,2026-09-04,6729,4,0,0,,19.7,sunny,9
mysore_palace,2026-09-04,4802,4,0,0,,35.0,rainy,9
kempty_falls,2026-09-04,3400,4,0,0,,35.0,cloudy,9
robbers_cave,2026-09-04,2018,4,0,0,,32.7,cloudy,9
taj_mahal,2026-09-05,11419,5,1,0,,34.6,rainy,9
jaipur_city_palace,2026-09-05,7814,5,1,0,,32.7,rainy,9
goa_baga_beach,2026-09-05,13459,5,1,0,,25.4,cloudy,9
kerala_backwaters,2026-09-05,5698,5,1,0,,31.1,rainy,9
varanasi_ghats,2026-09-05,8381,5,1,0,,31.4,rainy,9
hampi_ruins,2026-09-05,6146,5,1,0,,31.3,cloudy,9
manali,2026-09-05,7104,5,1,0,,20.3,rainy,9
mysore_palace,2026-09-05,6463,5,1,0,,28.6,rainy,9
kempty_falls,2026-09-05,3524,5,1,0,,32.9,rainy,9
robbers_cave,2026-09-05,2088,5,1,0,,28.7,rainy,9
